
Collecting usage statistics. To deactivate, set browser.gatherUsageStats to false.


  You can now view your Streamlit app in your browser.

  Local URL: http://localhost:8501
  Network URL: http://192.168.0.2:8501
  External URL: http://35.224.132.190:8501

2026-02-01 00:06:04,021 INFO [root:2153] Logging initialized; writing to /home/jules/Kiroshi Documentation/logs/app.log
2026-02-01 00:06:04,022 INFO [root:2157] Kiroshi app started
2026-02-01 00:06:04,022 DEBUG [root:2158] Application version: 1.8 Release Candidate 1
2026-02-01 00:06:04,023 DEBUG [root:2159] Python executable: /home/jules/.pyenv/versions/3.12.12/bin/python3.12
2026-02-01 00:06:04,024 DEBUG [watchdog.observers.inotify_buffer:52] in-event <InotifyEvent: src_path=b'/app/streamlit.log', wd=1, mask=IN_MODIFY, cookie=0, name='streamlit.log'>
2026-02-01 00:06:04,024 DEBUG [root:2160] Python version: 3.12.12 (main, Jan 18 2026, 06:09:15) [GCC 13.3.0]
2026-02-01 00:06:04,025 DEBUG [watchdog.observers.inotify_buffer:52] in-event <InotifyEvent: src_path=b'/app/streamlit.log', wd=1, mask=IN_MODIFY, cookie=0, name='streamlit.log'>
2026-02-01 00:06:04,025 DEBUG [root:2161] Platform: linux
2026-02-01 00:06:04,026 DEBUG [watchdog.observers.inotify_buffer:52] in-event <InotifyEvent: src_path=b'/app/streamlit.log', wd=1, mask=IN_MODIFY, cookie=0, name='streamlit.log'>
2026-02-01 00:06:04,030 DEBUG [watchdog.observers.inotify_buffer:52] in-event <InotifyEvent: src_path=b'/app/streamlit.log', wd=1, mask=IN_MODIFY, cookie=0, name='streamlit.log'>
2026-02-01 00:06:04,031 DEBUG [watchdog.observers.inotify_buffer:52] in-event <InotifyEvent: src_path=b'/app/streamlit.log', wd=1, mask=IN_MODIFY, cookie=0, name='streamlit.log'>
2026-02-01 00:06:04,042 DEBUG [watchdog.observers.inotify_buffer:52] in-event <InotifyEvent: src_path=b'/app/streamlit.log', wd=1, mask=IN_MODIFY, cookie=0, name='streamlit.log'>
2026-02-01 00:06:04,042 DEBUG [watchdog.observers.inotify_buffer:52] in-event <InotifyEvent: src_path=b'/app/streamlit.log', wd=1, mask=IN_MODIFY, cookie=0, name='streamlit.log'>
2026-02-01 00:06:04,044 DEBUG [watchdog.observers.inotify_buffer:52] in-event <InotifyEvent: src_path=b'/app/streamlit.log', wd=1, mask=IN_MODIFY, cookie=0, name='streamlit.log'>
2026-02-01 00:06:04,050 DEBUG [watchdog.observers.inotify_buffer:52] in-event <InotifyEvent: src_path=b'/app/streamlit.log', wd=1, mask=IN_MODIFY, cookie=0, name='streamlit.log'>
2026-02-01 00:06:04,050 DEBUG [watchdog.observers.inotify_buffer:52] in-event <InotifyEvent: src_path=b'/app/streamlit.log', wd=1, mask=IN_MODIFY, cookie=0, name='streamlit.log'>
2026-02-01 00:06:04,051 DEBUG [watchdog.observers.inotify_buffer:52] in-event <InotifyEvent: src_path=b'/app/streamlit.log', wd=1, mask=IN_MODIFY, cookie=0, name='streamlit.log'>
2026-02-01 00:06:04,067 DEBUG [watchdog.observers.inotify_buffer:52] in-event <InotifyEvent: src_path=b'/app/streamlit.log', wd=1, mask=IN_MODIFY, cookie=0, name='streamlit.log'>
2026-02-01 00:06:04,068 DEBUG [watchdog.observers.inotify_buffer:52] in-event <InotifyEvent: src_path=b'/app/streamlit.log', wd=1, mask=IN_MODIFY, cookie=0, name='streamlit.log'>
2026-02-01 00:06:04,069 DEBUG [watchdog.observers.inotify_buffer:52] in-event <InotifyEvent: src_path=b'/app/streamlit.log', wd=1, mask=IN_MODIFY, cookie=0, name='streamlit.log'>
2026-02-01 00:06:04,069 DEBUG [watchdog.observers.inotify_buffer:52] in-event <InotifyEvent: src_path=b'/app/streamlit.log', wd=1, mask=IN_MODIFY, cookie=0, name='streamlit.log'>
2026-02-01 00:06:04,070 DEBUG [watchdog.observers.inotify_buffer:52] in-event <InotifyEvent: src_path=b'/app/streamlit.log', wd=1, mask=IN_MODIFY, cookie=0, name='streamlit.log'>
2026-02-01 00:06:04,070 DEBUG [watchdog.observers.inotify_buffer:52] in-event <InotifyEvent: src_path=b'/app/streamlit.log', wd=1, mask=IN_MODIFY, cookie=0, name='streamlit.log'>
2026-02-01 00:06:04,070 DEBUG [watchdog.observers.inotify_buffer:52] in-event <InotifyEvent: src_path=b'/app/streamlit.log', wd=1, mask=IN_MODIFY, cookie=0, name='streamlit.log'>
2026-02-01 00:06:04,071 DEBUG [watchdog.observers.inotify_buffer:52] in-event <InotifyEvent: src_path=b'/app/streamlit.log', wd=1, mask=IN_MODIFY, cookie=0, name='streamlit.log'>
2026-02-01 00:06:04,077 DEBUG [watchdog.observers.inotify_buffer:52] in-event <InotifyEvent: src_path=b'/app/streamlit.log', wd=1, mask=IN_MODIFY, cookie=0, name='streamlit.log'>
2026-02-01 00:06:04,077 DEBUG [watchdog.observers.inotify_buffer:52] in-event <InotifyEvent: src_path=b'/app/streamlit.log', wd=1, mask=IN_MODIFY, cookie=0, name='streamlit.log'>
2026-02-01 00:06:04,084 DEBUG [watchdog.observers.inotify_buffer:52] in-event <InotifyEvent: src_path=b'/app/streamlit.log', wd=1, mask=IN_MODIFY, cookie=0, name='streamlit.log'>
2026-02-01 00:06:04,084 DEBUG [watchdog.observers.inotify_buffer:52] in-event <InotifyEvent: src_path=b'/app/streamlit.log', wd=1, mask=IN_MODIFY, cookie=0, name='streamlit.log'>
2026-02-01 00:06:04,171 DEBUG [watchdog.observers.inotify_buffer:52] in-event <InotifyEvent: src_path=b'/app/streamlit.log', wd=1, mask=IN_MODIFY, cookie=0, name='streamlit.log'>
2026-02-01 00:06:04,172 DEBUG [watchdog.observers.inotify_buffer:52] in-event <InotifyEvent: src_path=b'/app/streamlit.log', wd=1, mask=IN_MODIFY, cookie=0, name='streamlit.log'>
2026-02-01 00:06:04,172 DEBUG [watchdog.observers.inotify_buffer:52] in-event <InotifyEvent: src_path=b'/app/streamlit.log', wd=1, mask=IN_MODIFY, cookie=0, name='streamlit.log'>
2026-02-01 00:06:04,173 DEBUG [watchdog.observers.inotify_buffer:52] in-event <InotifyEvent: src_path=b'/app/streamlit.log', wd=1, mask=IN_MODIFY, cookie=0, name='streamlit.log'>
2026-02-01 00:06:04,179 DEBUG [watchdog.observers.inotify_buffer:52] in-event <InotifyEvent: src_path=b'/app/streamlit.log', wd=1, mask=IN_MODIFY, cookie=0, name='streamlit.log'>
2026-02-01 00:06:04,185 DEBUG [watchdog.observers.inotify_buffer:52] in-event <InotifyEvent: src_path=b'/app/streamlit.log', wd=1, mask=IN_MODIFY, cookie=0, name='streamlit.log'>
2026-02-01 00:06:04,186 DEBUG [watchdog.observers.inotify_buffer:52] in-event <InotifyEvent: src_path=b'/app/streamlit.log', wd=1, mask=IN_MODIFY, cookie=0, name='streamlit.log'>
2026-02-01 00:06:04,192 DEBUG [watchdog.observers.inotify_buffer:52] in-event <InotifyEvent: src_path=b'/app/streamlit.log', wd=1, mask=IN_MODIFY, cookie=0, name='streamlit.log'>
2026-02-01 00:06:04,192 DEBUG [watchdog.observers.inotify_buffer:52] in-event <InotifyEvent: src_path=b'/app/streamlit.log', wd=1, mask=IN_MODIFY, cookie=0, name='streamlit.log'>
2026-02-01 00:06:04,193 DEBUG [watchdog.observers.inotify_buffer:52] in-event <InotifyEvent: src_path=b'/app/streamlit.log', wd=1, mask=IN_MODIFY, cookie=0, name='streamlit.log'>
2026-02-01 00:06:04,194 DEBUG [watchdog.observers.inotify_buffer:52] in-event <InotifyEvent: src_path=b'/app/streamlit.log', wd=1, mask=IN_MODIFY, cookie=0, name='streamlit.log'>
2026-02-01 00:06:04,194 DEBUG [watchdog.observers.inotify_buffer:52] in-event <InotifyEvent: src_path=b'/app/streamlit.log', wd=1, mask=IN_MODIFY, cookie=0, name='streamlit.log'>
2026-02-01 00:06:04,195 DEBUG [watchdog.observers.inotify_buffer:52] in-event <InotifyEvent: src_path=b'/app/streamlit.log', wd=1, mask=IN_MODIFY, cookie=0, name='streamlit.log'>
2026-02-01 00:06:04,195 DEBUG [watchdog.observers.inotify_buffer:52] in-event <InotifyEvent: src_path=b'/app/streamlit.log', wd=1, mask=IN_MODIFY, cookie=0, name='streamlit.log'>
2026-02-01 00:06:04,201 DEBUG [watchdog.observers.inotify_buffer:52] in-event <InotifyEvent: src_path=b'/app/streamlit.log', wd=1, mask=IN_MODIFY, cookie=0, name='streamlit.log'>
2026-02-01 00:06:04,202 DEBUG [watchdog.observers.inotify_buffer:52] in-event <InotifyEvent: src_path=b'/app/streamlit.log', wd=1, mask=IN_MODIFY, cookie=0, name='streamlit.log'>
2026-02-01 00:06:04,203 DEBUG [watchdog.observers.inotify_buffer:52] in-event <InotifyEvent: src_path=b'/app/streamlit.log', wd=1, mask=IN_MODIFY, cookie=0, name='streamlit.log'>
2026-02-01 00:06:04,203 DEBUG [watchdog.observers.inotify_buffer:52] in-event <InotifyEvent: src_path=b'/app/streamlit.log', wd=1, mask=IN_MODIFY, cookie=0, name='streamlit.log'>
2026-02-01 00:06:04,203 DEBUG [watchdog.observers.inotify_buffer:52] in-event <InotifyEvent: src_path=b'/app/streamlit.log', wd=1, mask=IN_MODIFY, cookie=0, name='streamlit.log'>
2026-02-01 00:06:04,209 DEBUG [watchdog.observers.inotify_buffer:52] in-event <InotifyEvent: src_path=b'/app/streamlit.log', wd=1, mask=IN_MODIFY, cookie=0, name='streamlit.log'>
2026-02-01 00:06:04,210 DEBUG [watchdog.observers.inotify_buffer:52] in-event <InotifyEvent: src_path=b'/app/streamlit.log', wd=1, mask=IN_MODIFY, cookie=0, name='streamlit.log'>
2026-02-01 00:06:04,210 DEBUG [watchdog.observers.inotify_buffer:52] in-event <InotifyEvent: src_path=b'/app/streamlit.log', wd=1, mask=IN_MODIFY, cookie=0, name='streamlit.log'>
2026-02-01 00:06:04,216 DEBUG [watchdog.observers.inotify_buffer:52] in-event <InotifyEvent: src_path=b'/app/streamlit.log', wd=1, mask=IN_MODIFY, cookie=0, name='streamlit.log'>
2026-02-01 00:06:04,217 DEBUG [watchdog.observers.inotify_buffer:52] in-event <InotifyEvent: src_path=b'/app/streamlit.log', wd=1, mask=IN_MODIFY, cookie=0, name='streamlit.log'>
2026-02-01 00:06:04,234 DEBUG [watchdog.observers.inotify_buffer:52] in-event <InotifyEvent: src_path=b'/app/streamlit.log', wd=1, mask=IN_MODIFY, cookie=0, name='streamlit.log'>
2026-02-01 00:06:04,240 DEBUG [watchdog.observers.inotify_buffer:52] in-event <InotifyEvent: src_path=b'/app/streamlit.log', wd=1, mask=IN_MODIFY, cookie=0, name='streamlit.log'>
2026-02-01 00:06:04,241 DEBUG [watchdog.observers.inotify_buffer:52] in-event <InotifyEvent: src_path=b'/app/streamlit.log', wd=1, mask=IN_MODIFY, cookie=0, name='streamlit.log'>
2026-02-01 00:06:04,241 DEBUG [watchdog.observers.inotify_buffer:52] in-event <InotifyEvent: src_path=b'/app/streamlit.log', wd=1, mask=IN_MODIFY, cookie=0, name='streamlit.log'>
2026-02-01 00:06:04,242 DEBUG [watchdog.observers.inotify_buffer:52] in-event <InotifyEvent: src_path=b'/app/streamlit.log', wd=1, mask=IN_MODIFY, cookie=0, name='streamlit.log'>
2026-02-01 00:06:04,253 DEBUG [watchdog.observers.inotify_buffer:52] in-event <InotifyEvent: src_path=b'/app/streamlit.log', wd=1, mask=IN_MODIFY, cookie=0, name='streamlit.log'>
2026-02-01 00:06:04,261 DEBUG [watchdog.observers.inotify_buffer:52] in-event <InotifyEvent: src_path=b'/app/streamlit.log', wd=1, mask=IN_MODIFY, cookie=0, name='streamlit.log'>
2026-02-01 00:06:04,273 DEBUG [watchdog.observers.inotify_buffer:52] in-event <InotifyEvent: src_path=b'/app/streamlit.log', wd=1, mask=IN_MODIFY, cookie=0, name='streamlit.log'>
2026-02-01 00:06:04,274 DEBUG [watchdog.observers.inotify_buffer:52] in-event <InotifyEvent: src_path=b'/app/streamlit.log', wd=1, mask=IN_MODIFY, cookie=0, name='streamlit.log'>
2026-02-01 00:06:04,275 DEBUG [watchdog.observers.inotify_buffer:52] in-event <InotifyEvent: src_path=b'/app/streamlit.log', wd=1, mask=IN_MODIFY, cookie=0, name='streamlit.log'>
2026-02-01 00:06:04,291 DEBUG [watchdog.observers.inotify_buffer:52] in-event <InotifyEvent: src_path=b'/app/streamlit.log', wd=1, mask=IN_MODIFY, cookie=0, name='streamlit.log'>
2026-02-01 00:06:04,292 DEBUG [watchdog.observers.inotify_buffer:52] in-event <InotifyEvent: src_path=b'/app/Kiroshi_Logo.png', wd=1, mask=IN_OPEN, cookie=0, name='Kiroshi_Logo.png'>
2026-02-01 00:06:04,292 DEBUG [watchdog.observers.inotify_buffer:52] in-event <InotifyEvent: src_path=b'/app/streamlit.log', wd=1, mask=IN_MODIFY, cookie=0, name='streamlit.log'>
2026-02-01 00:06:04,293 DEBUG [watchdog.observers.inotify_buffer:52] in-event <InotifyEvent: src_path=b'/app/streamlit.log', wd=1, mask=IN_MODIFY, cookie=0, name='streamlit.log'>
2026-02-01 00:06:04,293 DEBUG [watchdog.observers.inotify_buffer:52] in-event <InotifyEvent: src_path=b'/app/streamlit.log', wd=1, mask=IN_MODIFY, cookie=0, name='streamlit.log'>
2026-02-01 00:06:04,293 DEBUG [watchdog.observers.inotify_buffer:52] in-event <InotifyEvent: src_path=b'/app/streamlit.log', wd=1, mask=IN_MODIFY, cookie=0, name='streamlit.log'>
2026-02-01 00:06:04,294 DEBUG [watchdog.observers.inotify_buffer:52] in-event <InotifyEvent: src_path=b'/app/streamlit.log', wd=1, mask=IN_MODIFY, cookie=0, name='streamlit.log'>
2026-02-01 00:06:04,294 DEBUG [watchdog.observers.inotify_buffer:52] in-event <InotifyEvent: src_path=b'/app/streamlit.log', wd=1, mask=IN_MODIFY, cookie=0, name='streamlit.log'>
2026-02-01 00:06:04,295 DEBUG [watchdog.observers.inotify_buffer:52] in-event <InotifyEvent: src_path=b'/app/streamlit.log', wd=1, mask=IN_MODIFY, cookie=0, name='streamlit.log'>
2026-02-01 00:06:04,296 DEBUG [watchdog.observers.inotify_buffer:52] in-event <InotifyEvent: src_path=b'/app/streamlit.log', wd=1, mask=IN_MODIFY, cookie=0, name='streamlit.log'>
2026-02-01 00:06:04,296 DEBUG [watchdog.observers.inotify_buffer:52] in-event <InotifyEvent: src_path=b'/app/streamlit.log', wd=1, mask=IN_MODIFY, cookie=0, name='streamlit.log'>
2026-02-01 00:06:04,296 DEBUG [watchdog.observers.inotify_buffer:52] in-event <InotifyEvent: src_path=b'/app/streamlit.log', wd=1, mask=IN_MODIFY, cookie=0, name='streamlit.log'>
2026-02-01 00:06:04,297 DEBUG [watchdog.observers.inotify_buffer:52] in-event <InotifyEvent: src_path=b'/app/streamlit.log', wd=1, mask=IN_MODIFY, cookie=0, name='streamlit.log'>
2026-02-01 00:06:04,297 DEBUG [watchdog.observers.inotify_buffer:52] in-event <InotifyEvent: src_path=b'/app/streamlit.log', wd=1, mask=IN_MODIFY, cookie=0, name='streamlit.log'>
2026-02-01 00:06:04,298 DEBUG [watchdog.observers.inotify_buffer:52] in-event <InotifyEvent: src_path=b'/app/streamlit.log', wd=1, mask=IN_MODIFY, cookie=0, name='streamlit.log'>
2026-02-01 00:06:04,298 DEBUG [watchdog.observers.inotify_buffer:52] in-event <InotifyEvent: src_path=b'/app/streamlit.log', wd=1, mask=IN_MODIFY, cookie=0, name='streamlit.log'>
2026-02-01 00:06:04,298 DEBUG [watchdog.observers.inotify_buffer:52] in-event <InotifyEvent: src_path=b'/app/streamlit.log', wd=1, mask=IN_MODIFY, cookie=0, name='streamlit.log'>
2026-02-01 00:06:04,299 DEBUG [watchdog.observers.inotify_buffer:52] in-event <InotifyEvent: src_path=b'/app/streamlit.log', wd=1, mask=IN_MODIFY, cookie=0, name='streamlit.log'>
2026-02-01 00:06:04,299 DEBUG [watchdog.observers.inotify_buffer:52] in-event <InotifyEvent: src_path=b'/app/streamlit.log', wd=1, mask=IN_MODIFY, cookie=0, name='streamlit.log'>
2026-02-01 00:06:04,300 DEBUG [watchdog.observers.inotify_buffer:52] in-event <InotifyEvent: src_path=b'/app/streamlit.log', wd=1, mask=IN_MODIFY, cookie=0, name='streamlit.log'>
2026-02-01 00:06:04,300 DEBUG [watchdog.observers.inotify_buffer:52] in-event <InotifyEvent: src_path=b'/app/streamlit.log', wd=1, mask=IN_MODIFY, cookie=0, name='streamlit.log'>
2026-02-01 00:06:04,300 DEBUG [watchdog.observers.inotify_buffer:52] in-event <InotifyEvent: src_path=b'/app/streamlit.log', wd=1, mask=IN_MODIFY, cookie=0, name='streamlit.log'>
2026-02-01 00:06:04,301 DEBUG [watchdog.observers.inotify_buffer:52] in-event <InotifyEvent: src_path=b'/app/streamlit.log', wd=1, mask=IN_MODIFY, cookie=0, name='streamlit.log'>
2026-02-01 00:06:04,301 DEBUG [watchdog.observers.inotify_buffer:52] in-event <InotifyEvent: src_path=b'/app/streamlit.log', wd=1, mask=IN_MODIFY, cookie=0, name='streamlit.log'>
2026-02-01 00:06:04,301 DEBUG [watchdog.observers.inotify_buffer:52] in-event <InotifyEvent: src_path=b'/app/streamlit.log', wd=1, mask=IN_MODIFY, cookie=0, name='streamlit.log'>
2026-02-01 00:06:04,302 DEBUG [watchdog.observers.inotify_buffer:52] in-event <InotifyEvent: src_path=b'/app/streamlit.log', wd=1, mask=IN_MODIFY, cookie=0, name='streamlit.log'>
2026-02-01 00:06:04,302 DEBUG [watchdog.observers.inotify_buffer:52] in-event <InotifyEvent: src_path=b'/app/streamlit.log', wd=1, mask=IN_MODIFY, cookie=0, name='streamlit.log'>
2026-02-01 00:06:04,303 DEBUG [watchdog.observers.inotify_buffer:52] in-event <InotifyEvent: src_path=b'/app/streamlit.log', wd=1, mask=IN_MODIFY, cookie=0, name='streamlit.log'>
2026-02-01 00:06:04,303 DEBUG [watchdog.observers.inotify_buffer:52] in-event <InotifyEvent: src_path=b'/app/streamlit.log', wd=1, mask=IN_MODIFY, cookie=0, name='streamlit.log'>
2026-02-01 00:06:04,303 DEBUG [watchdog.observers.inotify_buffer:52] in-event <InotifyEvent: src_path=b'/app/streamlit.log', wd=1, mask=IN_MODIFY, cookie=0, name='streamlit.log'>
2026-02-01 00:06:04,304 DEBUG [watchdog.observers.inotify_buffer:52] in-event <InotifyEvent: src_path=b'/app/streamlit.log', wd=1, mask=IN_MODIFY, cookie=0, name='streamlit.log'>
2026-02-01 00:06:04,304 DEBUG [watchdog.observers.inotify_buffer:52] in-event <InotifyEvent: src_path=b'/app/streamlit.log', wd=1, mask=IN_MODIFY, cookie=0, name='streamlit.log'>
2026-02-01 00:06:04,305 DEBUG [watchdog.observers.inotify_buffer:52] in-event <InotifyEvent: src_path=b'/app/streamlit.log', wd=1, mask=IN_MODIFY, cookie=0, name='streamlit.log'>
2026-02-01 00:06:04,305 DEBUG [watchdog.observers.inotify_buffer:52] in-event <InotifyEvent: src_path=b'/app/streamlit.log', wd=1, mask=IN_MODIFY, cookie=0, name='streamlit.log'>
2026-02-01 00:06:04,305 DEBUG [watchdog.observers.inotify_buffer:52] in-event <InotifyEvent: src_path=b'/app/streamlit.log', wd=1, mask=IN_MODIFY, cookie=0, name='streamlit.log'>
2026-02-01 00:06:04,306 DEBUG [watchdog.observers.inotify_buffer:52] in-event <InotifyEvent: src_path=b'/app/streamlit.log', wd=1, mask=IN_MODIFY, cookie=0, name='streamlit.log'>
2026-02-01 00:06:04,306 DEBUG [watchdog.observers.inotify_buffer:52] in-event <InotifyEvent: src_path=b'/app/streamlit.log', wd=1, mask=IN_MODIFY, cookie=0, name='streamlit.log'>
2026-02-01 00:06:04,307 DEBUG [watchdog.observers.inotify_buffer:52] in-event <InotifyEvent: src_path=b'/app/streamlit.log', wd=1, mask=IN_MODIFY, cookie=0, name='streamlit.log'>
2026-02-01 00:06:04,307 DEBUG [watchdog.observers.inotify_buffer:52] in-event <InotifyEvent: src_path=b'/app/streamlit.log', wd=1, mask=IN_MODIFY, cookie=0, name='streamlit.log'>
2026-02-01 00:06:04,307 DEBUG [watchdog.observers.inotify_buffer:52] in-event <InotifyEvent: src_path=b'/app/streamlit.log', wd=1, mask=IN_MODIFY, cookie=0, name='streamlit.log'>
2026-02-01 00:06:04,308 DEBUG [watchdog.observers.inotify_buffer:52] in-event <InotifyEvent: src_path=b'/app/streamlit.log', wd=1, mask=IN_MODIFY, cookie=0, name='streamlit.log'>
2026-02-01 00:06:04,308 DEBUG [watchdog.observers.inotify_buffer:52] in-event <InotifyEvent: src_path=b'/app/streamlit.log', wd=1, mask=IN_MODIFY, cookie=0, name='streamlit.log'>
2026-02-01 00:06:04,308 DEBUG [watchdog.observers.inotify_buffer:52] in-event <InotifyEvent: src_path=b'/app/streamlit.log', wd=1, mask=IN_MODIFY, cookie=0, name='streamlit.log'>
2026-02-01 00:06:04,309 DEBUG [watchdog.observers.inotify_buffer:52] in-event <InotifyEvent: src_path=b'/app/streamlit.log', wd=1, mask=IN_MODIFY, cookie=0, name='streamlit.log'>
2026-02-01 00:06:04,309 DEBUG [watchdog.observers.inotify_buffer:52] in-event <InotifyEvent: src_path=b'/app/streamlit.log', wd=1, mask=IN_MODIFY, cookie=0, name='streamlit.log'>
2026-02-01 00:06:04,310 DEBUG [watchdog.observers.inotify_buffer:52] in-event <InotifyEvent: src_path=b'/app/streamlit.log', wd=1, mask=IN_MODIFY, cookie=0, name='streamlit.log'>
2026-02-01 00:06:04,310 DEBUG [watchdog.observers.inotify_buffer:52] in-event <InotifyEvent: src_path=b'/app/streamlit.log', wd=1, mask=IN_MODIFY, cookie=0, name='streamlit.log'>
2026-02-01 00:06:04,311 DEBUG [watchdog.observers.inotify_buffer:52] in-event <InotifyEvent: src_path=b'/app/streamlit.log', wd=1, mask=IN_MODIFY, cookie=0, name='streamlit.log'>
2026-02-01 00:06:04,313 DEBUG [watchdog.observers.inotify_buffer:52] in-event <InotifyEvent: src_path=b'/app/Kiroshi_Logo.png', wd=1, mask=IN_CLOSE_NOWRITE, cookie=0, name='Kiroshi_Logo.png'>
2026-02-01 00:06:04,313 DEBUG [watchdog.observers.inotify_buffer:52] in-event <InotifyEvent: src_path=b'/app/streamlit.log', wd=1, mask=IN_MODIFY, cookie=0, name='streamlit.log'>
2026-02-01 00:06:04,314 DEBUG [watchdog.observers.inotify_buffer:52] in-event <InotifyEvent: src_path=b'/app/streamlit.log', wd=1, mask=IN_MODIFY, cookie=0, name='streamlit.log'>
2026-02-01 00:06:04,321 DEBUG [watchdog.observers.inotify_buffer:52] in-event <InotifyEvent: src_path=b'/app/streamlit.log', wd=1, mask=IN_MODIFY, cookie=0, name='streamlit.log'>
2026-02-01 00:06:04,322 DEBUG [watchdog.observers.inotify_buffer:52] in-event <InotifyEvent: src_path=b'/app/streamlit.log', wd=1, mask=IN_MODIFY, cookie=0, name='streamlit.log'>
2026-02-01 00:06:04,323 DEBUG [watchdog.observers.inotify_buffer:52] in-event <InotifyEvent: src_path=b'/app/streamlit.log', wd=1, mask=IN_MODIFY, cookie=0, name='streamlit.log'>
2026-02-01 00:06:04,323 DEBUG [watchdog.observers.inotify_buffer:52] in-event <InotifyEvent: src_path=b'/app/streamlit.log', wd=1, mask=IN_MODIFY, cookie=0, name='streamlit.log'>
2026-02-01 00:06:04,324 DEBUG [watchdog.observers.inotify_buffer:52] in-event <InotifyEvent: src_path=b'/app/streamlit.log', wd=1, mask=IN_MODIFY, cookie=0, name='streamlit.log'>
2026-02-01 00:06:04,324 DEBUG [watchdog.observers.inotify_buffer:52] in-event <InotifyEvent: src_path=b'/app/streamlit.log', wd=1, mask=IN_MODIFY, cookie=0, name='streamlit.log'>
2026-02-01 00:06:04,325 DEBUG [watchdog.observers.inotify_buffer:52] in-event <InotifyEvent: src_path=b'/app/streamlit.log', wd=1, mask=IN_MODIFY, cookie=0, name='streamlit.log'>
2026-02-01 00:06:04,331 DEBUG [watchdog.observers.inotify_buffer:52] in-event <InotifyEvent: src_path=b'/app/streamlit.log', wd=1, mask=IN_MODIFY, cookie=0, name='streamlit.log'>
2026-02-01 00:06:04,332 DEBUG [watchdog.observers.inotify_buffer:52] in-event <InotifyEvent: src_path=b'/app/streamlit.log', wd=1, mask=IN_MODIFY, cookie=0, name='streamlit.log'>
2026-02-01 00:06:04,332 DEBUG [watchdog.observers.inotify_buffer:52] in-event <InotifyEvent: src_path=b'/app/streamlit.log', wd=1, mask=IN_MODIFY, cookie=0, name='streamlit.log'>
2026-02-01 00:06:04,333 DEBUG [watchdog.observers.inotify_buffer:52] in-event <InotifyEvent: src_path=b'/app/streamlit.log', wd=1, mask=IN_MODIFY, cookie=0, name='streamlit.log'>
2026-02-01 00:06:04,336 DEBUG [watchdog.observers.inotify_buffer:52] in-event <InotifyEvent: src_path=b'/app/streamlit.log', wd=1, mask=IN_MODIFY, cookie=0, name='streamlit.log'>
2026-02-01 00:06:04,338 DEBUG [watchdog.observers.inotify_buffer:52] in-event <InotifyEvent: src_path=b'/app/streamlit.log', wd=1, mask=IN_MODIFY, cookie=0, name='streamlit.log'>
2026-02-01 00:06:04,340 DEBUG [watchdog.observers.inotify_buffer:52] in-event <InotifyEvent: src_path=b'/app/streamlit.log', wd=1, mask=IN_MODIFY, cookie=0, name='streamlit.log'>
2026-02-01 00:06:04,342 DEBUG [watchdog.observers.inotify_buffer:52] in-event <InotifyEvent: src_path=b'/app/streamlit.log', wd=1, mask=IN_MODIFY, cookie=0, name='streamlit.log'>
2026-02-01 00:06:04,343 DEBUG [watchdog.observers.inotify_buffer:52] in-event <InotifyEvent: src_path=b'/app/streamlit.log', wd=1, mask=IN_MODIFY, cookie=0, name='streamlit.log'>
2026-02-01 00:06:04,343 DEBUG [watchdog.observers.inotify_buffer:52] in-event <InotifyEvent: src_path=b'/app/streamlit.log', wd=1, mask=IN_MODIFY, cookie=0, name='streamlit.log'>
2026-02-01 00:06:04,347 DEBUG [PIL.PngImagePlugin:201] STREAM b'IHDR' 16 13
2026-02-01 00:06:04,347 DEBUG [watchdog.observers.inotify_buffer:52] in-event <InotifyEvent: src_path=b'/app/streamlit.log', wd=1, mask=IN_MODIFY, cookie=0, name='streamlit.log'>
2026-02-01 00:06:04,348 DEBUG [PIL.PngImagePlugin:201] STREAM b'caBX' 41 54780
2026-02-01 00:06:04,348 DEBUG [PIL.PngImagePlugin:781] b'caBX' 41 54780 (unknown)
2026-02-01 00:06:04,349 DEBUG [watchdog.observers.inotify_buffer:52] in-event <InotifyEvent: src_path=b'/app/streamlit.log', wd=1, mask=IN_MODIFY, cookie=0, name='streamlit.log'>
2026-02-01 00:06:04,349 DEBUG [PIL.PngImagePlugin:201] STREAM b'IDAT' 54833 65536
2026-02-01 00:06:04,350 DEBUG [watchdog.observers.inotify_buffer:52] in-event <InotifyEvent: src_path=b'/app/streamlit.log', wd=1, mask=IN_MODIFY, cookie=0, name='streamlit.log'>
2026-02-01 00:06:04,350 DEBUG [PIL.PngImagePlugin:201] STREAM b'IHDR' 16 13
2026-02-01 00:06:04,351 DEBUG [watchdog.observers.inotify_buffer:52] in-event <InotifyEvent: src_path=b'/app/streamlit.log', wd=1, mask=IN_MODIFY, cookie=0, name='streamlit.log'>
2026-02-01 00:06:04,352 DEBUG [PIL.PngImagePlugin:201] STREAM b'caBX' 41 54780
2026-02-01 00:06:04,352 DEBUG [PIL.PngImagePlugin:781] b'caBX' 41 54780 (unknown)
2026-02-01 00:06:04,353 DEBUG [PIL.PngImagePlugin:201] STREAM b'IDAT' 54833 65536
2026-02-01 00:06:04,353 DEBUG [watchdog.observers.inotify_buffer:52] in-event <InotifyEvent: src_path=b'/app/streamlit.log', wd=1, mask=IN_MODIFY, cookie=0, name='streamlit.log'>
2026-02-01 00:06:04,354 DEBUG [watchdog.observers.inotify_buffer:52] in-event <InotifyEvent: src_path=b'/app/streamlit.log', wd=1, mask=IN_MODIFY, cookie=0, name='streamlit.log'>
2026-02-01 00:06:04,354 DEBUG [watchdog.observers.inotify_buffer:52] in-event <InotifyEvent: src_path=b'/app/streamlit.log', wd=1, mask=IN_MODIFY, cookie=0, name='streamlit.log'>
2026-02-01 00:06:04,355 DEBUG [watchdog.observers.inotify_buffer:52] in-event <InotifyEvent: src_path=b'/app/streamlit.log', wd=1, mask=IN_MODIFY, cookie=0, name='streamlit.log'>
2026-02-01 00:06:04,356 DEBUG [watchdog.observers.inotify_buffer:52] in-event <InotifyEvent: src_path=b'/app/streamlit.log', wd=1, mask=IN_MODIFY, cookie=0, name='streamlit.log'>
2026-02-01 00:06:04,357 DEBUG [watchdog.observers.inotify_buffer:52] in-event <InotifyEvent: src_path=b'/app/streamlit.log', wd=1, mask=IN_MODIFY, cookie=0, name='streamlit.log'>
2026-02-01 00:06:04,357 DEBUG [watchdog.observers.inotify_buffer:52] in-event <InotifyEvent: src_path=b'/app/streamlit.log', wd=1, mask=IN_MODIFY, cookie=0, name='streamlit.log'>
2026-02-01 00:06:04,358 DEBUG [watchdog.observers.inotify_buffer:52] in-event <InotifyEvent: src_path=b'/app/streamlit.log', wd=1, mask=IN_MODIFY, cookie=0, name='streamlit.log'>
2026-02-01 00:06:04,360 DEBUG [watchdog.observers.inotify_buffer:52] in-event <InotifyEvent: src_path=b'/app/streamlit.log', wd=1, mask=IN_MODIFY, cookie=0, name='streamlit.log'>
2026-02-01 00:06:04,360 DEBUG [watchdog.observers.inotify_buffer:52] in-event <InotifyEvent: src_path=b'/app/streamlit.log', wd=1, mask=IN_MODIFY, cookie=0, name='streamlit.log'>
2026-02-01 00:06:04,361 DEBUG [watchdog.observers.inotify_buffer:52] in-event <InotifyEvent: src_path=b'/app/streamlit.log', wd=1, mask=IN_MODIFY, cookie=0, name='streamlit.log'>
2026-02-01 00:06:04,361 DEBUG [watchdog.observers.inotify_buffer:52] in-event <InotifyEvent: src_path=b'/app/streamlit.log', wd=1, mask=IN_MODIFY, cookie=0, name='streamlit.log'>
2026-02-01 00:06:04,362 DEBUG [watchdog.observers.inotify_buffer:52] in-event <InotifyEvent: src_path=b'/app/streamlit.log', wd=1, mask=IN_MODIFY, cookie=0, name='streamlit.log'>
2026-02-01 00:06:04,362 DEBUG [watchdog.observers.inotify_buffer:52] in-event <InotifyEvent: src_path=b'/app/streamlit.log', wd=1, mask=IN_MODIFY, cookie=0, name='streamlit.log'>
2026-02-01 00:06:04,366 DEBUG [watchdog.observers.inotify_buffer:52] in-event <InotifyEvent: src_path=b'/app/streamlit.log', wd=1, mask=IN_MODIFY, cookie=0, name='streamlit.log'>
2026-02-01 00:06:04,366 DEBUG [watchdog.observers.inotify_buffer:52] in-event <InotifyEvent: src_path=b'/app/streamlit.log', wd=1, mask=IN_MODIFY, cookie=0, name='streamlit.log'>
2026-02-01 00:06:04,367 DEBUG [watchdog.observers.inotify_buffer:52] in-event <InotifyEvent: src_path=b'/app/streamlit.log', wd=1, mask=IN_MODIFY, cookie=0, name='streamlit.log'>
2026-02-01 00:06:04,368 DEBUG [watchdog.observers.inotify_buffer:52] in-event <InotifyEvent: src_path=b'/app/streamlit.log', wd=1, mask=IN_MODIFY, cookie=0, name='streamlit.log'>
2026-02-01 00:06:04,368 DEBUG [watchdog.observers.inotify_buffer:52] in-event <InotifyEvent: src_path=b'/app/streamlit.log', wd=1, mask=IN_MODIFY, cookie=0, name='streamlit.log'>
2026-02-01 00:06:04,369 DEBUG [watchdog.observers.inotify_buffer:52] in-event <InotifyEvent: src_path=b'/app/streamlit.log', wd=1, mask=IN_MODIFY, cookie=0, name='streamlit.log'>
2026-02-01 00:06:04,370 DEBUG [watchdog.observers.inotify_buffer:52] in-event <InotifyEvent: src_path=b'/app/streamlit.log', wd=1, mask=IN_MODIFY, cookie=0, name='streamlit.log'>
2026-02-01 00:06:04,370 DEBUG [watchdog.observers.inotify_buffer:52] in-event <InotifyEvent: src_path=b'/app/streamlit.log', wd=1, mask=IN_MODIFY, cookie=0, name='streamlit.log'>
2026-02-01 00:06:04,371 DEBUG [watchdog.observers.inotify_buffer:52] in-event <InotifyEvent: src_path=b'/app/streamlit.log', wd=1, mask=IN_MODIFY, cookie=0, name='streamlit.log'>
2026-02-01 00:06:04,371 DEBUG [watchdog.observers.inotify_buffer:52] in-event <InotifyEvent: src_path=b'/app/streamlit.log', wd=1, mask=IN_MODIFY, cookie=0, name='streamlit.log'>
2026-02-01 00:06:04,371 DEBUG [watchdog.observers.inotify_buffer:52] in-event <InotifyEvent: src_path=b'/app/streamlit.log', wd=1, mask=IN_MODIFY, cookie=0, name='streamlit.log'>
2026-02-01 00:06:04,372 DEBUG [watchdog.observers.inotify_buffer:52] in-event <InotifyEvent: src_path=b'/app/streamlit.log', wd=1, mask=IN_MODIFY, cookie=0, name='streamlit.log'>
2026-02-01 00:06:04,372 DEBUG [watchdog.observers.inotify_buffer:52] in-event <InotifyEvent: src_path=b'/app/streamlit.log', wd=1, mask=IN_MODIFY, cookie=0, name='streamlit.log'>
2026-02-01 00:06:04,372 DEBUG [watchdog.observers.inotify_buffer:52] in-event <InotifyEvent: src_path=b'/app/streamlit.log', wd=1, mask=IN_MODIFY, cookie=0, name='streamlit.log'>
2026-02-01 00:06:04,373 DEBUG [watchdog.observers.inotify_buffer:52] in-event <InotifyEvent: src_path=b'/app/streamlit.log', wd=1, mask=IN_MODIFY, cookie=0, name='streamlit.log'>
2026-02-01 00:06:04,373 DEBUG [watchdog.observers.inotify_buffer:52] in-event <InotifyEvent: src_path=b'/app/streamlit.log', wd=1, mask=IN_MODIFY, cookie=0, name='streamlit.log'>
2026-02-01 00:06:04,374 DEBUG [watchdog.observers.inotify_buffer:52] in-event <InotifyEvent: src_path=b'/app/streamlit.log', wd=1, mask=IN_MODIFY, cookie=0, name='streamlit.log'>
2026-02-01 00:06:04,375 DEBUG [watchdog.observers.inotify_buffer:52] in-event <InotifyEvent: src_path=b'/app/streamlit.log', wd=1, mask=IN_MODIFY, cookie=0, name='streamlit.log'>
2026-02-01 00:06:04,375 DEBUG [watchdog.observers.inotify_buffer:52] in-event <InotifyEvent: src_path=b'/app/streamlit.log', wd=1, mask=IN_MODIFY, cookie=0, name='streamlit.log'>
2026-02-01 00:06:04,375 DEBUG [watchdog.observers.inotify_buffer:52] in-event <InotifyEvent: src_path=b'/app/streamlit.log', wd=1, mask=IN_MODIFY, cookie=0, name='streamlit.log'>
2026-02-01 00:06:04,376 DEBUG [watchdog.observers.inotify_buffer:52] in-event <InotifyEvent: src_path=b'/app/streamlit.log', wd=1, mask=IN_MODIFY, cookie=0, name='streamlit.log'>
2026-02-01 00:06:04,376 DEBUG [watchdog.observers.inotify_buffer:52] in-event <InotifyEvent: src_path=b'/app/streamlit.log', wd=1, mask=IN_MODIFY, cookie=0, name='streamlit.log'>
2026-02-01 00:06:04,377 DEBUG [watchdog.observers.inotify_buffer:52] in-event <InotifyEvent: src_path=b'/app/streamlit.log', wd=1, mask=IN_MODIFY, cookie=0, name='streamlit.log'>
2026-02-01 00:06:04,377 DEBUG [watchdog.observers.inotify_buffer:52] in-event <InotifyEvent: src_path=b'/app/streamlit.log', wd=1, mask=IN_MODIFY, cookie=0, name='streamlit.log'>
2026-02-01 00:06:04,378 DEBUG [watchdog.observers.inotify_buffer:52] in-event <InotifyEvent: src_path=b'/app/streamlit.log', wd=1, mask=IN_MODIFY, cookie=0, name='streamlit.log'>
2026-02-01 00:06:04,378 DEBUG [watchdog.observers.inotify_buffer:52] in-event <InotifyEvent: src_path=b'/app/streamlit.log', wd=1, mask=IN_MODIFY, cookie=0, name='streamlit.log'>
2026-02-01 00:06:04,379 DEBUG [watchdog.observers.inotify_buffer:52] in-event <InotifyEvent: src_path=b'/app/streamlit.log', wd=1, mask=IN_MODIFY, cookie=0, name='streamlit.log'>
2026-02-01 00:06:04,379 DEBUG [watchdog.observers.inotify_buffer:52] in-event <InotifyEvent: src_path=b'/app/streamlit.log', wd=1, mask=IN_MODIFY, cookie=0, name='streamlit.log'>
2026-02-01 00:06:04,379 DEBUG [watchdog.observers.inotify_buffer:52] in-event <InotifyEvent: src_path=b'/app/streamlit.log', wd=1, mask=IN_MODIFY, cookie=0, name='streamlit.log'>
2026-02-01 00:06:04,380 DEBUG [watchdog.observers.inotify_buffer:52] in-event <InotifyEvent: src_path=b'/app/streamlit.log', wd=1, mask=IN_MODIFY, cookie=0, name='streamlit.log'>
2026-02-01 00:06:04,380 DEBUG [watchdog.observers.inotify_buffer:52] in-event <InotifyEvent: src_path=b'/app/streamlit.log', wd=1, mask=IN_MODIFY, cookie=0, name='streamlit.log'>
2026-02-01 00:06:04,380 DEBUG [watchdog.observers.inotify_buffer:52] in-event <InotifyEvent: src_path=b'/app/streamlit.log', wd=1, mask=IN_MODIFY, cookie=0, name='streamlit.log'>
2026-02-01 00:06:04,381 DEBUG [watchdog.observers.inotify_buffer:52] in-event <InotifyEvent: src_path=b'/app/streamlit.log', wd=1, mask=IN_MODIFY, cookie=0, name='streamlit.log'>
2026-02-01 00:06:04,381 DEBUG [watchdog.observers.inotify_buffer:52] in-event <InotifyEvent: src_path=b'/app/streamlit.log', wd=1, mask=IN_MODIFY, cookie=0, name='streamlit.log'>
2026-02-01 00:06:04,382 DEBUG [watchdog.observers.inotify_buffer:52] in-event <InotifyEvent: src_path=b'/app/streamlit.log', wd=1, mask=IN_MODIFY, cookie=0, name='streamlit.log'>
2026-02-01 00:06:04,383 DEBUG [watchdog.observers.inotify_buffer:52] in-event <InotifyEvent: src_path=b'/app/streamlit.log', wd=1, mask=IN_MODIFY, cookie=0, name='streamlit.log'>
2026-02-01 00:06:04,383 DEBUG [watchdog.observers.inotify_buffer:52] in-event <InotifyEvent: src_path=b'/app/streamlit.log', wd=1, mask=IN_MODIFY, cookie=0, name='streamlit.log'>
2026-02-01 00:06:04,383 DEBUG [watchdog.observers.inotify_buffer:52] in-event <InotifyEvent: src_path=b'/app/streamlit.log', wd=1, mask=IN_MODIFY, cookie=0, name='streamlit.log'>
2026-02-01 00:06:04,385 DEBUG [watchdog.observers.inotify_buffer:52] in-event <InotifyEvent: src_path=b'/app/streamlit.log', wd=1, mask=IN_MODIFY, cookie=0, name='streamlit.log'>
2026-02-01 00:06:04,385 DEBUG [watchdog.observers.inotify_buffer:52] in-event <InotifyEvent: src_path=b'/app/streamlit.log', wd=1, mask=IN_MODIFY, cookie=0, name='streamlit.log'>
2026-02-01 00:06:04,386 DEBUG [watchdog.observers.inotify_buffer:52] in-event <InotifyEvent: src_path=b'/app/streamlit.log', wd=1, mask=IN_MODIFY, cookie=0, name='streamlit.log'>
2026-02-01 00:06:04,386 DEBUG [watchdog.observers.inotify_buffer:52] in-event <InotifyEvent: src_path=b'/app/streamlit.log', wd=1, mask=IN_MODIFY, cookie=0, name='streamlit.log'>
2026-02-01 00:06:04,387 DEBUG [watchdog.observers.inotify_buffer:52] in-event <InotifyEvent: src_path=b'/app/streamlit.log', wd=1, mask=IN_MODIFY, cookie=0, name='streamlit.log'>
2026-02-01 00:06:04,387 DEBUG [watchdog.observers.inotify_buffer:52] in-event <InotifyEvent: src_path=b'/app/streamlit.log', wd=1, mask=IN_MODIFY, cookie=0, name='streamlit.log'>
2026-02-01 00:06:04,387 DEBUG [watchdog.observers.inotify_buffer:52] in-event <InotifyEvent: src_path=b'/app/streamlit.log', wd=1, mask=IN_MODIFY, cookie=0, name='streamlit.log'>
2026-02-01 00:06:04,388 DEBUG [watchdog.observers.inotify_buffer:52] in-event <InotifyEvent: src_path=b'/app/streamlit.log', wd=1, mask=IN_MODIFY, cookie=0, name='streamlit.log'>
2026-02-01 00:06:04,388 DEBUG [watchdog.observers.inotify_buffer:52] in-event <InotifyEvent: src_path=b'/app/streamlit.log', wd=1, mask=IN_MODIFY, cookie=0, name='streamlit.log'>
2026-02-01 00:06:04,389 DEBUG [watchdog.observers.inotify_buffer:52] in-event <InotifyEvent: src_path=b'/app/streamlit.log', wd=1, mask=IN_MODIFY, cookie=0, name='streamlit.log'>
2026-02-01 00:06:04,389 DEBUG [watchdog.observers.inotify_buffer:52] in-event <InotifyEvent: src_path=b'/app/streamlit.log', wd=1, mask=IN_MODIFY, cookie=0, name='streamlit.log'>
2026-02-01 00:06:04,389 DEBUG [watchdog.observers.inotify_buffer:52] in-event <InotifyEvent: src_path=b'/app/streamlit.log', wd=1, mask=IN_MODIFY, cookie=0, name='streamlit.log'>
2026-02-01 00:06:04,390 DEBUG [watchdog.observers.inotify_buffer:52] in-event <InotifyEvent: src_path=b'/app/streamlit.log', wd=1, mask=IN_MODIFY, cookie=0, name='streamlit.log'>
2026-02-01 00:06:04,391 DEBUG [watchdog.observers.inotify_buffer:52] in-event <InotifyEvent: src_path=b'/app/streamlit.log', wd=1, mask=IN_MODIFY, cookie=0, name='streamlit.log'>
2026-02-01 00:06:04,391 DEBUG [watchdog.observers.inotify_buffer:52] in-event <InotifyEvent: src_path=b'/app/streamlit.log', wd=1, mask=IN_MODIFY, cookie=0, name='streamlit.log'>
2026-02-01 00:06:04,392 DEBUG [watchdog.observers.inotify_buffer:52] in-event <InotifyEvent: src_path=b'/app/streamlit.log', wd=1, mask=IN_MODIFY, cookie=0, name='streamlit.log'>
2026-02-01 00:06:04,392 DEBUG [watchdog.observers.inotify_buffer:52] in-event <InotifyEvent: src_path=b'/app/streamlit.log', wd=1, mask=IN_MODIFY, cookie=0, name='streamlit.log'>
2026-02-01 00:06:04,393 DEBUG [watchdog.observers.inotify_buffer:52] in-event <InotifyEvent: src_path=b'/app/streamlit.log', wd=1, mask=IN_MODIFY, cookie=0, name='streamlit.log'>
2026-02-01 00:06:04,393 DEBUG [watchdog.observers.inotify_buffer:52] in-event <InotifyEvent: src_path=b'/app/streamlit.log', wd=1, mask=IN_MODIFY, cookie=0, name='streamlit.log'>
2026-02-01 00:06:04,393 DEBUG [watchdog.observers.inotify_buffer:52] in-event <InotifyEvent: src_path=b'/app/streamlit.log', wd=1, mask=IN_MODIFY, cookie=0, name='streamlit.log'>
2026-02-01 00:06:04,393 DEBUG [watchdog.observers.inotify_buffer:52] in-event <InotifyEvent: src_path=b'/app/streamlit.log', wd=1, mask=IN_MODIFY, cookie=0, name='streamlit.log'>
2026-02-01 00:06:04,394 DEBUG [watchdog.observers.inotify_buffer:52] in-event <InotifyEvent: src_path=b'/app/streamlit.log', wd=1, mask=IN_MODIFY, cookie=0, name='streamlit.log'>
2026-02-01 00:06:04,394 DEBUG [watchdog.observers.inotify_buffer:52] in-event <InotifyEvent: src_path=b'/app/streamlit.log', wd=1, mask=IN_MODIFY, cookie=0, name='streamlit.log'>
2026-02-01 00:06:04,395 DEBUG [watchdog.observers.inotify_buffer:52] in-event <InotifyEvent: src_path=b'/app/streamlit.log', wd=1, mask=IN_MODIFY, cookie=0, name='streamlit.log'>
2026-02-01 00:06:04,395 DEBUG [watchdog.observers.inotify_buffer:52] in-event <InotifyEvent: src_path=b'/app/streamlit.log', wd=1, mask=IN_MODIFY, cookie=0, name='streamlit.log'>
2026-02-01 00:06:04,395 DEBUG [watchdog.observers.inotify_buffer:52] in-event <InotifyEvent: src_path=b'/app/streamlit.log', wd=1, mask=IN_MODIFY, cookie=0, name='streamlit.log'>
2026-02-01 00:06:04,396 DEBUG [watchdog.observers.inotify_buffer:52] in-event <InotifyEvent: src_path=b'/app/streamlit.log', wd=1, mask=IN_MODIFY, cookie=0, name='streamlit.log'>
2026-02-01 00:06:04,397 DEBUG [watchdog.observers.inotify_buffer:52] in-event <InotifyEvent: src_path=b'/app/streamlit.log', wd=1, mask=IN_MODIFY, cookie=0, name='streamlit.log'>
2026-02-01 00:06:04,397 DEBUG [watchdog.observers.inotify_buffer:52] in-event <InotifyEvent: src_path=b'/app/streamlit.log', wd=1, mask=IN_MODIFY, cookie=0, name='streamlit.log'>
2026-02-01 00:06:04,398 DEBUG [watchdog.observers.inotify_buffer:52] in-event <InotifyEvent: src_path=b'/app/streamlit.log', wd=1, mask=IN_MODIFY, cookie=0, name='streamlit.log'>
2026-02-01 00:06:04,398 DEBUG [watchdog.observers.inotify_buffer:52] in-event <InotifyEvent: src_path=b'/app/streamlit.log', wd=1, mask=IN_MODIFY, cookie=0, name='streamlit.log'>
2026-02-01 00:06:04,399 DEBUG [watchdog.observers.inotify_buffer:52] in-event <InotifyEvent: src_path=b'/app/streamlit.log', wd=1, mask=IN_MODIFY, cookie=0, name='streamlit.log'>
2026-02-01 00:06:04,399 DEBUG [watchdog.observers.inotify_buffer:52] in-event <InotifyEvent: src_path=b'/app/streamlit.log', wd=1, mask=IN_MODIFY, cookie=0, name='streamlit.log'>
2026-02-01 00:06:04,400 DEBUG [watchdog.observers.inotify_buffer:52] in-event <InotifyEvent: src_path=b'/app/streamlit.log', wd=1, mask=IN_MODIFY, cookie=0, name='streamlit.log'>
2026-02-01 00:06:04,401 DEBUG [watchdog.observers.inotify_buffer:52] in-event <InotifyEvent: src_path=b'/app/streamlit.log', wd=1, mask=IN_MODIFY, cookie=0, name='streamlit.log'>
2026-02-01 00:06:04,402 DEBUG [watchdog.observers.inotify_buffer:52] in-event <InotifyEvent: src_path=b'/app/streamlit.log', wd=1, mask=IN_MODIFY, cookie=0, name='streamlit.log'>
2026-02-01 00:06:04,403 DEBUG [watchdog.observers.inotify_buffer:52] in-event <InotifyEvent: src_path=b'/app/streamlit.log', wd=1, mask=IN_MODIFY, cookie=0, name='streamlit.log'>
2026-02-01 00:06:04,404 DEBUG [watchdog.observers.inotify_buffer:52] in-event <InotifyEvent: src_path=b'/app/streamlit.log', wd=1, mask=IN_MODIFY, cookie=0, name='streamlit.log'>
2026-02-01 00:06:04,404 DEBUG [watchdog.observers.inotify_buffer:52] in-event <InotifyEvent: src_path=b'/app/streamlit.log', wd=1, mask=IN_MODIFY, cookie=0, name='streamlit.log'>
2026-02-01 00:06:04,405 DEBUG [watchdog.observers.inotify_buffer:52] in-event <InotifyEvent: src_path=b'/app/streamlit.log', wd=1, mask=IN_MODIFY, cookie=0, name='streamlit.log'>
2026-02-01 00:06:04,405 DEBUG [watchdog.observers.inotify_buffer:52] in-event <InotifyEvent: src_path=b'/app/streamlit.log', wd=1, mask=IN_MODIFY, cookie=0, name='streamlit.log'>
2026-02-01 00:06:04,406 DEBUG [watchdog.observers.inotify_buffer:52] in-event <InotifyEvent: src_path=b'/app/streamlit.log', wd=1, mask=IN_MODIFY, cookie=0, name='streamlit.log'>
2026-02-01 00:06:04,407 DEBUG [watchdog.observers.inotify_buffer:52] in-event <InotifyEvent: src_path=b'/app/streamlit.log', wd=1, mask=IN_MODIFY, cookie=0, name='streamlit.log'>
2026-02-01 00:06:04,408 DEBUG [watchdog.observers.inotify_buffer:52] in-event <InotifyEvent: src_path=b'/app/streamlit.log', wd=1, mask=IN_MODIFY, cookie=0, name='streamlit.log'>
2026-02-01 00:06:04,409 DEBUG [watchdog.observers.inotify_buffer:52] in-event <InotifyEvent: src_path=b'/app/streamlit.log', wd=1, mask=IN_MODIFY, cookie=0, name='streamlit.log'>
2026-02-01 00:06:04,409 DEBUG [watchdog.observers.inotify_buffer:52] in-event <InotifyEvent: src_path=b'/app/streamlit.log', wd=1, mask=IN_MODIFY, cookie=0, name='streamlit.log'>
2026-02-01 00:06:04,410 DEBUG [watchdog.observers.inotify_buffer:52] in-event <InotifyEvent: src_path=b'/app/streamlit.log', wd=1, mask=IN_MODIFY, cookie=0, name='streamlit.log'>
2026-02-01 00:06:04,411 DEBUG [watchdog.observers.inotify_buffer:52] in-event <InotifyEvent: src_path=b'/app/streamlit.log', wd=1, mask=IN_MODIFY, cookie=0, name='streamlit.log'>
2026-02-01 00:06:04,412 DEBUG [watchdog.observers.inotify_buffer:52] in-event <InotifyEvent: src_path=b'/app/streamlit.log', wd=1, mask=IN_MODIFY, cookie=0, name='streamlit.log'>
2026-02-01 00:06:04,414 DEBUG [watchdog.observers.inotify_buffer:52] in-event <InotifyEvent: src_path=b'/app/streamlit.log', wd=1, mask=IN_MODIFY, cookie=0, name='streamlit.log'>
2026-02-01 00:06:04,414 DEBUG [watchdog.observers.inotify_buffer:52] in-event <InotifyEvent: src_path=b'/app/streamlit.log', wd=1, mask=IN_MODIFY, cookie=0, name='streamlit.log'>
2026-02-01 00:06:04,414 DEBUG [watchdog.observers.inotify_buffer:52] in-event <InotifyEvent: src_path=b'/app/streamlit.log', wd=1, mask=IN_MODIFY, cookie=0, name='streamlit.log'>
2026-02-01 00:06:04,415 DEBUG [watchdog.observers.inotify_buffer:52] in-event <InotifyEvent: src_path=b'/app/streamlit.log', wd=1, mask=IN_MODIFY, cookie=0, name='streamlit.log'>
2026-02-01 00:06:04,415 DEBUG [watchdog.observers.inotify_buffer:52] in-event <InotifyEvent: src_path=b'/app/streamlit.log', wd=1, mask=IN_MODIFY, cookie=0, name='streamlit.log'>
2026-02-01 00:06:04,416 DEBUG [watchdog.observers.inotify_buffer:52] in-event <InotifyEvent: src_path=b'/app/streamlit.log', wd=1, mask=IN_MODIFY, cookie=0, name='streamlit.log'>
2026-02-01 00:06:04,416 DEBUG [watchdog.observers.inotify_buffer:52] in-event <InotifyEvent: src_path=b'/app/streamlit.log', wd=1, mask=IN_MODIFY, cookie=0, name='streamlit.log'>
2026-02-01 00:06:04,416 DEBUG [watchdog.observers.inotify_buffer:52] in-event <InotifyEvent: src_path=b'/app/streamlit.log', wd=1, mask=IN_MODIFY, cookie=0, name='streamlit.log'>
2026-02-01 00:06:04,417 DEBUG [watchdog.observers.inotify_buffer:52] in-event <InotifyEvent: src_path=b'/app/streamlit.log', wd=1, mask=IN_MODIFY, cookie=0, name='streamlit.log'>
2026-02-01 00:06:04,418 DEBUG [watchdog.observers.inotify_buffer:52] in-event <InotifyEvent: src_path=b'/app/streamlit.log', wd=1, mask=IN_MODIFY, cookie=0, name='streamlit.log'>
2026-02-01 00:06:04,418 DEBUG [watchdog.observers.inotify_buffer:52] in-event <InotifyEvent: src_path=b'/app/streamlit.log', wd=1, mask=IN_MODIFY, cookie=0, name='streamlit.log'>
2026-02-01 00:06:04,419 DEBUG [watchdog.observers.inotify_buffer:52] in-event <InotifyEvent: src_path=b'/app/streamlit.log', wd=1, mask=IN_MODIFY, cookie=0, name='streamlit.log'>
2026-02-01 00:06:04,420 DEBUG [watchdog.observers.inotify_buffer:52] in-event <InotifyEvent: src_path=b'/app/streamlit.log', wd=1, mask=IN_MODIFY, cookie=0, name='streamlit.log'>
2026-02-01 00:06:04,420 DEBUG [watchdog.observers.inotify_buffer:52] in-event <InotifyEvent: src_path=b'/app/streamlit.log', wd=1, mask=IN_MODIFY, cookie=0, name='streamlit.log'>
2026-02-01 00:06:04,421 DEBUG [watchdog.observers.inotify_buffer:52] in-event <InotifyEvent: src_path=b'/app/streamlit.log', wd=1, mask=IN_MODIFY, cookie=0, name='streamlit.log'>
2026-02-01 00:06:04,423 DEBUG [watchdog.observers.inotify_buffer:52] in-event <InotifyEvent: src_path=b'/app/streamlit.log', wd=1, mask=IN_MODIFY, cookie=0, name='streamlit.log'>
2026-02-01 00:06:04,423 DEBUG [watchdog.observers.inotify_buffer:52] in-event <InotifyEvent: src_path=b'/app/streamlit.log', wd=1, mask=IN_MODIFY, cookie=0, name='streamlit.log'>
2026-02-01 00:06:04,424 DEBUG [watchdog.observers.inotify_buffer:52] in-event <InotifyEvent: src_path=b'/app/streamlit.log', wd=1, mask=IN_MODIFY, cookie=0, name='streamlit.log'>
2026-02-01 00:06:04,424 DEBUG [watchdog.observers.inotify_buffer:52] in-event <InotifyEvent: src_path=b'/app/streamlit.log', wd=1, mask=IN_MODIFY, cookie=0, name='streamlit.log'>
2026-02-01 00:06:04,425 DEBUG [watchdog.observers.inotify_buffer:52] in-event <InotifyEvent: src_path=b'/app/streamlit.log', wd=1, mask=IN_MODIFY, cookie=0, name='streamlit.log'>
2026-02-01 00:06:04,426 DEBUG [watchdog.observers.inotify_buffer:52] in-event <InotifyEvent: src_path=b'/app/streamlit.log', wd=1, mask=IN_MODIFY, cookie=0, name='streamlit.log'>
2026-02-01 00:06:04,426 DEBUG [watchdog.observers.inotify_buffer:52] in-event <InotifyEvent: src_path=b'/app/streamlit.log', wd=1, mask=IN_MODIFY, cookie=0, name='streamlit.log'>
2026-02-01 00:06:04,428 DEBUG [watchdog.observers.inotify_buffer:52] in-event <InotifyEvent: src_path=b'/app/streamlit.log', wd=1, mask=IN_MODIFY, cookie=0, name='streamlit.log'>
2026-02-01 00:06:04,429 DEBUG [watchdog.observers.inotify_buffer:52] in-event <InotifyEvent: src_path=b'/app/streamlit.log', wd=1, mask=IN_MODIFY, cookie=0, name='streamlit.log'>
2026-02-01 00:06:04,430 DEBUG [watchdog.observers.inotify_buffer:52] in-event <InotifyEvent: src_path=b'/app/streamlit.log', wd=1, mask=IN_MODIFY, cookie=0, name='streamlit.log'>
2026-02-01 00:06:04,430 DEBUG [watchdog.observers.inotify_buffer:52] in-event <InotifyEvent: src_path=b'/app/streamlit.log', wd=1, mask=IN_MODIFY, cookie=0, name='streamlit.log'>
2026-02-01 00:06:04,432 DEBUG [watchdog.observers.inotify_buffer:52] in-event <InotifyEvent: src_path=b'/app/streamlit.log', wd=1, mask=IN_MODIFY, cookie=0, name='streamlit.log'>
2026-02-01 00:06:04,433 DEBUG [watchdog.observers.inotify_buffer:52] in-event <InotifyEvent: src_path=b'/app/streamlit.log', wd=1, mask=IN_MODIFY, cookie=0, name='streamlit.log'>
2026-02-01 00:06:04,433 DEBUG [watchdog.observers.inotify_buffer:52] in-event <InotifyEvent: src_path=b'/app/streamlit.log', wd=1, mask=IN_MODIFY, cookie=0, name='streamlit.log'>
2026-02-01 00:06:04,434 DEBUG [watchdog.observers.inotify_buffer:52] in-event <InotifyEvent: src_path=b'/app/streamlit.log', wd=1, mask=IN_MODIFY, cookie=0, name='streamlit.log'>
2026-02-01 00:06:04,435 DEBUG [watchdog.observers.inotify_buffer:52] in-event <InotifyEvent: src_path=b'/app/streamlit.log', wd=1, mask=IN_MODIFY, cookie=0, name='streamlit.log'>
2026-02-01 00:06:04,436 DEBUG [watchdog.observers.inotify_buffer:52] in-event <InotifyEvent: src_path=b'/app/streamlit.log', wd=1, mask=IN_MODIFY, cookie=0, name='streamlit.log'>
2026-02-01 00:06:04,436 DEBUG [watchdog.observers.inotify_buffer:52] in-event <InotifyEvent: src_path=b'/app/streamlit.log', wd=1, mask=IN_MODIFY, cookie=0, name='streamlit.log'>
2026-02-01 00:06:04,438 DEBUG [watchdog.observers.inotify_buffer:52] in-event <InotifyEvent: src_path=b'/app/streamlit.log', wd=1, mask=IN_MODIFY, cookie=0, name='streamlit.log'>
2026-02-01 00:06:04,439 DEBUG [watchdog.observers.inotify_buffer:52] in-event <InotifyEvent: src_path=b'/app/streamlit.log', wd=1, mask=IN_MODIFY, cookie=0, name='streamlit.log'>
2026-02-01 00:06:04,440 DEBUG [watchdog.observers.inotify_buffer:52] in-event <InotifyEvent: src_path=b'/app/streamlit.log', wd=1, mask=IN_MODIFY, cookie=0, name='streamlit.log'>
2026-02-01 00:06:04,441 DEBUG [watchdog.observers.inotify_buffer:52] in-event <InotifyEvent: src_path=b'/app/streamlit.log', wd=1, mask=IN_MODIFY, cookie=0, name='streamlit.log'>
2026-02-01 00:06:04,442 DEBUG [watchdog.observers.inotify_buffer:52] in-event <InotifyEvent: src_path=b'/app/streamlit.log', wd=1, mask=IN_MODIFY, cookie=0, name='streamlit.log'>
2026-02-01 00:06:04,442 DEBUG [watchdog.observers.inotify_buffer:52] in-event <InotifyEvent: src_path=b'/app/streamlit.log', wd=1, mask=IN_MODIFY, cookie=0, name='streamlit.log'>
2026-02-01 00:06:04,443 DEBUG [watchdog.observers.inotify_buffer:52] in-event <InotifyEvent: src_path=b'/app/streamlit.log', wd=1, mask=IN_MODIFY, cookie=0, name='streamlit.log'>
2026-02-01 00:06:04,444 DEBUG [watchdog.observers.inotify_buffer:52] in-event <InotifyEvent: src_path=b'/app/streamlit.log', wd=1, mask=IN_MODIFY, cookie=0, name='streamlit.log'>
2026-02-01 00:06:04,444 DEBUG [watchdog.observers.inotify_buffer:52] in-event <InotifyEvent: src_path=b'/app/streamlit.log', wd=1, mask=IN_MODIFY, cookie=0, name='streamlit.log'>
2026-02-01 00:06:04,445 DEBUG [watchdog.observers.inotify_buffer:52] in-event <InotifyEvent: src_path=b'/app/streamlit.log', wd=1, mask=IN_MODIFY, cookie=0, name='streamlit.log'>
2026-02-01 00:06:04,446 DEBUG [watchdog.observers.inotify_buffer:52] in-event <InotifyEvent: src_path=b'/app/streamlit.log', wd=1, mask=IN_MODIFY, cookie=0, name='streamlit.log'>
2026-02-01 00:06:04,447 DEBUG [watchdog.observers.inotify_buffer:52] in-event <InotifyEvent: src_path=b'/app/streamlit.log', wd=1, mask=IN_MODIFY, cookie=0, name='streamlit.log'>
2026-02-01 00:06:04,447 DEBUG [watchdog.observers.inotify_buffer:52] in-event <InotifyEvent: src_path=b'/app/streamlit.log', wd=1, mask=IN_MODIFY, cookie=0, name='streamlit.log'>
2026-02-01 00:06:04,448 DEBUG [watchdog.observers.inotify_buffer:52] in-event <InotifyEvent: src_path=b'/app/streamlit.log', wd=1, mask=IN_MODIFY, cookie=0, name='streamlit.log'>
2026-02-01 00:06:04,449 DEBUG [watchdog.observers.inotify_buffer:52] in-event <InotifyEvent: src_path=b'/app/streamlit.log', wd=1, mask=IN_MODIFY, cookie=0, name='streamlit.log'>
2026-02-01 00:06:04,450 DEBUG [watchdog.observers.inotify_buffer:52] in-event <InotifyEvent: src_path=b'/app/streamlit.log', wd=1, mask=IN_MODIFY, cookie=0, name='streamlit.log'>
2026-02-01 00:06:04,451 DEBUG [watchdog.observers.inotify_buffer:52] in-event <InotifyEvent: src_path=b'/app/streamlit.log', wd=1, mask=IN_MODIFY, cookie=0, name='streamlit.log'>
2026-02-01 00:06:04,451 DEBUG [watchdog.observers.inotify_buffer:52] in-event <InotifyEvent: src_path=b'/app/streamlit.log', wd=1, mask=IN_MODIFY, cookie=0, name='streamlit.log'>
2026-02-01 00:06:04,452 DEBUG [watchdog.observers.inotify_buffer:52] in-event <InotifyEvent: src_path=b'/app/streamlit.log', wd=1, mask=IN_MODIFY, cookie=0, name='streamlit.log'>
2026-02-01 00:06:04,453 DEBUG [watchdog.observers.inotify_buffer:52] in-event <InotifyEvent: src_path=b'/app/streamlit.log', wd=1, mask=IN_MODIFY, cookie=0, name='streamlit.log'>
2026-02-01 00:06:04,453 DEBUG [watchdog.observers.inotify_buffer:52] in-event <InotifyEvent: src_path=b'/app/streamlit.log', wd=1, mask=IN_MODIFY, cookie=0, name='streamlit.log'>
2026-02-01 00:06:04,454 DEBUG [watchdog.observers.inotify_buffer:52] in-event <InotifyEvent: src_path=b'/app/streamlit.log', wd=1, mask=IN_MODIFY, cookie=0, name='streamlit.log'>
2026-02-01 00:06:04,455 DEBUG [watchdog.observers.inotify_buffer:52] in-event <InotifyEvent: src_path=b'/app/streamlit.log', wd=1, mask=IN_MODIFY, cookie=0, name='streamlit.log'>
2026-02-01 00:06:04,456 DEBUG [watchdog.observers.inotify_buffer:52] in-event <InotifyEvent: src_path=b'/app/streamlit.log', wd=1, mask=IN_MODIFY, cookie=0, name='streamlit.log'>
2026-02-01 00:06:04,457 DEBUG [watchdog.observers.inotify_buffer:52] in-event <InotifyEvent: src_path=b'/app/streamlit.log', wd=1, mask=IN_MODIFY, cookie=0, name='streamlit.log'>
2026-02-01 00:06:04,458 DEBUG [watchdog.observers.inotify_buffer:52] in-event <InotifyEvent: src_path=b'/app/streamlit.log', wd=1, mask=IN_MODIFY, cookie=0, name='streamlit.log'>
2026-02-01 00:06:04,458 DEBUG [watchdog.observers.inotify_buffer:52] in-event <InotifyEvent: src_path=b'/app/streamlit.log', wd=1, mask=IN_MODIFY, cookie=0, name='streamlit.log'>
2026-02-01 00:06:04,460 DEBUG [watchdog.observers.inotify_buffer:52] in-event <InotifyEvent: src_path=b'/app/streamlit.log', wd=1, mask=IN_MODIFY, cookie=0, name='streamlit.log'>
2026-02-01 00:06:04,461 DEBUG [watchdog.observers.inotify_buffer:52] in-event <InotifyEvent: src_path=b'/app/streamlit.log', wd=1, mask=IN_MODIFY, cookie=0, name='streamlit.log'>
2026-02-01 00:06:04,461 DEBUG [watchdog.observers.inotify_buffer:52] in-event <InotifyEvent: src_path=b'/app/streamlit.log', wd=1, mask=IN_MODIFY, cookie=0, name='streamlit.log'>
2026-02-01 00:06:04,462 DEBUG [watchdog.observers.inotify_buffer:52] in-event <InotifyEvent: src_path=b'/app/streamlit.log', wd=1, mask=IN_MODIFY, cookie=0, name='streamlit.log'>
2026-02-01 00:06:04,462 DEBUG [watchdog.observers.inotify_buffer:52] in-event <InotifyEvent: src_path=b'/app/streamlit.log', wd=1, mask=IN_MODIFY, cookie=0, name='streamlit.log'>
2026-02-01 00:06:04,463 DEBUG [watchdog.observers.inotify_buffer:52] in-event <InotifyEvent: src_path=b'/app/streamlit.log', wd=1, mask=IN_MODIFY, cookie=0, name='streamlit.log'>
2026-02-01 00:06:04,464 DEBUG [watchdog.observers.inotify_buffer:52] in-event <InotifyEvent: src_path=b'/app/streamlit.log', wd=1, mask=IN_MODIFY, cookie=0, name='streamlit.log'>
2026-02-01 00:06:04,464 DEBUG [watchdog.observers.inotify_buffer:52] in-event <InotifyEvent: src_path=b'/app/streamlit.log', wd=1, mask=IN_MODIFY, cookie=0, name='streamlit.log'>
2026-02-01 00:06:04,465 DEBUG [watchdog.observers.inotify_buffer:52] in-event <InotifyEvent: src_path=b'/app/streamlit.log', wd=1, mask=IN_MODIFY, cookie=0, name='streamlit.log'>
2026-02-01 00:06:04,466 DEBUG [watchdog.observers.inotify_buffer:52] in-event <InotifyEvent: src_path=b'/app/streamlit.log', wd=1, mask=IN_MODIFY, cookie=0, name='streamlit.log'>
2026-02-01 00:06:04,466 DEBUG [watchdog.observers.inotify_buffer:52] in-event <InotifyEvent: src_path=b'/app/streamlit.log', wd=1, mask=IN_MODIFY, cookie=0, name='streamlit.log'>
2026-02-01 00:06:04,467 DEBUG [watchdog.observers.inotify_buffer:52] in-event <InotifyEvent: src_path=b'/app/streamlit.log', wd=1, mask=IN_MODIFY, cookie=0, name='streamlit.log'>
2026-02-01 00:06:04,467 DEBUG [watchdog.observers.inotify_buffer:52] in-event <InotifyEvent: src_path=b'/app/streamlit.log', wd=1, mask=IN_MODIFY, cookie=0, name='streamlit.log'>
2026-02-01 00:06:04,467 DEBUG [watchdog.observers.inotify_buffer:52] in-event <InotifyEvent: src_path=b'/app/streamlit.log', wd=1, mask=IN_MODIFY, cookie=0, name='streamlit.log'>
2026-02-01 00:06:04,468 DEBUG [watchdog.observers.inotify_buffer:52] in-event <InotifyEvent: src_path=b'/app/streamlit.log', wd=1, mask=IN_MODIFY, cookie=0, name='streamlit.log'>
2026-02-01 00:06:04,468 DEBUG [watchdog.observers.inotify_buffer:52] in-event <InotifyEvent: src_path=b'/app/streamlit.log', wd=1, mask=IN_MODIFY, cookie=0, name='streamlit.log'>
2026-02-01 00:06:04,469 DEBUG [watchdog.observers.inotify_buffer:52] in-event <InotifyEvent: src_path=b'/app/streamlit.log', wd=1, mask=IN_MODIFY, cookie=0, name='streamlit.log'>
2026-02-01 00:06:04,470 DEBUG [watchdog.observers.inotify_buffer:52] in-event <InotifyEvent: src_path=b'/app/streamlit.log', wd=1, mask=IN_MODIFY, cookie=0, name='streamlit.log'>
2026-02-01 00:06:04,470 DEBUG [watchdog.observers.inotify_buffer:52] in-event <InotifyEvent: src_path=b'/app/streamlit.log', wd=1, mask=IN_MODIFY, cookie=0, name='streamlit.log'>
2026-02-01 00:06:04,471 DEBUG [watchdog.observers.inotify_buffer:52] in-event <InotifyEvent: src_path=b'/app/streamlit.log', wd=1, mask=IN_MODIFY, cookie=0, name='streamlit.log'>
2026-02-01 00:06:04,471 DEBUG [watchdog.observers.inotify_buffer:52] in-event <InotifyEvent: src_path=b'/app/streamlit.log', wd=1, mask=IN_MODIFY, cookie=0, name='streamlit.log'>
2026-02-01 00:06:04,471 DEBUG [watchdog.observers.inotify_buffer:52] in-event <InotifyEvent: src_path=b'/app/streamlit.log', wd=1, mask=IN_MODIFY, cookie=0, name='streamlit.log'>
2026-02-01 00:06:04,472 DEBUG [watchdog.observers.inotify_buffer:52] in-event <InotifyEvent: src_path=b'/app/streamlit.log', wd=1, mask=IN_MODIFY, cookie=0, name='streamlit.log'>
2026-02-01 00:06:04,473 DEBUG [watchdog.observers.inotify_buffer:52] in-event <InotifyEvent: src_path=b'/app/streamlit.log', wd=1, mask=IN_MODIFY, cookie=0, name='streamlit.log'>
2026-02-01 00:06:04,473 DEBUG [watchdog.observers.inotify_buffer:52] in-event <InotifyEvent: src_path=b'/app/streamlit.log', wd=1, mask=IN_MODIFY, cookie=0, name='streamlit.log'>
2026-02-01 00:06:04,474 DEBUG [watchdog.observers.inotify_buffer:52] in-event <InotifyEvent: src_path=b'/app/streamlit.log', wd=1, mask=IN_MODIFY, cookie=0, name='streamlit.log'>
2026-02-01 00:06:04,474 DEBUG [watchdog.observers.inotify_buffer:52] in-event <InotifyEvent: src_path=b'/app/streamlit.log', wd=1, mask=IN_MODIFY, cookie=0, name='streamlit.log'>
2026-02-01 00:06:04,474 DEBUG [watchdog.observers.inotify_buffer:52] in-event <InotifyEvent: src_path=b'/app/streamlit.log', wd=1, mask=IN_MODIFY, cookie=0, name='streamlit.log'>
2026-02-01 00:06:04,475 DEBUG [watchdog.observers.inotify_buffer:52] in-event <InotifyEvent: src_path=b'/app/streamlit.log', wd=1, mask=IN_MODIFY, cookie=0, name='streamlit.log'>
2026-02-01 00:06:04,475 DEBUG [watchdog.observers.inotify_buffer:52] in-event <InotifyEvent: src_path=b'/app/streamlit.log', wd=1, mask=IN_MODIFY, cookie=0, name='streamlit.log'>
2026-02-01 00:06:04,476 DEBUG [watchdog.observers.inotify_buffer:52] in-event <InotifyEvent: src_path=b'/app/streamlit.log', wd=1, mask=IN_MODIFY, cookie=0, name='streamlit.log'>
2026-02-01 00:06:04,476 DEBUG [watchdog.observers.inotify_buffer:52] in-event <InotifyEvent: src_path=b'/app/streamlit.log', wd=1, mask=IN_MODIFY, cookie=0, name='streamlit.log'>
2026-02-01 00:06:04,477 DEBUG [watchdog.observers.inotify_buffer:52] in-event <InotifyEvent: src_path=b'/app/streamlit.log', wd=1, mask=IN_MODIFY, cookie=0, name='streamlit.log'>
2026-02-01 00:06:04,477 DEBUG [watchdog.observers.inotify_buffer:52] in-event <InotifyEvent: src_path=b'/app/streamlit.log', wd=1, mask=IN_MODIFY, cookie=0, name='streamlit.log'>
2026-02-01 00:06:04,478 DEBUG [watchdog.observers.inotify_buffer:52] in-event <InotifyEvent: src_path=b'/app/streamlit.log', wd=1, mask=IN_MODIFY, cookie=0, name='streamlit.log'>
2026-02-01 00:06:04,478 DEBUG [watchdog.observers.inotify_buffer:52] in-event <InotifyEvent: src_path=b'/app/streamlit.log', wd=1, mask=IN_MODIFY, cookie=0, name='streamlit.log'>
2026-02-01 00:06:04,479 DEBUG [watchdog.observers.inotify_buffer:52] in-event <InotifyEvent: src_path=b'/app/streamlit.log', wd=1, mask=IN_MODIFY, cookie=0, name='streamlit.log'>
2026-02-01 00:06:04,479 DEBUG [watchdog.observers.inotify_buffer:52] in-event <InotifyEvent: src_path=b'/app/streamlit.log', wd=1, mask=IN_MODIFY, cookie=0, name='streamlit.log'>
2026-02-01 00:06:04,479 DEBUG [watchdog.observers.inotify_buffer:52] in-event <InotifyEvent: src_path=b'/app/streamlit.log', wd=1, mask=IN_MODIFY, cookie=0, name='streamlit.log'>
2026-02-01 00:06:04,480 DEBUG [watchdog.observers.inotify_buffer:52] in-event <InotifyEvent: src_path=b'/app/streamlit.log', wd=1, mask=IN_MODIFY, cookie=0, name='streamlit.log'>
2026-02-01 00:06:04,481 DEBUG [watchdog.observers.inotify_buffer:52] in-event <InotifyEvent: src_path=b'/app/streamlit.log', wd=1, mask=IN_MODIFY, cookie=0, name='streamlit.log'>
2026-02-01 00:06:04,481 DEBUG [watchdog.observers.inotify_buffer:52] in-event <InotifyEvent: src_path=b'/app/streamlit.log', wd=1, mask=IN_MODIFY, cookie=0, name='streamlit.log'>
2026-02-01 00:06:04,482 DEBUG [watchdog.observers.inotify_buffer:52] in-event <InotifyEvent: src_path=b'/app/streamlit.log', wd=1, mask=IN_MODIFY, cookie=0, name='streamlit.log'>
2026-02-01 00:06:04,482 DEBUG [watchdog.observers.inotify_buffer:52] in-event <InotifyEvent: src_path=b'/app/streamlit.log', wd=1, mask=IN_MODIFY, cookie=0, name='streamlit.log'>
2026-02-01 00:06:04,483 DEBUG [watchdog.observers.inotify_buffer:52] in-event <InotifyEvent: src_path=b'/app/streamlit.log', wd=1, mask=IN_MODIFY, cookie=0, name='streamlit.log'>
2026-02-01 00:06:04,484 DEBUG [watchdog.observers.inotify_buffer:52] in-event <InotifyEvent: src_path=b'/app/streamlit.log', wd=1, mask=IN_MODIFY, cookie=0, name='streamlit.log'>
2026-02-01 00:06:04,485 DEBUG [watchdog.observers.inotify_buffer:52] in-event <InotifyEvent: src_path=b'/app/streamlit.log', wd=1, mask=IN_MODIFY, cookie=0, name='streamlit.log'>
2026-02-01 00:06:04,485 DEBUG [watchdog.observers.inotify_buffer:52] in-event <InotifyEvent: src_path=b'/app/streamlit.log', wd=1, mask=IN_MODIFY, cookie=0, name='streamlit.log'>
2026-02-01 00:06:04,485 DEBUG [watchdog.observers.inotify_buffer:52] in-event <InotifyEvent: src_path=b'/app/streamlit.log', wd=1, mask=IN_MODIFY, cookie=0, name='streamlit.log'>
2026-02-01 00:06:04,486 DEBUG [watchdog.observers.inotify_buffer:52] in-event <InotifyEvent: src_path=b'/app/streamlit.log', wd=1, mask=IN_MODIFY, cookie=0, name='streamlit.log'>
2026-02-01 00:06:04,487 DEBUG [watchdog.observers.inotify_buffer:52] in-event <InotifyEvent: src_path=b'/app/streamlit.log', wd=1, mask=IN_MODIFY, cookie=0, name='streamlit.log'>
2026-02-01 00:06:04,487 DEBUG [watchdog.observers.inotify_buffer:52] in-event <InotifyEvent: src_path=b'/app/streamlit.log', wd=1, mask=IN_MODIFY, cookie=0, name='streamlit.log'>
2026-02-01 00:06:04,487 DEBUG [watchdog.observers.inotify_buffer:52] in-event <InotifyEvent: src_path=b'/app/streamlit.log', wd=1, mask=IN_MODIFY, cookie=0, name='streamlit.log'>
2026-02-01 00:06:04,488 DEBUG [watchdog.observers.inotify_buffer:52] in-event <InotifyEvent: src_path=b'/app/streamlit.log', wd=1, mask=IN_MODIFY, cookie=0, name='streamlit.log'>
2026-02-01 00:06:04,488 DEBUG [watchdog.observers.inotify_buffer:52] in-event <InotifyEvent: src_path=b'/app/streamlit.log', wd=1, mask=IN_MODIFY, cookie=0, name='streamlit.log'>
2026-02-01 00:06:04,489 DEBUG [watchdog.observers.inotify_buffer:52] in-event <InotifyEvent: src_path=b'/app/streamlit.log', wd=1, mask=IN_MODIFY, cookie=0, name='streamlit.log'>
2026-02-01 00:06:04,490 DEBUG [watchdog.observers.inotify_buffer:52] in-event <InotifyEvent: src_path=b'/app/streamlit.log', wd=1, mask=IN_MODIFY, cookie=0, name='streamlit.log'>
2026-02-01 00:06:04,491 DEBUG [watchdog.observers.inotify_buffer:52] in-event <InotifyEvent: src_path=b'/app/streamlit.log', wd=1, mask=IN_MODIFY, cookie=0, name='streamlit.log'>
2026-02-01 00:06:04,491 DEBUG [watchdog.observers.inotify_buffer:52] in-event <InotifyEvent: src_path=b'/app/streamlit.log', wd=1, mask=IN_MODIFY, cookie=0, name='streamlit.log'>
2026-02-01 00:06:04,492 DEBUG [watchdog.observers.inotify_buffer:52] in-event <InotifyEvent: src_path=b'/app/streamlit.log', wd=1, mask=IN_MODIFY, cookie=0, name='streamlit.log'>
2026-02-01 00:06:04,492 DEBUG [watchdog.observers.inotify_buffer:52] in-event <InotifyEvent: src_path=b'/app/streamlit.log', wd=1, mask=IN_MODIFY, cookie=0, name='streamlit.log'>
2026-02-01 00:06:04,492 DEBUG [watchdog.observers.inotify_buffer:52] in-event <InotifyEvent: src_path=b'/app/streamlit.log', wd=1, mask=IN_MODIFY, cookie=0, name='streamlit.log'>
2026-02-01 00:06:04,493 DEBUG [watchdog.observers.inotify_buffer:52] in-event <InotifyEvent: src_path=b'/app/streamlit.log', wd=1, mask=IN_MODIFY, cookie=0, name='streamlit.log'>
2026-02-01 00:06:04,494 DEBUG [watchdog.observers.inotify_buffer:52] in-event <InotifyEvent: src_path=b'/app/streamlit.log', wd=1, mask=IN_MODIFY, cookie=0, name='streamlit.log'>
2026-02-01 00:06:04,495 DEBUG [watchdog.observers.inotify_buffer:52] in-event <InotifyEvent: src_path=b'/app/streamlit.log', wd=1, mask=IN_MODIFY, cookie=0, name='streamlit.log'>
2026-02-01 00:06:04,495 DEBUG [watchdog.observers.inotify_buffer:52] in-event <InotifyEvent: src_path=b'/app/streamlit.log', wd=1, mask=IN_MODIFY, cookie=0, name='streamlit.log'>
2026-02-01 00:06:04,496 DEBUG [watchdog.observers.inotify_buffer:52] in-event <InotifyEvent: src_path=b'/app/streamlit.log', wd=1, mask=IN_MODIFY, cookie=0, name='streamlit.log'>
2026-02-01 00:06:04,497 DEBUG [watchdog.observers.inotify_buffer:52] in-event <InotifyEvent: src_path=b'/app/streamlit.log', wd=1, mask=IN_MODIFY, cookie=0, name='streamlit.log'>
2026-02-01 00:06:04,498 DEBUG [watchdog.observers.inotify_buffer:52] in-event <InotifyEvent: src_path=b'/app/streamlit.log', wd=1, mask=IN_MODIFY, cookie=0, name='streamlit.log'>
2026-02-01 00:06:04,498 DEBUG [watchdog.observers.inotify_buffer:52] in-event <InotifyEvent: src_path=b'/app/streamlit.log', wd=1, mask=IN_MODIFY, cookie=0, name='streamlit.log'>
2026-02-01 00:06:04,499 DEBUG [watchdog.observers.inotify_buffer:52] in-event <InotifyEvent: src_path=b'/app/streamlit.log', wd=1, mask=IN_MODIFY, cookie=0, name='streamlit.log'>
2026-02-01 00:06:04,499 DEBUG [watchdog.observers.inotify_buffer:52] in-event <InotifyEvent: src_path=b'/app/streamlit.log', wd=1, mask=IN_MODIFY, cookie=0, name='streamlit.log'>
2026-02-01 00:06:04,500 DEBUG [watchdog.observers.inotify_buffer:52] in-event <InotifyEvent: src_path=b'/app/streamlit.log', wd=1, mask=IN_MODIFY, cookie=0, name='streamlit.log'>
2026-02-01 00:06:04,500 DEBUG [watchdog.observers.inotify_buffer:52] in-event <InotifyEvent: src_path=b'/app/streamlit.log', wd=1, mask=IN_MODIFY, cookie=0, name='streamlit.log'>
2026-02-01 00:06:04,501 DEBUG [watchdog.observers.inotify_buffer:52] in-event <InotifyEvent: src_path=b'/app/streamlit.log', wd=1, mask=IN_MODIFY, cookie=0, name='streamlit.log'>
2026-02-01 00:06:04,501 DEBUG [watchdog.observers.inotify_buffer:52] in-event <InotifyEvent: src_path=b'/app/streamlit.log', wd=1, mask=IN_MODIFY, cookie=0, name='streamlit.log'>
2026-02-01 00:06:04,502 DEBUG [watchdog.observers.inotify_buffer:52] in-event <InotifyEvent: src_path=b'/app/streamlit.log', wd=1, mask=IN_MODIFY, cookie=0, name='streamlit.log'>
2026-02-01 00:06:04,502 DEBUG [watchdog.observers.inotify_buffer:52] in-event <InotifyEvent: src_path=b'/app/streamlit.log', wd=1, mask=IN_MODIFY, cookie=0, name='streamlit.log'>
2026-02-01 00:06:04,503 DEBUG [watchdog.observers.inotify_buffer:52] in-event <InotifyEvent: src_path=b'/app/streamlit.log', wd=1, mask=IN_MODIFY, cookie=0, name='streamlit.log'>
2026-02-01 00:06:04,503 DEBUG [watchdog.observers.inotify_buffer:52] in-event <InotifyEvent: src_path=b'/app/streamlit.log', wd=1, mask=IN_MODIFY, cookie=0, name='streamlit.log'>
2026-02-01 00:06:04,504 DEBUG [watchdog.observers.inotify_buffer:52] in-event <InotifyEvent: src_path=b'/app/streamlit.log', wd=1, mask=IN_MODIFY, cookie=0, name='streamlit.log'>
2026-02-01 00:06:04,504 DEBUG [watchdog.observers.inotify_buffer:52] in-event <InotifyEvent: src_path=b'/app/streamlit.log', wd=1, mask=IN_MODIFY, cookie=0, name='streamlit.log'>
2026-02-01 00:06:04,505 DEBUG [watchdog.observers.inotify_buffer:52] in-event <InotifyEvent: src_path=b'/app/streamlit.log', wd=1, mask=IN_MODIFY, cookie=0, name='streamlit.log'>
2026-02-01 00:06:04,506 DEBUG [watchdog.observers.inotify_buffer:52] in-event <InotifyEvent: src_path=b'/app/streamlit.log', wd=1, mask=IN_MODIFY, cookie=0, name='streamlit.log'>
2026-02-01 00:06:04,506 DEBUG [watchdog.observers.inotify_buffer:52] in-event <InotifyEvent: src_path=b'/app/streamlit.log', wd=1, mask=IN_MODIFY, cookie=0, name='streamlit.log'>
2026-02-01 00:06:04,507 DEBUG [watchdog.observers.inotify_buffer:52] in-event <InotifyEvent: src_path=b'/app/streamlit.log', wd=1, mask=IN_MODIFY, cookie=0, name='streamlit.log'>
2026-02-01 00:06:04,507 DEBUG [watchdog.observers.inotify_buffer:52] in-event <InotifyEvent: src_path=b'/app/streamlit.log', wd=1, mask=IN_MODIFY, cookie=0, name='streamlit.log'>
2026-02-01 00:06:04,507 DEBUG [watchdog.observers.inotify_buffer:52] in-event <InotifyEvent: src_path=b'/app/streamlit.log', wd=1, mask=IN_MODIFY, cookie=0, name='streamlit.log'>
2026-02-01 00:06:04,508 DEBUG [watchdog.observers.inotify_buffer:52] in-event <InotifyEvent: src_path=b'/app/streamlit.log', wd=1, mask=IN_MODIFY, cookie=0, name='streamlit.log'>
2026-02-01 00:06:04,508 DEBUG [watchdog.observers.inotify_buffer:52] in-event <InotifyEvent: src_path=b'/app/streamlit.log', wd=1, mask=IN_MODIFY, cookie=0, name='streamlit.log'>
2026-02-01 00:06:04,509 DEBUG [watchdog.observers.inotify_buffer:52] in-event <InotifyEvent: src_path=b'/app/streamlit.log', wd=1, mask=IN_MODIFY, cookie=0, name='streamlit.log'>
2026-02-01 00:06:04,510 DEBUG [watchdog.observers.inotify_buffer:52] in-event <InotifyEvent: src_path=b'/app/streamlit.log', wd=1, mask=IN_MODIFY, cookie=0, name='streamlit.log'>
2026-02-01 00:06:04,510 DEBUG [watchdog.observers.inotify_buffer:52] in-event <InotifyEvent: src_path=b'/app/streamlit.log', wd=1, mask=IN_MODIFY, cookie=0, name='streamlit.log'>
2026-02-01 00:06:04,510 DEBUG [watchdog.observers.inotify_buffer:52] in-event <InotifyEvent: src_path=b'/app/streamlit.log', wd=1, mask=IN_MODIFY, cookie=0, name='streamlit.log'>
2026-02-01 00:06:04,511 DEBUG [watchdog.observers.inotify_buffer:52] in-event <InotifyEvent: src_path=b'/app/streamlit.log', wd=1, mask=IN_MODIFY, cookie=0, name='streamlit.log'>
2026-02-01 00:06:04,511 DEBUG [watchdog.observers.inotify_buffer:52] in-event <InotifyEvent: src_path=b'/app/streamlit.log', wd=1, mask=IN_MODIFY, cookie=0, name='streamlit.log'>
2026-02-01 00:06:04,512 DEBUG [watchdog.observers.inotify_buffer:52] in-event <InotifyEvent: src_path=b'/app/streamlit.log', wd=1, mask=IN_MODIFY, cookie=0, name='streamlit.log'>
2026-02-01 00:06:04,512 DEBUG [watchdog.observers.inotify_buffer:52] in-event <InotifyEvent: src_path=b'/app/streamlit.log', wd=1, mask=IN_MODIFY, cookie=0, name='streamlit.log'>
2026-02-01 00:06:04,512 DEBUG [watchdog.observers.inotify_buffer:52] in-event <InotifyEvent: src_path=b'/app/streamlit.log', wd=1, mask=IN_MODIFY, cookie=0, name='streamlit.log'>
2026-02-01 00:06:04,513 DEBUG [watchdog.observers.inotify_buffer:52] in-event <InotifyEvent: src_path=b'/app/streamlit.log', wd=1, mask=IN_MODIFY, cookie=0, name='streamlit.log'>
2026-02-01 00:06:04,514 DEBUG [watchdog.observers.inotify_buffer:52] in-event <InotifyEvent: src_path=b'/app/streamlit.log', wd=1, mask=IN_MODIFY, cookie=0, name='streamlit.log'>
2026-02-01 00:06:04,514 DEBUG [watchdog.observers.inotify_buffer:52] in-event <InotifyEvent: src_path=b'/app/streamlit.log', wd=1, mask=IN_MODIFY, cookie=0, name='streamlit.log'>
2026-02-01 00:06:04,515 DEBUG [watchdog.observers.inotify_buffer:52] in-event <InotifyEvent: src_path=b'/app/streamlit.log', wd=1, mask=IN_MODIFY, cookie=0, name='streamlit.log'>
2026-02-01 00:06:04,515 DEBUG [watchdog.observers.inotify_buffer:52] in-event <InotifyEvent: src_path=b'/app/streamlit.log', wd=1, mask=IN_MODIFY, cookie=0, name='streamlit.log'>
2026-02-01 00:06:04,515 DEBUG [watchdog.observers.inotify_buffer:52] in-event <InotifyEvent: src_path=b'/app/streamlit.log', wd=1, mask=IN_MODIFY, cookie=0, name='streamlit.log'>
2026-02-01 00:06:04,516 DEBUG [watchdog.observers.inotify_buffer:52] in-event <InotifyEvent: src_path=b'/app/streamlit.log', wd=1, mask=IN_MODIFY, cookie=0, name='streamlit.log'>
2026-02-01 00:06:04,516 DEBUG [watchdog.observers.inotify_buffer:52] in-event <InotifyEvent: src_path=b'/app/streamlit.log', wd=1, mask=IN_MODIFY, cookie=0, name='streamlit.log'>
2026-02-01 00:06:04,517 DEBUG [watchdog.observers.inotify_buffer:52] in-event <InotifyEvent: src_path=b'/app/streamlit.log', wd=1, mask=IN_MODIFY, cookie=0, name='streamlit.log'>
2026-02-01 00:06:04,517 DEBUG [watchdog.observers.inotify_buffer:52] in-event <InotifyEvent: src_path=b'/app/streamlit.log', wd=1, mask=IN_MODIFY, cookie=0, name='streamlit.log'>
2026-02-01 00:06:04,518 DEBUG [watchdog.observers.inotify_buffer:52] in-event <InotifyEvent: src_path=b'/app/streamlit.log', wd=1, mask=IN_MODIFY, cookie=0, name='streamlit.log'>
2026-02-01 00:06:04,519 DEBUG [watchdog.observers.inotify_buffer:52] in-event <InotifyEvent: src_path=b'/app/streamlit.log', wd=1, mask=IN_MODIFY, cookie=0, name='streamlit.log'>
2026-02-01 00:06:04,519 DEBUG [watchdog.observers.inotify_buffer:52] in-event <InotifyEvent: src_path=b'/app/streamlit.log', wd=1, mask=IN_MODIFY, cookie=0, name='streamlit.log'>
2026-02-01 00:06:04,520 DEBUG [watchdog.observers.inotify_buffer:52] in-event <InotifyEvent: src_path=b'/app/streamlit.log', wd=1, mask=IN_MODIFY, cookie=0, name='streamlit.log'>
2026-02-01 00:06:04,520 DEBUG [watchdog.observers.inotify_buffer:52] in-event <InotifyEvent: src_path=b'/app/streamlit.log', wd=1, mask=IN_MODIFY, cookie=0, name='streamlit.log'>
2026-02-01 00:06:04,521 DEBUG [watchdog.observers.inotify_buffer:52] in-event <InotifyEvent: src_path=b'/app/streamlit.log', wd=1, mask=IN_MODIFY, cookie=0, name='streamlit.log'>
2026-02-01 00:06:04,521 DEBUG [watchdog.observers.inotify_buffer:52] in-event <InotifyEvent: src_path=b'/app/streamlit.log', wd=1, mask=IN_MODIFY, cookie=0, name='streamlit.log'>
2026-02-01 00:06:04,522 DEBUG [watchdog.observers.inotify_buffer:52] in-event <InotifyEvent: src_path=b'/app/streamlit.log', wd=1, mask=IN_MODIFY, cookie=0, name='streamlit.log'>
2026-02-01 00:06:04,522 DEBUG [watchdog.observers.inotify_buffer:52] in-event <InotifyEvent: src_path=b'/app/streamlit.log', wd=1, mask=IN_MODIFY, cookie=0, name='streamlit.log'>
2026-02-01 00:06:04,522 DEBUG [watchdog.observers.inotify_buffer:52] in-event <InotifyEvent: src_path=b'/app/streamlit.log', wd=1, mask=IN_MODIFY, cookie=0, name='streamlit.log'>
2026-02-01 00:06:04,523 DEBUG [watchdog.observers.inotify_buffer:52] in-event <InotifyEvent: src_path=b'/app/streamlit.log', wd=1, mask=IN_MODIFY, cookie=0, name='streamlit.log'>
2026-02-01 00:06:04,523 DEBUG [watchdog.observers.inotify_buffer:52] in-event <InotifyEvent: src_path=b'/app/streamlit.log', wd=1, mask=IN_MODIFY, cookie=0, name='streamlit.log'>
2026-02-01 00:06:04,524 DEBUG [watchdog.observers.inotify_buffer:52] in-event <InotifyEvent: src_path=b'/app/streamlit.log', wd=1, mask=IN_MODIFY, cookie=0, name='streamlit.log'>
2026-02-01 00:06:04,524 DEBUG [watchdog.observers.inotify_buffer:52] in-event <InotifyEvent: src_path=b'/app/streamlit.log', wd=1, mask=IN_MODIFY, cookie=0, name='streamlit.log'>
2026-02-01 00:06:04,525 DEBUG [watchdog.observers.inotify_buffer:52] in-event <InotifyEvent: src_path=b'/app/streamlit.log', wd=1, mask=IN_MODIFY, cookie=0, name='streamlit.log'>
2026-02-01 00:06:04,525 DEBUG [watchdog.observers.inotify_buffer:52] in-event <InotifyEvent: src_path=b'/app/streamlit.log', wd=1, mask=IN_MODIFY, cookie=0, name='streamlit.log'>
2026-02-01 00:06:04,525 DEBUG [watchdog.observers.inotify_buffer:52] in-event <InotifyEvent: src_path=b'/app/streamlit.log', wd=1, mask=IN_MODIFY, cookie=0, name='streamlit.log'>
2026-02-01 00:06:04,526 DEBUG [watchdog.observers.inotify_buffer:52] in-event <InotifyEvent: src_path=b'/app/streamlit.log', wd=1, mask=IN_MODIFY, cookie=0, name='streamlit.log'>
2026-02-01 00:06:04,526 DEBUG [watchdog.observers.inotify_buffer:52] in-event <InotifyEvent: src_path=b'/app/streamlit.log', wd=1, mask=IN_MODIFY, cookie=0, name='streamlit.log'>
2026-02-01 00:06:04,527 DEBUG [watchdog.observers.inotify_buffer:52] in-event <InotifyEvent: src_path=b'/app/streamlit.log', wd=1, mask=IN_MODIFY, cookie=0, name='streamlit.log'>
2026-02-01 00:06:04,527 DEBUG [watchdog.observers.inotify_buffer:52] in-event <InotifyEvent: src_path=b'/app/streamlit.log', wd=1, mask=IN_MODIFY, cookie=0, name='streamlit.log'>
2026-02-01 00:06:04,527 DEBUG [watchdog.observers.inotify_buffer:52] in-event <InotifyEvent: src_path=b'/app/streamlit.log', wd=1, mask=IN_MODIFY, cookie=0, name='streamlit.log'>
2026-02-01 00:06:04,528 DEBUG [watchdog.observers.inotify_buffer:52] in-event <InotifyEvent: src_path=b'/app/streamlit.log', wd=1, mask=IN_MODIFY, cookie=0, name='streamlit.log'>
2026-02-01 00:06:04,528 DEBUG [watchdog.observers.inotify_buffer:52] in-event <InotifyEvent: src_path=b'/app/streamlit.log', wd=1, mask=IN_MODIFY, cookie=0, name='streamlit.log'>
2026-02-01 00:06:04,529 DEBUG [watchdog.observers.inotify_buffer:52] in-event <InotifyEvent: src_path=b'/app/streamlit.log', wd=1, mask=IN_MODIFY, cookie=0, name='streamlit.log'>
2026-02-01 00:06:04,529 DEBUG [watchdog.observers.inotify_buffer:52] in-event <InotifyEvent: src_path=b'/app/streamlit.log', wd=1, mask=IN_MODIFY, cookie=0, name='streamlit.log'>
2026-02-01 00:06:04,529 DEBUG [watchdog.observers.inotify_buffer:52] in-event <InotifyEvent: src_path=b'/app/streamlit.log', wd=1, mask=IN_MODIFY, cookie=0, name='streamlit.log'>
2026-02-01 00:06:04,530 DEBUG [watchdog.observers.inotify_buffer:52] in-event <InotifyEvent: src_path=b'/app/streamlit.log', wd=1, mask=IN_MODIFY, cookie=0, name='streamlit.log'>
2026-02-01 00:06:04,531 DEBUG [watchdog.observers.inotify_buffer:52] in-event <InotifyEvent: src_path=b'/app/streamlit.log', wd=1, mask=IN_MODIFY, cookie=0, name='streamlit.log'>
2026-02-01 00:06:04,531 DEBUG [watchdog.observers.inotify_buffer:52] in-event <InotifyEvent: src_path=b'/app/streamlit.log', wd=1, mask=IN_MODIFY, cookie=0, name='streamlit.log'>
2026-02-01 00:06:04,532 DEBUG [watchdog.observers.inotify_buffer:52] in-event <InotifyEvent: src_path=b'/app/streamlit.log', wd=1, mask=IN_MODIFY, cookie=0, name='streamlit.log'>
2026-02-01 00:06:04,533 DEBUG [watchdog.observers.inotify_buffer:52] in-event <InotifyEvent: src_path=b'/app/streamlit.log', wd=1, mask=IN_MODIFY, cookie=0, name='streamlit.log'>
2026-02-01 00:06:04,533 DEBUG [watchdog.observers.inotify_buffer:52] in-event <InotifyEvent: src_path=b'/app/streamlit.log', wd=1, mask=IN_MODIFY, cookie=0, name='streamlit.log'>
2026-02-01 00:06:04,534 DEBUG [watchdog.observers.inotify_buffer:52] in-event <InotifyEvent: src_path=b'/app/streamlit.log', wd=1, mask=IN_MODIFY, cookie=0, name='streamlit.log'>
2026-02-01 00:06:04,534 DEBUG [watchdog.observers.inotify_buffer:52] in-event <InotifyEvent: src_path=b'/app/streamlit.log', wd=1, mask=IN_MODIFY, cookie=0, name='streamlit.log'>
2026-02-01 00:06:04,534 DEBUG [watchdog.observers.inotify_buffer:52] in-event <InotifyEvent: src_path=b'/app/streamlit.log', wd=1, mask=IN_MODIFY, cookie=0, name='streamlit.log'>
2026-02-01 00:06:04,535 DEBUG [watchdog.observers.inotify_buffer:52] in-event <InotifyEvent: src_path=b'/app/streamlit.log', wd=1, mask=IN_MODIFY, cookie=0, name='streamlit.log'>
2026-02-01 00:06:04,535 DEBUG [watchdog.observers.inotify_buffer:52] in-event <InotifyEvent: src_path=b'/app/streamlit.log', wd=1, mask=IN_MODIFY, cookie=0, name='streamlit.log'>
2026-02-01 00:06:04,536 DEBUG [watchdog.observers.inotify_buffer:52] in-event <InotifyEvent: src_path=b'/app/streamlit.log', wd=1, mask=IN_MODIFY, cookie=0, name='streamlit.log'>
2026-02-01 00:06:04,536 DEBUG [watchdog.observers.inotify_buffer:52] in-event <InotifyEvent: src_path=b'/app/streamlit.log', wd=1, mask=IN_MODIFY, cookie=0, name='streamlit.log'>
2026-02-01 00:06:04,536 DEBUG [watchdog.observers.inotify_buffer:52] in-event <InotifyEvent: src_path=b'/app/streamlit.log', wd=1, mask=IN_MODIFY, cookie=0, name='streamlit.log'>
2026-02-01 00:06:04,537 DEBUG [watchdog.observers.inotify_buffer:52] in-event <InotifyEvent: src_path=b'/app/streamlit.log', wd=1, mask=IN_MODIFY, cookie=0, name='streamlit.log'>
2026-02-01 00:06:04,537 DEBUG [watchdog.observers.inotify_buffer:52] in-event <InotifyEvent: src_path=b'/app/streamlit.log', wd=1, mask=IN_MODIFY, cookie=0, name='streamlit.log'>
2026-02-01 00:06:04,538 DEBUG [watchdog.observers.inotify_buffer:52] in-event <InotifyEvent: src_path=b'/app/streamlit.log', wd=1, mask=IN_MODIFY, cookie=0, name='streamlit.log'>
2026-02-01 00:06:04,538 DEBUG [watchdog.observers.inotify_buffer:52] in-event <InotifyEvent: src_path=b'/app/streamlit.log', wd=1, mask=IN_MODIFY, cookie=0, name='streamlit.log'>
2026-02-01 00:06:04,538 DEBUG [watchdog.observers.inotify_buffer:52] in-event <InotifyEvent: src_path=b'/app/streamlit.log', wd=1, mask=IN_MODIFY, cookie=0, name='streamlit.log'>
2026-02-01 00:06:04,539 DEBUG [watchdog.observers.inotify_buffer:52] in-event <InotifyEvent: src_path=b'/app/streamlit.log', wd=1, mask=IN_MODIFY, cookie=0, name='streamlit.log'>
2026-02-01 00:06:04,539 DEBUG [watchdog.observers.inotify_buffer:52] in-event <InotifyEvent: src_path=b'/app/streamlit.log', wd=1, mask=IN_MODIFY, cookie=0, name='streamlit.log'>
2026-02-01 00:06:04,540 DEBUG [watchdog.observers.inotify_buffer:52] in-event <InotifyEvent: src_path=b'/app/streamlit.log', wd=1, mask=IN_MODIFY, cookie=0, name='streamlit.log'>
2026-02-01 00:06:04,540 DEBUG [watchdog.observers.inotify_buffer:52] in-event <InotifyEvent: src_path=b'/app/streamlit.log', wd=1, mask=IN_MODIFY, cookie=0, name='streamlit.log'>
2026-02-01 00:06:04,541 DEBUG [watchdog.observers.inotify_buffer:52] in-event <InotifyEvent: src_path=b'/app/streamlit.log', wd=1, mask=IN_MODIFY, cookie=0, name='streamlit.log'>
2026-02-01 00:06:04,542 DEBUG [watchdog.observers.inotify_buffer:52] in-event <InotifyEvent: src_path=b'/app/streamlit.log', wd=1, mask=IN_MODIFY, cookie=0, name='streamlit.log'>
2026-02-01 00:06:04,542 DEBUG [watchdog.observers.inotify_buffer:52] in-event <InotifyEvent: src_path=b'/app/streamlit.log', wd=1, mask=IN_MODIFY, cookie=0, name='streamlit.log'>
2026-02-01 00:06:04,542 DEBUG [watchdog.observers.inotify_buffer:52] in-event <InotifyEvent: src_path=b'/app/streamlit.log', wd=1, mask=IN_MODIFY, cookie=0, name='streamlit.log'>
2026-02-01 00:06:04,543 DEBUG [watchdog.observers.inotify_buffer:52] in-event <InotifyEvent: src_path=b'/app/streamlit.log', wd=1, mask=IN_MODIFY, cookie=0, name='streamlit.log'>
2026-02-01 00:06:04,543 DEBUG [watchdog.observers.inotify_buffer:52] in-event <InotifyEvent: src_path=b'/app/streamlit.log', wd=1, mask=IN_MODIFY, cookie=0, name='streamlit.log'>
2026-02-01 00:06:04,544 DEBUG [watchdog.observers.inotify_buffer:52] in-event <InotifyEvent: src_path=b'/app/streamlit.log', wd=1, mask=IN_MODIFY, cookie=0, name='streamlit.log'>
2026-02-01 00:06:04,544 DEBUG [watchdog.observers.inotify_buffer:52] in-event <InotifyEvent: src_path=b'/app/streamlit.log', wd=1, mask=IN_MODIFY, cookie=0, name='streamlit.log'>
2026-02-01 00:06:04,545 DEBUG [watchdog.observers.inotify_buffer:52] in-event <InotifyEvent: src_path=b'/app/streamlit.log', wd=1, mask=IN_MODIFY, cookie=0, name='streamlit.log'>
2026-02-01 00:06:04,545 DEBUG [watchdog.observers.inotify_buffer:52] in-event <InotifyEvent: src_path=b'/app/streamlit.log', wd=1, mask=IN_MODIFY, cookie=0, name='streamlit.log'>
2026-02-01 00:06:04,546 DEBUG [watchdog.observers.inotify_buffer:52] in-event <InotifyEvent: src_path=b'/app/streamlit.log', wd=1, mask=IN_MODIFY, cookie=0, name='streamlit.log'>
2026-02-01 00:06:04,546 DEBUG [watchdog.observers.inotify_buffer:52] in-event <InotifyEvent: src_path=b'/app/streamlit.log', wd=1, mask=IN_MODIFY, cookie=0, name='streamlit.log'>
2026-02-01 00:06:04,546 DEBUG [watchdog.observers.inotify_buffer:52] in-event <InotifyEvent: src_path=b'/app/streamlit.log', wd=1, mask=IN_MODIFY, cookie=0, name='streamlit.log'>
2026-02-01 00:06:04,547 DEBUG [watchdog.observers.inotify_buffer:52] in-event <InotifyEvent: src_path=b'/app/streamlit.log', wd=1, mask=IN_MODIFY, cookie=0, name='streamlit.log'>
2026-02-01 00:06:04,547 DEBUG [watchdog.observers.inotify_buffer:52] in-event <InotifyEvent: src_path=b'/app/streamlit.log', wd=1, mask=IN_MODIFY, cookie=0, name='streamlit.log'>
2026-02-01 00:06:04,547 DEBUG [watchdog.observers.inotify_buffer:52] in-event <InotifyEvent: src_path=b'/app/streamlit.log', wd=1, mask=IN_MODIFY, cookie=0, name='streamlit.log'>
2026-02-01 00:06:04,548 DEBUG [watchdog.observers.inotify_buffer:52] in-event <InotifyEvent: src_path=b'/app/streamlit.log', wd=1, mask=IN_MODIFY, cookie=0, name='streamlit.log'>
2026-02-01 00:06:04,548 DEBUG [watchdog.observers.inotify_buffer:52] in-event <InotifyEvent: src_path=b'/app/streamlit.log', wd=1, mask=IN_MODIFY, cookie=0, name='streamlit.log'>
2026-02-01 00:06:04,549 DEBUG [watchdog.observers.inotify_buffer:52] in-event <InotifyEvent: src_path=b'/app/streamlit.log', wd=1, mask=IN_MODIFY, cookie=0, name='streamlit.log'>
2026-02-01 00:06:04,549 DEBUG [watchdog.observers.inotify_buffer:52] in-event <InotifyEvent: src_path=b'/app/streamlit.log', wd=1, mask=IN_MODIFY, cookie=0, name='streamlit.log'>
2026-02-01 00:06:04,549 DEBUG [watchdog.observers.inotify_buffer:52] in-event <InotifyEvent: src_path=b'/app/streamlit.log', wd=1, mask=IN_MODIFY, cookie=0, name='streamlit.log'>
2026-02-01 00:06:04,550 DEBUG [watchdog.observers.inotify_buffer:52] in-event <InotifyEvent: src_path=b'/app/streamlit.log', wd=1, mask=IN_MODIFY, cookie=0, name='streamlit.log'>
2026-02-01 00:06:04,550 DEBUG [watchdog.observers.inotify_buffer:52] in-event <InotifyEvent: src_path=b'/app/streamlit.log', wd=1, mask=IN_MODIFY, cookie=0, name='streamlit.log'>
2026-02-01 00:06:04,551 DEBUG [watchdog.observers.inotify_buffer:52] in-event <InotifyEvent: src_path=b'/app/streamlit.log', wd=1, mask=IN_MODIFY, cookie=0, name='streamlit.log'>
2026-02-01 00:06:04,552 DEBUG [watchdog.observers.inotify_buffer:52] in-event <InotifyEvent: src_path=b'/app/streamlit.log', wd=1, mask=IN_MODIFY, cookie=0, name='streamlit.log'>
2026-02-01 00:06:04,552 DEBUG [watchdog.observers.inotify_buffer:52] in-event <InotifyEvent: src_path=b'/app/streamlit.log', wd=1, mask=IN_MODIFY, cookie=0, name='streamlit.log'>
2026-02-01 00:06:04,553 DEBUG [watchdog.observers.inotify_buffer:52] in-event <InotifyEvent: src_path=b'/app/streamlit.log', wd=1, mask=IN_MODIFY, cookie=0, name='streamlit.log'>
2026-02-01 00:06:04,554 DEBUG [watchdog.observers.inotify_buffer:52] in-event <InotifyEvent: src_path=b'/app/streamlit.log', wd=1, mask=IN_MODIFY, cookie=0, name='streamlit.log'>
2026-02-01 00:06:04,555 DEBUG [watchdog.observers.inotify_buffer:52] in-event <InotifyEvent: src_path=b'/app/streamlit.log', wd=1, mask=IN_MODIFY, cookie=0, name='streamlit.log'>
2026-02-01 00:06:04,555 DEBUG [watchdog.observers.inotify_buffer:52] in-event <InotifyEvent: src_path=b'/app/streamlit.log', wd=1, mask=IN_MODIFY, cookie=0, name='streamlit.log'>
2026-02-01 00:06:04,556 DEBUG [watchdog.observers.inotify_buffer:52] in-event <InotifyEvent: src_path=b'/app/streamlit.log', wd=1, mask=IN_MODIFY, cookie=0, name='streamlit.log'>
2026-02-01 00:06:04,557 DEBUG [watchdog.observers.inotify_buffer:52] in-event <InotifyEvent: src_path=b'/app/streamlit.log', wd=1, mask=IN_MODIFY, cookie=0, name='streamlit.log'>
2026-02-01 00:06:04,557 DEBUG [watchdog.observers.inotify_buffer:52] in-event <InotifyEvent: src_path=b'/app/streamlit.log', wd=1, mask=IN_MODIFY, cookie=0, name='streamlit.log'>
2026-02-01 00:06:04,558 DEBUG [watchdog.observers.inotify_buffer:52] in-event <InotifyEvent: src_path=b'/app/streamlit.log', wd=1, mask=IN_MODIFY, cookie=0, name='streamlit.log'>
2026-02-01 00:06:04,559 DEBUG [watchdog.observers.inotify_buffer:52] in-event <InotifyEvent: src_path=b'/app/streamlit.log', wd=1, mask=IN_MODIFY, cookie=0, name='streamlit.log'>
2026-02-01 00:06:04,559 DEBUG [watchdog.observers.inotify_buffer:52] in-event <InotifyEvent: src_path=b'/app/streamlit.log', wd=1, mask=IN_MODIFY, cookie=0, name='streamlit.log'>
2026-02-01 00:06:04,560 DEBUG [watchdog.observers.inotify_buffer:52] in-event <InotifyEvent: src_path=b'/app/streamlit.log', wd=1, mask=IN_MODIFY, cookie=0, name='streamlit.log'>
2026-02-01 00:06:04,560 DEBUG [watchdog.observers.inotify_buffer:52] in-event <InotifyEvent: src_path=b'/app/streamlit.log', wd=1, mask=IN_MODIFY, cookie=0, name='streamlit.log'>
2026-02-01 00:06:04,561 DEBUG [watchdog.observers.inotify_buffer:52] in-event <InotifyEvent: src_path=b'/app/streamlit.log', wd=1, mask=IN_MODIFY, cookie=0, name='streamlit.log'>
2026-02-01 00:06:04,561 DEBUG [watchdog.observers.inotify_buffer:52] in-event <InotifyEvent: src_path=b'/app/streamlit.log', wd=1, mask=IN_MODIFY, cookie=0, name='streamlit.log'>
2026-02-01 00:06:04,562 DEBUG [watchdog.observers.inotify_buffer:52] in-event <InotifyEvent: src_path=b'/app/streamlit.log', wd=1, mask=IN_MODIFY, cookie=0, name='streamlit.log'>
2026-02-01 00:06:04,562 DEBUG [watchdog.observers.inotify_buffer:52] in-event <InotifyEvent: src_path=b'/app/streamlit.log', wd=1, mask=IN_MODIFY, cookie=0, name='streamlit.log'>
2026-02-01 00:06:04,563 DEBUG [watchdog.observers.inotify_buffer:52] in-event <InotifyEvent: src_path=b'/app/streamlit.log', wd=1, mask=IN_MODIFY, cookie=0, name='streamlit.log'>
2026-02-01 00:06:04,563 DEBUG [watchdog.observers.inotify_buffer:52] in-event <InotifyEvent: src_path=b'/app/streamlit.log', wd=1, mask=IN_MODIFY, cookie=0, name='streamlit.log'>
2026-02-01 00:06:04,564 DEBUG [watchdog.observers.inotify_buffer:52] in-event <InotifyEvent: src_path=b'/app/streamlit.log', wd=1, mask=IN_MODIFY, cookie=0, name='streamlit.log'>
2026-02-01 00:06:04,565 DEBUG [watchdog.observers.inotify_buffer:52] in-event <InotifyEvent: src_path=b'/app/streamlit.log', wd=1, mask=IN_MODIFY, cookie=0, name='streamlit.log'>
2026-02-01 00:06:04,565 DEBUG [watchdog.observers.inotify_buffer:52] in-event <InotifyEvent: src_path=b'/app/streamlit.log', wd=1, mask=IN_MODIFY, cookie=0, name='streamlit.log'>
2026-02-01 00:06:04,566 DEBUG [watchdog.observers.inotify_buffer:52] in-event <InotifyEvent: src_path=b'/app/streamlit.log', wd=1, mask=IN_MODIFY, cookie=0, name='streamlit.log'>
2026-02-01 00:06:04,566 DEBUG [watchdog.observers.inotify_buffer:52] in-event <InotifyEvent: src_path=b'/app/streamlit.log', wd=1, mask=IN_MODIFY, cookie=0, name='streamlit.log'>
2026-02-01 00:06:04,566 DEBUG [watchdog.observers.inotify_buffer:52] in-event <InotifyEvent: src_path=b'/app/streamlit.log', wd=1, mask=IN_MODIFY, cookie=0, name='streamlit.log'>
2026-02-01 00:06:04,567 DEBUG [watchdog.observers.inotify_buffer:52] in-event <InotifyEvent: src_path=b'/app/streamlit.log', wd=1, mask=IN_MODIFY, cookie=0, name='streamlit.log'>
2026-02-01 00:06:04,567 DEBUG [watchdog.observers.inotify_buffer:52] in-event <InotifyEvent: src_path=b'/app/streamlit.log', wd=1, mask=IN_MODIFY, cookie=0, name='streamlit.log'>
2026-02-01 00:06:04,567 DEBUG [watchdog.observers.inotify_buffer:52] in-event <InotifyEvent: src_path=b'/app/streamlit.log', wd=1, mask=IN_MODIFY, cookie=0, name='streamlit.log'>
2026-02-01 00:06:04,568 DEBUG [watchdog.observers.inotify_buffer:52] in-event <InotifyEvent: src_path=b'/app/streamlit.log', wd=1, mask=IN_MODIFY, cookie=0, name='streamlit.log'>
2026-02-01 00:06:04,568 DEBUG [watchdog.observers.inotify_buffer:52] in-event <InotifyEvent: src_path=b'/app/streamlit.log', wd=1, mask=IN_MODIFY, cookie=0, name='streamlit.log'>
2026-02-01 00:06:04,568 DEBUG [watchdog.observers.inotify_buffer:52] in-event <InotifyEvent: src_path=b'/app/streamlit.log', wd=1, mask=IN_MODIFY, cookie=0, name='streamlit.log'>
2026-02-01 00:06:04,569 DEBUG [watchdog.observers.inotify_buffer:52] in-event <InotifyEvent: src_path=b'/app/streamlit.log', wd=1, mask=IN_MODIFY, cookie=0, name='streamlit.log'>
2026-02-01 00:06:04,569 DEBUG [watchdog.observers.inotify_buffer:52] in-event <InotifyEvent: src_path=b'/app/streamlit.log', wd=1, mask=IN_MODIFY, cookie=0, name='streamlit.log'>
2026-02-01 00:06:04,570 DEBUG [watchdog.observers.inotify_buffer:52] in-event <InotifyEvent: src_path=b'/app/streamlit.log', wd=1, mask=IN_MODIFY, cookie=0, name='streamlit.log'>
2026-02-01 00:06:04,570 DEBUG [watchdog.observers.inotify_buffer:52] in-event <InotifyEvent: src_path=b'/app/streamlit.log', wd=1, mask=IN_MODIFY, cookie=0, name='streamlit.log'>
2026-02-01 00:06:04,570 DEBUG [watchdog.observers.inotify_buffer:52] in-event <InotifyEvent: src_path=b'/app/streamlit.log', wd=1, mask=IN_MODIFY, cookie=0, name='streamlit.log'>
2026-02-01 00:06:04,571 DEBUG [watchdog.observers.inotify_buffer:52] in-event <InotifyEvent: src_path=b'/app/streamlit.log', wd=1, mask=IN_MODIFY, cookie=0, name='streamlit.log'>
2026-02-01 00:06:04,571 DEBUG [watchdog.observers.inotify_buffer:52] in-event <InotifyEvent: src_path=b'/app/streamlit.log', wd=1, mask=IN_MODIFY, cookie=0, name='streamlit.log'>
2026-02-01 00:06:04,572 DEBUG [watchdog.observers.inotify_buffer:52] in-event <InotifyEvent: src_path=b'/app/streamlit.log', wd=1, mask=IN_MODIFY, cookie=0, name='streamlit.log'>
2026-02-01 00:06:04,572 DEBUG [watchdog.observers.inotify_buffer:52] in-event <InotifyEvent: src_path=b'/app/streamlit.log', wd=1, mask=IN_MODIFY, cookie=0, name='streamlit.log'>
2026-02-01 00:06:04,573 DEBUG [watchdog.observers.inotify_buffer:52] in-event <InotifyEvent: src_path=b'/app/streamlit.log', wd=1, mask=IN_MODIFY, cookie=0, name='streamlit.log'>
2026-02-01 00:06:04,573 DEBUG [watchdog.observers.inotify_buffer:52] in-event <InotifyEvent: src_path=b'/app/streamlit.log', wd=1, mask=IN_MODIFY, cookie=0, name='streamlit.log'>
2026-02-01 00:06:04,575 DEBUG [watchdog.observers.inotify_buffer:52] in-event <InotifyEvent: src_path=b'/app/streamlit.log', wd=1, mask=IN_MODIFY, cookie=0, name='streamlit.log'>
2026-02-01 00:06:04,575 DEBUG [watchdog.observers.inotify_buffer:52] in-event <InotifyEvent: src_path=b'/app/streamlit.log', wd=1, mask=IN_MODIFY, cookie=0, name='streamlit.log'>
2026-02-01 00:06:04,576 DEBUG [watchdog.observers.inotify_buffer:52] in-event <InotifyEvent: src_path=b'/app/streamlit.log', wd=1, mask=IN_MODIFY, cookie=0, name='streamlit.log'>
2026-02-01 00:06:04,578 DEBUG [watchdog.observers.inotify_buffer:52] in-event <InotifyEvent: src_path=b'/app/streamlit.log', wd=1, mask=IN_MODIFY, cookie=0, name='streamlit.log'>
2026-02-01 00:06:04,578 DEBUG [watchdog.observers.inotify_buffer:52] in-event <InotifyEvent: src_path=b'/app/streamlit.log', wd=1, mask=IN_MODIFY, cookie=0, name='streamlit.log'>
2026-02-01 00:06:04,579 DEBUG [watchdog.observers.inotify_buffer:52] in-event <InotifyEvent: src_path=b'/app/streamlit.log', wd=1, mask=IN_MODIFY, cookie=0, name='streamlit.log'>
2026-02-01 00:06:04,579 DEBUG [watchdog.observers.inotify_buffer:52] in-event <InotifyEvent: src_path=b'/app/streamlit.log', wd=1, mask=IN_MODIFY, cookie=0, name='streamlit.log'>
2026-02-01 00:06:04,580 DEBUG [watchdog.observers.inotify_buffer:52] in-event <InotifyEvent: src_path=b'/app/streamlit.log', wd=1, mask=IN_MODIFY, cookie=0, name='streamlit.log'>
2026-02-01 00:06:04,580 DEBUG [watchdog.observers.inotify_buffer:52] in-event <InotifyEvent: src_path=b'/app/streamlit.log', wd=1, mask=IN_MODIFY, cookie=0, name='streamlit.log'>
2026-02-01 00:06:04,581 DEBUG [watchdog.observers.inotify_buffer:52] in-event <InotifyEvent: src_path=b'/app/streamlit.log', wd=1, mask=IN_MODIFY, cookie=0, name='streamlit.log'>
2026-02-01 00:06:04,581 DEBUG [watchdog.observers.inotify_buffer:52] in-event <InotifyEvent: src_path=b'/app/streamlit.log', wd=1, mask=IN_MODIFY, cookie=0, name='streamlit.log'>
2026-02-01 00:06:04,581 DEBUG [watchdog.observers.inotify_buffer:52] in-event <InotifyEvent: src_path=b'/app/streamlit.log', wd=1, mask=IN_MODIFY, cookie=0, name='streamlit.log'>
2026-02-01 00:06:04,582 DEBUG [watchdog.observers.inotify_buffer:52] in-event <InotifyEvent: src_path=b'/app/streamlit.log', wd=1, mask=IN_MODIFY, cookie=0, name='streamlit.log'>
2026-02-01 00:06:04,583 DEBUG [watchdog.observers.inotify_buffer:52] in-event <InotifyEvent: src_path=b'/app/streamlit.log', wd=1, mask=IN_MODIFY, cookie=0, name='streamlit.log'>
2026-02-01 00:06:04,583 DEBUG [watchdog.observers.inotify_buffer:52] in-event <InotifyEvent: src_path=b'/app/streamlit.log', wd=1, mask=IN_MODIFY, cookie=0, name='streamlit.log'>
2026-02-01 00:06:04,584 DEBUG [watchdog.observers.inotify_buffer:52] in-event <InotifyEvent: src_path=b'/app/streamlit.log', wd=1, mask=IN_MODIFY, cookie=0, name='streamlit.log'>
2026-02-01 00:06:04,584 DEBUG [watchdog.observers.inotify_buffer:52] in-event <InotifyEvent: src_path=b'/app/streamlit.log', wd=1, mask=IN_MODIFY, cookie=0, name='streamlit.log'>
2026-02-01 00:06:04,584 DEBUG [watchdog.observers.inotify_buffer:52] in-event <InotifyEvent: src_path=b'/app/streamlit.log', wd=1, mask=IN_MODIFY, cookie=0, name='streamlit.log'>
2026-02-01 00:06:04,586 DEBUG [watchdog.observers.inotify_buffer:52] in-event <InotifyEvent: src_path=b'/app/streamlit.log', wd=1, mask=IN_MODIFY, cookie=0, name='streamlit.log'>
2026-02-01 00:06:04,586 DEBUG [watchdog.observers.inotify_buffer:52] in-event <InotifyEvent: src_path=b'/app/streamlit.log', wd=1, mask=IN_MODIFY, cookie=0, name='streamlit.log'>
2026-02-01 00:06:04,587 DEBUG [watchdog.observers.inotify_buffer:52] in-event <InotifyEvent: src_path=b'/app/streamlit.log', wd=1, mask=IN_MODIFY, cookie=0, name='streamlit.log'>
2026-02-01 00:06:04,587 DEBUG [watchdog.observers.inotify_buffer:52] in-event <InotifyEvent: src_path=b'/app/streamlit.log', wd=1, mask=IN_MODIFY, cookie=0, name='streamlit.log'>
2026-02-01 00:06:04,588 DEBUG [watchdog.observers.inotify_buffer:52] in-event <InotifyEvent: src_path=b'/app/streamlit.log', wd=1, mask=IN_MODIFY, cookie=0, name='streamlit.log'>
2026-02-01 00:06:04,588 DEBUG [watchdog.observers.inotify_buffer:52] in-event <InotifyEvent: src_path=b'/app/streamlit.log', wd=1, mask=IN_MODIFY, cookie=0, name='streamlit.log'>
2026-02-01 00:06:04,589 DEBUG [watchdog.observers.inotify_buffer:52] in-event <InotifyEvent: src_path=b'/app/streamlit.log', wd=1, mask=IN_MODIFY, cookie=0, name='streamlit.log'>
2026-02-01 00:06:04,590 DEBUG [watchdog.observers.inotify_buffer:52] in-event <InotifyEvent: src_path=b'/app/streamlit.log', wd=1, mask=IN_MODIFY, cookie=0, name='streamlit.log'>
2026-02-01 00:06:04,591 DEBUG [watchdog.observers.inotify_buffer:52] in-event <InotifyEvent: src_path=b'/app/streamlit.log', wd=1, mask=IN_MODIFY, cookie=0, name='streamlit.log'>
2026-02-01 00:06:04,591 DEBUG [watchdog.observers.inotify_buffer:52] in-event <InotifyEvent: src_path=b'/app/streamlit.log', wd=1, mask=IN_MODIFY, cookie=0, name='streamlit.log'>
2026-02-01 00:06:04,592 DEBUG [watchdog.observers.inotify_buffer:52] in-event <InotifyEvent: src_path=b'/app/streamlit.log', wd=1, mask=IN_MODIFY, cookie=0, name='streamlit.log'>
2026-02-01 00:06:04,592 DEBUG [watchdog.observers.inotify_buffer:52] in-event <InotifyEvent: src_path=b'/app/streamlit.log', wd=1, mask=IN_MODIFY, cookie=0, name='streamlit.log'>
2026-02-01 00:06:04,592 DEBUG [watchdog.observers.inotify_buffer:52] in-event <InotifyEvent: src_path=b'/app/streamlit.log', wd=1, mask=IN_MODIFY, cookie=0, name='streamlit.log'>
2026-02-01 00:06:04,593 DEBUG [watchdog.observers.inotify_buffer:52] in-event <InotifyEvent: src_path=b'/app/streamlit.log', wd=1, mask=IN_MODIFY, cookie=0, name='streamlit.log'>
2026-02-01 00:06:04,593 DEBUG [watchdog.observers.inotify_buffer:52] in-event <InotifyEvent: src_path=b'/app/streamlit.log', wd=1, mask=IN_MODIFY, cookie=0, name='streamlit.log'>
2026-02-01 00:06:04,594 DEBUG [watchdog.observers.inotify_buffer:52] in-event <InotifyEvent: src_path=b'/app/streamlit.log', wd=1, mask=IN_MODIFY, cookie=0, name='streamlit.log'>
2026-02-01 00:06:04,594 DEBUG [watchdog.observers.inotify_buffer:52] in-event <InotifyEvent: src_path=b'/app/streamlit.log', wd=1, mask=IN_MODIFY, cookie=0, name='streamlit.log'>
2026-02-01 00:06:04,594 DEBUG [watchdog.observers.inotify_buffer:52] in-event <InotifyEvent: src_path=b'/app/streamlit.log', wd=1, mask=IN_MODIFY, cookie=0, name='streamlit.log'>
2026-02-01 00:06:04,595 DEBUG [watchdog.observers.inotify_buffer:52] in-event <InotifyEvent: src_path=b'/app/streamlit.log', wd=1, mask=IN_MODIFY, cookie=0, name='streamlit.log'>
2026-02-01 00:06:04,595 DEBUG [watchdog.observers.inotify_buffer:52] in-event <InotifyEvent: src_path=b'/app/streamlit.log', wd=1, mask=IN_MODIFY, cookie=0, name='streamlit.log'>
2026-02-01 00:06:04,596 DEBUG [watchdog.observers.inotify_buffer:52] in-event <InotifyEvent: src_path=b'/app/streamlit.log', wd=1, mask=IN_MODIFY, cookie=0, name='streamlit.log'>
2026-02-01 00:06:04,596 DEBUG [watchdog.observers.inotify_buffer:52] in-event <InotifyEvent: src_path=b'/app/streamlit.log', wd=1, mask=IN_MODIFY, cookie=0, name='streamlit.log'>
2026-02-01 00:06:04,596 DEBUG [watchdog.observers.inotify_buffer:52] in-event <InotifyEvent: src_path=b'/app/streamlit.log', wd=1, mask=IN_MODIFY, cookie=0, name='streamlit.log'>
2026-02-01 00:06:04,597 DEBUG [watchdog.observers.inotify_buffer:52] in-event <InotifyEvent: src_path=b'/app/streamlit.log', wd=1, mask=IN_MODIFY, cookie=0, name='streamlit.log'>
2026-02-01 00:06:04,597 DEBUG [watchdog.observers.inotify_buffer:52] in-event <InotifyEvent: src_path=b'/app/streamlit.log', wd=1, mask=IN_MODIFY, cookie=0, name='streamlit.log'>
2026-02-01 00:06:04,598 DEBUG [watchdog.observers.inotify_buffer:52] in-event <InotifyEvent: src_path=b'/app/streamlit.log', wd=1, mask=IN_MODIFY, cookie=0, name='streamlit.log'>
2026-02-01 00:06:04,598 DEBUG [watchdog.observers.inotify_buffer:52] in-event <InotifyEvent: src_path=b'/app/streamlit.log', wd=1, mask=IN_MODIFY, cookie=0, name='streamlit.log'>
2026-02-01 00:06:04,599 DEBUG [watchdog.observers.inotify_buffer:52] in-event <InotifyEvent: src_path=b'/app/streamlit.log', wd=1, mask=IN_MODIFY, cookie=0, name='streamlit.log'>
2026-02-01 00:06:04,599 DEBUG [watchdog.observers.inotify_buffer:52] in-event <InotifyEvent: src_path=b'/app/streamlit.log', wd=1, mask=IN_MODIFY, cookie=0, name='streamlit.log'>
2026-02-01 00:06:04,599 DEBUG [watchdog.observers.inotify_buffer:52] in-event <InotifyEvent: src_path=b'/app/streamlit.log', wd=1, mask=IN_MODIFY, cookie=0, name='streamlit.log'>
2026-02-01 00:06:04,600 DEBUG [watchdog.observers.inotify_buffer:52] in-event <InotifyEvent: src_path=b'/app/streamlit.log', wd=1, mask=IN_MODIFY, cookie=0, name='streamlit.log'>
2026-02-01 00:06:04,600 DEBUG [watchdog.observers.inotify_buffer:52] in-event <InotifyEvent: src_path=b'/app/streamlit.log', wd=1, mask=IN_MODIFY, cookie=0, name='streamlit.log'>
2026-02-01 00:06:04,600 DEBUG [watchdog.observers.inotify_buffer:52] in-event <InotifyEvent: src_path=b'/app/streamlit.log', wd=1, mask=IN_MODIFY, cookie=0, name='streamlit.log'>
2026-02-01 00:06:04,601 DEBUG [watchdog.observers.inotify_buffer:52] in-event <InotifyEvent: src_path=b'/app/streamlit.log', wd=1, mask=IN_MODIFY, cookie=0, name='streamlit.log'>
2026-02-01 00:06:04,601 DEBUG [watchdog.observers.inotify_buffer:52] in-event <InotifyEvent: src_path=b'/app/streamlit.log', wd=1, mask=IN_MODIFY, cookie=0, name='streamlit.log'>
2026-02-01 00:06:04,602 DEBUG [watchdog.observers.inotify_buffer:52] in-event <InotifyEvent: src_path=b'/app/streamlit.log', wd=1, mask=IN_MODIFY, cookie=0, name='streamlit.log'>
2026-02-01 00:06:04,602 DEBUG [watchdog.observers.inotify_buffer:52] in-event <InotifyEvent: src_path=b'/app/streamlit.log', wd=1, mask=IN_MODIFY, cookie=0, name='streamlit.log'>
2026-02-01 00:06:04,602 DEBUG [watchdog.observers.inotify_buffer:52] in-event <InotifyEvent: src_path=b'/app/streamlit.log', wd=1, mask=IN_MODIFY, cookie=0, name='streamlit.log'>
2026-02-01 00:06:04,603 DEBUG [watchdog.observers.inotify_buffer:52] in-event <InotifyEvent: src_path=b'/app/streamlit.log', wd=1, mask=IN_MODIFY, cookie=0, name='streamlit.log'>
2026-02-01 00:06:04,604 DEBUG [watchdog.observers.inotify_buffer:52] in-event <InotifyEvent: src_path=b'/app/streamlit.log', wd=1, mask=IN_MODIFY, cookie=0, name='streamlit.log'>
2026-02-01 00:06:04,604 DEBUG [watchdog.observers.inotify_buffer:52] in-event <InotifyEvent: src_path=b'/app/streamlit.log', wd=1, mask=IN_MODIFY, cookie=0, name='streamlit.log'>
2026-02-01 00:06:04,605 DEBUG [watchdog.observers.inotify_buffer:52] in-event <InotifyEvent: src_path=b'/app/streamlit.log', wd=1, mask=IN_MODIFY, cookie=0, name='streamlit.log'>
2026-02-01 00:06:04,605 DEBUG [watchdog.observers.inotify_buffer:52] in-event <InotifyEvent: src_path=b'/app/streamlit.log', wd=1, mask=IN_MODIFY, cookie=0, name='streamlit.log'>
2026-02-01 00:06:04,606 DEBUG [watchdog.observers.inotify_buffer:52] in-event <InotifyEvent: src_path=b'/app/streamlit.log', wd=1, mask=IN_MODIFY, cookie=0, name='streamlit.log'>
2026-02-01 00:06:04,606 DEBUG [watchdog.observers.inotify_buffer:52] in-event <InotifyEvent: src_path=b'/app/streamlit.log', wd=1, mask=IN_MODIFY, cookie=0, name='streamlit.log'>
2026-02-01 00:06:04,607 DEBUG [watchdog.observers.inotify_buffer:52] in-event <InotifyEvent: src_path=b'/app/streamlit.log', wd=1, mask=IN_MODIFY, cookie=0, name='streamlit.log'>
2026-02-01 00:06:04,607 DEBUG [watchdog.observers.inotify_buffer:52] in-event <InotifyEvent: src_path=b'/app/streamlit.log', wd=1, mask=IN_MODIFY, cookie=0, name='streamlit.log'>
2026-02-01 00:06:04,607 DEBUG [watchdog.observers.inotify_buffer:52] in-event <InotifyEvent: src_path=b'/app/streamlit.log', wd=1, mask=IN_MODIFY, cookie=0, name='streamlit.log'>
2026-02-01 00:06:04,608 DEBUG [watchdog.observers.inotify_buffer:52] in-event <InotifyEvent: src_path=b'/app/streamlit.log', wd=1, mask=IN_MODIFY, cookie=0, name='streamlit.log'>
2026-02-01 00:06:04,608 DEBUG [watchdog.observers.inotify_buffer:52] in-event <InotifyEvent: src_path=b'/app/streamlit.log', wd=1, mask=IN_MODIFY, cookie=0, name='streamlit.log'>
2026-02-01 00:06:04,608 DEBUG [watchdog.observers.inotify_buffer:52] in-event <InotifyEvent: src_path=b'/app/streamlit.log', wd=1, mask=IN_MODIFY, cookie=0, name='streamlit.log'>
2026-02-01 00:06:04,609 DEBUG [watchdog.observers.inotify_buffer:52] in-event <InotifyEvent: src_path=b'/app/streamlit.log', wd=1, mask=IN_MODIFY, cookie=0, name='streamlit.log'>
2026-02-01 00:06:04,609 DEBUG [watchdog.observers.inotify_buffer:52] in-event <InotifyEvent: src_path=b'/app/streamlit.log', wd=1, mask=IN_MODIFY, cookie=0, name='streamlit.log'>
2026-02-01 00:06:04,610 DEBUG [watchdog.observers.inotify_buffer:52] in-event <InotifyEvent: src_path=b'/app/streamlit.log', wd=1, mask=IN_MODIFY, cookie=0, name='streamlit.log'>
2026-02-01 00:06:04,610 DEBUG [watchdog.observers.inotify_buffer:52] in-event <InotifyEvent: src_path=b'/app/streamlit.log', wd=1, mask=IN_MODIFY, cookie=0, name='streamlit.log'>
2026-02-01 00:06:04,610 DEBUG [watchdog.observers.inotify_buffer:52] in-event <InotifyEvent: src_path=b'/app/streamlit.log', wd=1, mask=IN_MODIFY, cookie=0, name='streamlit.log'>
2026-02-01 00:06:04,611 DEBUG [watchdog.observers.inotify_buffer:52] in-event <InotifyEvent: src_path=b'/app/streamlit.log', wd=1, mask=IN_MODIFY, cookie=0, name='streamlit.log'>
2026-02-01 00:06:04,611 DEBUG [watchdog.observers.inotify_buffer:52] in-event <InotifyEvent: src_path=b'/app/streamlit.log', wd=1, mask=IN_MODIFY, cookie=0, name='streamlit.log'>
2026-02-01 00:06:04,611 DEBUG [watchdog.observers.inotify_buffer:52] in-event <InotifyEvent: src_path=b'/app/streamlit.log', wd=1, mask=IN_MODIFY, cookie=0, name='streamlit.log'>
2026-02-01 00:06:04,612 DEBUG [watchdog.observers.inotify_buffer:52] in-event <InotifyEvent: src_path=b'/app/streamlit.log', wd=1, mask=IN_MODIFY, cookie=0, name='streamlit.log'>
2026-02-01 00:06:04,612 DEBUG [watchdog.observers.inotify_buffer:52] in-event <InotifyEvent: src_path=b'/app/streamlit.log', wd=1, mask=IN_MODIFY, cookie=0, name='streamlit.log'>
2026-02-01 00:06:04,612 DEBUG [watchdog.observers.inotify_buffer:52] in-event <InotifyEvent: src_path=b'/app/streamlit.log', wd=1, mask=IN_MODIFY, cookie=0, name='streamlit.log'>
2026-02-01 00:06:04,613 DEBUG [watchdog.observers.inotify_buffer:52] in-event <InotifyEvent: src_path=b'/app/streamlit.log', wd=1, mask=IN_MODIFY, cookie=0, name='streamlit.log'>
2026-02-01 00:06:04,613 DEBUG [watchdog.observers.inotify_buffer:52] in-event <InotifyEvent: src_path=b'/app/streamlit.log', wd=1, mask=IN_MODIFY, cookie=0, name='streamlit.log'>
2026-02-01 00:06:04,614 DEBUG [watchdog.observers.inotify_buffer:52] in-event <InotifyEvent: src_path=b'/app/streamlit.log', wd=1, mask=IN_MODIFY, cookie=0, name='streamlit.log'>
2026-02-01 00:06:04,614 DEBUG [watchdog.observers.inotify_buffer:52] in-event <InotifyEvent: src_path=b'/app/streamlit.log', wd=1, mask=IN_MODIFY, cookie=0, name='streamlit.log'>
2026-02-01 00:06:04,615 DEBUG [watchdog.observers.inotify_buffer:52] in-event <InotifyEvent: src_path=b'/app/streamlit.log', wd=1, mask=IN_MODIFY, cookie=0, name='streamlit.log'>
2026-02-01 00:06:04,615 DEBUG [watchdog.observers.inotify_buffer:52] in-event <InotifyEvent: src_path=b'/app/streamlit.log', wd=1, mask=IN_MODIFY, cookie=0, name='streamlit.log'>
2026-02-01 00:06:04,615 DEBUG [watchdog.observers.inotify_buffer:52] in-event <InotifyEvent: src_path=b'/app/streamlit.log', wd=1, mask=IN_MODIFY, cookie=0, name='streamlit.log'>
2026-02-01 00:06:04,616 DEBUG [watchdog.observers.inotify_buffer:52] in-event <InotifyEvent: src_path=b'/app/streamlit.log', wd=1, mask=IN_MODIFY, cookie=0, name='streamlit.log'>
2026-02-01 00:06:04,617 DEBUG [watchdog.observers.inotify_buffer:52] in-event <InotifyEvent: src_path=b'/app/streamlit.log', wd=1, mask=IN_MODIFY, cookie=0, name='streamlit.log'>
2026-02-01 00:06:04,617 DEBUG [watchdog.observers.inotify_buffer:52] in-event <InotifyEvent: src_path=b'/app/streamlit.log', wd=1, mask=IN_MODIFY, cookie=0, name='streamlit.log'>
2026-02-01 00:06:04,619 DEBUG [watchdog.observers.inotify_buffer:52] in-event <InotifyEvent: src_path=b'/app/streamlit.log', wd=1, mask=IN_MODIFY, cookie=0, name='streamlit.log'>
2026-02-01 00:06:04,619 DEBUG [watchdog.observers.inotify_buffer:52] in-event <InotifyEvent: src_path=b'/app/streamlit.log', wd=1, mask=IN_MODIFY, cookie=0, name='streamlit.log'>
2026-02-01 00:06:04,619 DEBUG [watchdog.observers.inotify_buffer:52] in-event <InotifyEvent: src_path=b'/app/streamlit.log', wd=1, mask=IN_MODIFY, cookie=0, name='streamlit.log'>
2026-02-01 00:06:04,620 DEBUG [watchdog.observers.inotify_buffer:52] in-event <InotifyEvent: src_path=b'/app/streamlit.log', wd=1, mask=IN_MODIFY, cookie=0, name='streamlit.log'>
2026-02-01 00:06:04,621 DEBUG [watchdog.observers.inotify_buffer:52] in-event <InotifyEvent: src_path=b'/app/streamlit.log', wd=1, mask=IN_MODIFY, cookie=0, name='streamlit.log'>
2026-02-01 00:06:04,621 DEBUG [watchdog.observers.inotify_buffer:52] in-event <InotifyEvent: src_path=b'/app/streamlit.log', wd=1, mask=IN_MODIFY, cookie=0, name='streamlit.log'>
2026-02-01 00:06:04,622 DEBUG [watchdog.observers.inotify_buffer:52] in-event <InotifyEvent: src_path=b'/app/streamlit.log', wd=1, mask=IN_MODIFY, cookie=0, name='streamlit.log'>
2026-02-01 00:06:04,622 DEBUG [watchdog.observers.inotify_buffer:52] in-event <InotifyEvent: src_path=b'/app/streamlit.log', wd=1, mask=IN_MODIFY, cookie=0, name='streamlit.log'>
2026-02-01 00:06:04,622 DEBUG [watchdog.observers.inotify_buffer:52] in-event <InotifyEvent: src_path=b'/app/streamlit.log', wd=1, mask=IN_MODIFY, cookie=0, name='streamlit.log'>
2026-02-01 00:06:04,623 DEBUG [watchdog.observers.inotify_buffer:52] in-event <InotifyEvent: src_path=b'/app/streamlit.log', wd=1, mask=IN_MODIFY, cookie=0, name='streamlit.log'>
2026-02-01 00:06:04,623 DEBUG [watchdog.observers.inotify_buffer:52] in-event <InotifyEvent: src_path=b'/app/streamlit.log', wd=1, mask=IN_MODIFY, cookie=0, name='streamlit.log'>
2026-02-01 00:06:04,624 DEBUG [watchdog.observers.inotify_buffer:52] in-event <InotifyEvent: src_path=b'/app/streamlit.log', wd=1, mask=IN_MODIFY, cookie=0, name='streamlit.log'>
2026-02-01 00:06:04,624 DEBUG [watchdog.observers.inotify_buffer:52] in-event <InotifyEvent: src_path=b'/app/streamlit.log', wd=1, mask=IN_MODIFY, cookie=0, name='streamlit.log'>
2026-02-01 00:06:04,624 DEBUG [watchdog.observers.inotify_buffer:52] in-event <InotifyEvent: src_path=b'/app/streamlit.log', wd=1, mask=IN_MODIFY, cookie=0, name='streamlit.log'>
2026-02-01 00:06:04,626 DEBUG [watchdog.observers.inotify_buffer:52] in-event <InotifyEvent: src_path=b'/app/streamlit.log', wd=1, mask=IN_MODIFY, cookie=0, name='streamlit.log'>
2026-02-01 00:06:04,626 DEBUG [watchdog.observers.inotify_buffer:52] in-event <InotifyEvent: src_path=b'/app/streamlit.log', wd=1, mask=IN_MODIFY, cookie=0, name='streamlit.log'>
2026-02-01 00:06:04,626 DEBUG [watchdog.observers.inotify_buffer:52] in-event <InotifyEvent: src_path=b'/app/streamlit.log', wd=1, mask=IN_MODIFY, cookie=0, name='streamlit.log'>
2026-02-01 00:06:04,627 DEBUG [watchdog.observers.inotify_buffer:52] in-event <InotifyEvent: src_path=b'/app/streamlit.log', wd=1, mask=IN_MODIFY, cookie=0, name='streamlit.log'>
2026-02-01 00:06:04,627 DEBUG [watchdog.observers.inotify_buffer:52] in-event <InotifyEvent: src_path=b'/app/streamlit.log', wd=1, mask=IN_MODIFY, cookie=0, name='streamlit.log'>
2026-02-01 00:06:04,628 DEBUG [watchdog.observers.inotify_buffer:52] in-event <InotifyEvent: src_path=b'/app/streamlit.log', wd=1, mask=IN_MODIFY, cookie=0, name='streamlit.log'>
2026-02-01 00:06:04,628 DEBUG [watchdog.observers.inotify_buffer:52] in-event <InotifyEvent: src_path=b'/app/streamlit.log', wd=1, mask=IN_MODIFY, cookie=0, name='streamlit.log'>
2026-02-01 00:06:04,628 DEBUG [watchdog.observers.inotify_buffer:52] in-event <InotifyEvent: src_path=b'/app/streamlit.log', wd=1, mask=IN_MODIFY, cookie=0, name='streamlit.log'>
2026-02-01 00:06:04,629 DEBUG [watchdog.observers.inotify_buffer:52] in-event <InotifyEvent: src_path=b'/app/streamlit.log', wd=1, mask=IN_MODIFY, cookie=0, name='streamlit.log'>
2026-02-01 00:06:04,629 DEBUG [watchdog.observers.inotify_buffer:52] in-event <InotifyEvent: src_path=b'/app/streamlit.log', wd=1, mask=IN_MODIFY, cookie=0, name='streamlit.log'>
2026-02-01 00:06:04,629 DEBUG [watchdog.observers.inotify_buffer:52] in-event <InotifyEvent: src_path=b'/app/streamlit.log', wd=1, mask=IN_MODIFY, cookie=0, name='streamlit.log'>
2026-02-01 00:06:04,630 DEBUG [watchdog.observers.inotify_buffer:52] in-event <InotifyEvent: src_path=b'/app/streamlit.log', wd=1, mask=IN_MODIFY, cookie=0, name='streamlit.log'>
2026-02-01 00:06:04,630 DEBUG [watchdog.observers.inotify_buffer:52] in-event <InotifyEvent: src_path=b'/app/streamlit.log', wd=1, mask=IN_MODIFY, cookie=0, name='streamlit.log'>
2026-02-01 00:06:04,631 DEBUG [watchdog.observers.inotify_buffer:52] in-event <InotifyEvent: src_path=b'/app/streamlit.log', wd=1, mask=IN_MODIFY, cookie=0, name='streamlit.log'>
2026-02-01 00:06:04,632 DEBUG [watchdog.observers.inotify_buffer:52] in-event <InotifyEvent: src_path=b'/app/streamlit.log', wd=1, mask=IN_MODIFY, cookie=0, name='streamlit.log'>
2026-02-01 00:06:04,632 DEBUG [watchdog.observers.inotify_buffer:52] in-event <InotifyEvent: src_path=b'/app/streamlit.log', wd=1, mask=IN_MODIFY, cookie=0, name='streamlit.log'>
2026-02-01 00:06:04,632 DEBUG [watchdog.observers.inotify_buffer:52] in-event <InotifyEvent: src_path=b'/app/streamlit.log', wd=1, mask=IN_MODIFY, cookie=0, name='streamlit.log'>
2026-02-01 00:06:04,633 DEBUG [watchdog.observers.inotify_buffer:52] in-event <InotifyEvent: src_path=b'/app/streamlit.log', wd=1, mask=IN_MODIFY, cookie=0, name='streamlit.log'>
2026-02-01 00:06:04,633 DEBUG [watchdog.observers.inotify_buffer:52] in-event <InotifyEvent: src_path=b'/app/streamlit.log', wd=1, mask=IN_MODIFY, cookie=0, name='streamlit.log'>
2026-02-01 00:06:04,634 DEBUG [watchdog.observers.inotify_buffer:52] in-event <InotifyEvent: src_path=b'/app/streamlit.log', wd=1, mask=IN_MODIFY, cookie=0, name='streamlit.log'>
2026-02-01 00:06:04,634 DEBUG [watchdog.observers.inotify_buffer:52] in-event <InotifyEvent: src_path=b'/app/streamlit.log', wd=1, mask=IN_MODIFY, cookie=0, name='streamlit.log'>
2026-02-01 00:06:04,634 DEBUG [watchdog.observers.inotify_buffer:52] in-event <InotifyEvent: src_path=b'/app/streamlit.log', wd=1, mask=IN_MODIFY, cookie=0, name='streamlit.log'>
2026-02-01 00:06:04,635 DEBUG [watchdog.observers.inotify_buffer:52] in-event <InotifyEvent: src_path=b'/app/streamlit.log', wd=1, mask=IN_MODIFY, cookie=0, name='streamlit.log'>
2026-02-01 00:06:04,636 DEBUG [watchdog.observers.inotify_buffer:52] in-event <InotifyEvent: src_path=b'/app/streamlit.log', wd=1, mask=IN_MODIFY, cookie=0, name='streamlit.log'>
2026-02-01 00:06:04,637 DEBUG [watchdog.observers.inotify_buffer:52] in-event <InotifyEvent: src_path=b'/app/streamlit.log', wd=1, mask=IN_MODIFY, cookie=0, name='streamlit.log'>
2026-02-01 00:06:04,637 DEBUG [watchdog.observers.inotify_buffer:52] in-event <InotifyEvent: src_path=b'/app/streamlit.log', wd=1, mask=IN_MODIFY, cookie=0, name='streamlit.log'>
2026-02-01 00:06:04,638 DEBUG [watchdog.observers.inotify_buffer:52] in-event <InotifyEvent: src_path=b'/app/streamlit.log', wd=1, mask=IN_MODIFY, cookie=0, name='streamlit.log'>
2026-02-01 00:06:04,638 DEBUG [watchdog.observers.inotify_buffer:52] in-event <InotifyEvent: src_path=b'/app/streamlit.log', wd=1, mask=IN_MODIFY, cookie=0, name='streamlit.log'>
2026-02-01 00:06:04,638 DEBUG [watchdog.observers.inotify_buffer:52] in-event <InotifyEvent: src_path=b'/app/streamlit.log', wd=1, mask=IN_MODIFY, cookie=0, name='streamlit.log'>
2026-02-01 00:06:04,639 DEBUG [watchdog.observers.inotify_buffer:52] in-event <InotifyEvent: src_path=b'/app/streamlit.log', wd=1, mask=IN_MODIFY, cookie=0, name='streamlit.log'>
2026-02-01 00:06:04,639 DEBUG [watchdog.observers.inotify_buffer:52] in-event <InotifyEvent: src_path=b'/app/streamlit.log', wd=1, mask=IN_MODIFY, cookie=0, name='streamlit.log'>
2026-02-01 00:06:04,640 DEBUG [watchdog.observers.inotify_buffer:52] in-event <InotifyEvent: src_path=b'/app/streamlit.log', wd=1, mask=IN_MODIFY, cookie=0, name='streamlit.log'>
2026-02-01 00:06:04,640 DEBUG [watchdog.observers.inotify_buffer:52] in-event <InotifyEvent: src_path=b'/app/streamlit.log', wd=1, mask=IN_MODIFY, cookie=0, name='streamlit.log'>
2026-02-01 00:06:04,641 DEBUG [watchdog.observers.inotify_buffer:52] in-event <InotifyEvent: src_path=b'/app/streamlit.log', wd=1, mask=IN_MODIFY, cookie=0, name='streamlit.log'>
2026-02-01 00:06:04,641 DEBUG [watchdog.observers.inotify_buffer:52] in-event <InotifyEvent: src_path=b'/app/streamlit.log', wd=1, mask=IN_MODIFY, cookie=0, name='streamlit.log'>
2026-02-01 00:06:04,642 DEBUG [watchdog.observers.inotify_buffer:52] in-event <InotifyEvent: src_path=b'/app/streamlit.log', wd=1, mask=IN_MODIFY, cookie=0, name='streamlit.log'>
2026-02-01 00:06:04,643 DEBUG [watchdog.observers.inotify_buffer:52] in-event <InotifyEvent: src_path=b'/app/streamlit.log', wd=1, mask=IN_MODIFY, cookie=0, name='streamlit.log'>
2026-02-01 00:06:04,643 DEBUG [watchdog.observers.inotify_buffer:52] in-event <InotifyEvent: src_path=b'/app/streamlit.log', wd=1, mask=IN_MODIFY, cookie=0, name='streamlit.log'>
2026-02-01 00:06:04,644 DEBUG [watchdog.observers.inotify_buffer:52] in-event <InotifyEvent: src_path=b'/app/streamlit.log', wd=1, mask=IN_MODIFY, cookie=0, name='streamlit.log'>
2026-02-01 00:06:04,644 DEBUG [watchdog.observers.inotify_buffer:52] in-event <InotifyEvent: src_path=b'/app/streamlit.log', wd=1, mask=IN_MODIFY, cookie=0, name='streamlit.log'>
2026-02-01 00:06:04,644 DEBUG [watchdog.observers.inotify_buffer:52] in-event <InotifyEvent: src_path=b'/app/streamlit.log', wd=1, mask=IN_MODIFY, cookie=0, name='streamlit.log'>
2026-02-01 00:06:04,645 DEBUG [watchdog.observers.inotify_buffer:52] in-event <InotifyEvent: src_path=b'/app/streamlit.log', wd=1, mask=IN_MODIFY, cookie=0, name='streamlit.log'>
2026-02-01 00:06:04,645 DEBUG [watchdog.observers.inotify_buffer:52] in-event <InotifyEvent: src_path=b'/app/streamlit.log', wd=1, mask=IN_MODIFY, cookie=0, name='streamlit.log'>
2026-02-01 00:06:04,646 DEBUG [watchdog.observers.inotify_buffer:52] in-event <InotifyEvent: src_path=b'/app/streamlit.log', wd=1, mask=IN_MODIFY, cookie=0, name='streamlit.log'>
2026-02-01 00:06:04,646 DEBUG [watchdog.observers.inotify_buffer:52] in-event <InotifyEvent: src_path=b'/app/streamlit.log', wd=1, mask=IN_MODIFY, cookie=0, name='streamlit.log'>
2026-02-01 00:06:04,647 DEBUG [watchdog.observers.inotify_buffer:52] in-event <InotifyEvent: src_path=b'/app/streamlit.log', wd=1, mask=IN_MODIFY, cookie=0, name='streamlit.log'>
2026-02-01 00:06:04,647 DEBUG [watchdog.observers.inotify_buffer:52] in-event <InotifyEvent: src_path=b'/app/streamlit.log', wd=1, mask=IN_MODIFY, cookie=0, name='streamlit.log'>
2026-02-01 00:06:04,648 DEBUG [watchdog.observers.inotify_buffer:52] in-event <InotifyEvent: src_path=b'/app/streamlit.log', wd=1, mask=IN_MODIFY, cookie=0, name='streamlit.log'>
2026-02-01 00:06:04,648 DEBUG [watchdog.observers.inotify_buffer:52] in-event <InotifyEvent: src_path=b'/app/streamlit.log', wd=1, mask=IN_MODIFY, cookie=0, name='streamlit.log'>
2026-02-01 00:06:04,649 DEBUG [watchdog.observers.inotify_buffer:52] in-event <InotifyEvent: src_path=b'/app/streamlit.log', wd=1, mask=IN_MODIFY, cookie=0, name='streamlit.log'>
2026-02-01 00:06:04,650 DEBUG [watchdog.observers.inotify_buffer:52] in-event <InotifyEvent: src_path=b'/app/streamlit.log', wd=1, mask=IN_MODIFY, cookie=0, name='streamlit.log'>
2026-02-01 00:06:04,650 DEBUG [watchdog.observers.inotify_buffer:52] in-event <InotifyEvent: src_path=b'/app/streamlit.log', wd=1, mask=IN_MODIFY, cookie=0, name='streamlit.log'>
2026-02-01 00:06:04,651 DEBUG [watchdog.observers.inotify_buffer:52] in-event <InotifyEvent: src_path=b'/app/streamlit.log', wd=1, mask=IN_MODIFY, cookie=0, name='streamlit.log'>
2026-02-01 00:06:04,651 DEBUG [watchdog.observers.inotify_buffer:52] in-event <InotifyEvent: src_path=b'/app/streamlit.log', wd=1, mask=IN_MODIFY, cookie=0, name='streamlit.log'>
2026-02-01 00:06:04,652 DEBUG [watchdog.observers.inotify_buffer:52] in-event <InotifyEvent: src_path=b'/app/streamlit.log', wd=1, mask=IN_MODIFY, cookie=0, name='streamlit.log'>
2026-02-01 00:06:04,652 DEBUG [watchdog.observers.inotify_buffer:52] in-event <InotifyEvent: src_path=b'/app/streamlit.log', wd=1, mask=IN_MODIFY, cookie=0, name='streamlit.log'>
2026-02-01 00:06:04,652 DEBUG [watchdog.observers.inotify_buffer:52] in-event <InotifyEvent: src_path=b'/app/streamlit.log', wd=1, mask=IN_MODIFY, cookie=0, name='streamlit.log'>
2026-02-01 00:06:04,653 DEBUG [watchdog.observers.inotify_buffer:52] in-event <InotifyEvent: src_path=b'/app/streamlit.log', wd=1, mask=IN_MODIFY, cookie=0, name='streamlit.log'>
2026-02-01 00:06:04,654 DEBUG [watchdog.observers.inotify_buffer:52] in-event <InotifyEvent: src_path=b'/app/streamlit.log', wd=1, mask=IN_MODIFY, cookie=0, name='streamlit.log'>
2026-02-01 00:06:04,654 DEBUG [watchdog.observers.inotify_buffer:52] in-event <InotifyEvent: src_path=b'/app/streamlit.log', wd=1, mask=IN_MODIFY, cookie=0, name='streamlit.log'>
2026-02-01 00:06:04,655 DEBUG [watchdog.observers.inotify_buffer:52] in-event <InotifyEvent: src_path=b'/app/streamlit.log', wd=1, mask=IN_MODIFY, cookie=0, name='streamlit.log'>
2026-02-01 00:06:04,655 DEBUG [watchdog.observers.inotify_buffer:52] in-event <InotifyEvent: src_path=b'/app/streamlit.log', wd=1, mask=IN_MODIFY, cookie=0, name='streamlit.log'>
2026-02-01 00:06:04,656 DEBUG [watchdog.observers.inotify_buffer:52] in-event <InotifyEvent: src_path=b'/app/streamlit.log', wd=1, mask=IN_MODIFY, cookie=0, name='streamlit.log'>
2026-02-01 00:06:04,656 DEBUG [watchdog.observers.inotify_buffer:52] in-event <InotifyEvent: src_path=b'/app/streamlit.log', wd=1, mask=IN_MODIFY, cookie=0, name='streamlit.log'>
2026-02-01 00:06:04,657 DEBUG [watchdog.observers.inotify_buffer:52] in-event <InotifyEvent: src_path=b'/app/streamlit.log', wd=1, mask=IN_MODIFY, cookie=0, name='streamlit.log'>
2026-02-01 00:06:04,657 DEBUG [watchdog.observers.inotify_buffer:52] in-event <InotifyEvent: src_path=b'/app/streamlit.log', wd=1, mask=IN_MODIFY, cookie=0, name='streamlit.log'>
2026-02-01 00:06:04,658 DEBUG [watchdog.observers.inotify_buffer:52] in-event <InotifyEvent: src_path=b'/app/streamlit.log', wd=1, mask=IN_MODIFY, cookie=0, name='streamlit.log'>
2026-02-01 00:06:04,659 DEBUG [watchdog.observers.inotify_buffer:52] in-event <InotifyEvent: src_path=b'/app/streamlit.log', wd=1, mask=IN_MODIFY, cookie=0, name='streamlit.log'>
2026-02-01 00:06:04,660 DEBUG [watchdog.observers.inotify_buffer:52] in-event <InotifyEvent: src_path=b'/app/streamlit.log', wd=1, mask=IN_MODIFY, cookie=0, name='streamlit.log'>
2026-02-01 00:06:04,661 DEBUG [watchdog.observers.inotify_buffer:52] in-event <InotifyEvent: src_path=b'/app/streamlit.log', wd=1, mask=IN_MODIFY, cookie=0, name='streamlit.log'>
2026-02-01 00:06:04,661 DEBUG [watchdog.observers.inotify_buffer:52] in-event <InotifyEvent: src_path=b'/app/streamlit.log', wd=1, mask=IN_MODIFY, cookie=0, name='streamlit.log'>
2026-02-01 00:06:04,662 DEBUG [watchdog.observers.inotify_buffer:52] in-event <InotifyEvent: src_path=b'/app/streamlit.log', wd=1, mask=IN_MODIFY, cookie=0, name='streamlit.log'>
2026-02-01 00:06:04,662 DEBUG [watchdog.observers.inotify_buffer:52] in-event <InotifyEvent: src_path=b'/app/streamlit.log', wd=1, mask=IN_MODIFY, cookie=0, name='streamlit.log'>
2026-02-01 00:06:04,663 DEBUG [watchdog.observers.inotify_buffer:52] in-event <InotifyEvent: src_path=b'/app/streamlit.log', wd=1, mask=IN_MODIFY, cookie=0, name='streamlit.log'>
2026-02-01 00:06:04,663 DEBUG [watchdog.observers.inotify_buffer:52] in-event <InotifyEvent: src_path=b'/app/streamlit.log', wd=1, mask=IN_MODIFY, cookie=0, name='streamlit.log'>
2026-02-01 00:06:04,663 DEBUG [watchdog.observers.inotify_buffer:52] in-event <InotifyEvent: src_path=b'/app/streamlit.log', wd=1, mask=IN_MODIFY, cookie=0, name='streamlit.log'>
2026-02-01 00:06:04,665 DEBUG [watchdog.observers.inotify_buffer:52] in-event <InotifyEvent: src_path=b'/app/streamlit.log', wd=1, mask=IN_MODIFY, cookie=0, name='streamlit.log'>
2026-02-01 00:06:04,665 DEBUG [watchdog.observers.inotify_buffer:52] in-event <InotifyEvent: src_path=b'/app/streamlit.log', wd=1, mask=IN_MODIFY, cookie=0, name='streamlit.log'>
2026-02-01 00:06:04,666 DEBUG [watchdog.observers.inotify_buffer:52] in-event <InotifyEvent: src_path=b'/app/streamlit.log', wd=1, mask=IN_MODIFY, cookie=0, name='streamlit.log'>
2026-02-01 00:06:04,666 DEBUG [watchdog.observers.inotify_buffer:52] in-event <InotifyEvent: src_path=b'/app/streamlit.log', wd=1, mask=IN_MODIFY, cookie=0, name='streamlit.log'>
2026-02-01 00:06:04,667 DEBUG [watchdog.observers.inotify_buffer:52] in-event <InotifyEvent: src_path=b'/app/streamlit.log', wd=1, mask=IN_MODIFY, cookie=0, name='streamlit.log'>
2026-02-01 00:06:04,667 DEBUG [watchdog.observers.inotify_buffer:52] in-event <InotifyEvent: src_path=b'/app/streamlit.log', wd=1, mask=IN_MODIFY, cookie=0, name='streamlit.log'>
2026-02-01 00:06:04,668 DEBUG [watchdog.observers.inotify_buffer:52] in-event <InotifyEvent: src_path=b'/app/streamlit.log', wd=1, mask=IN_MODIFY, cookie=0, name='streamlit.log'>
2026-02-01 00:06:04,669 DEBUG [watchdog.observers.inotify_buffer:52] in-event <InotifyEvent: src_path=b'/app/streamlit.log', wd=1, mask=IN_MODIFY, cookie=0, name='streamlit.log'>
2026-02-01 00:06:04,669 DEBUG [watchdog.observers.inotify_buffer:52] in-event <InotifyEvent: src_path=b'/app/streamlit.log', wd=1, mask=IN_MODIFY, cookie=0, name='streamlit.log'>
2026-02-01 00:06:04,670 DEBUG [watchdog.observers.inotify_buffer:52] in-event <InotifyEvent: src_path=b'/app/streamlit.log', wd=1, mask=IN_MODIFY, cookie=0, name='streamlit.log'>
2026-02-01 00:06:04,670 DEBUG [watchdog.observers.inotify_buffer:52] in-event <InotifyEvent: src_path=b'/app/streamlit.log', wd=1, mask=IN_MODIFY, cookie=0, name='streamlit.log'>
2026-02-01 00:06:04,670 DEBUG [watchdog.observers.inotify_buffer:52] in-event <InotifyEvent: src_path=b'/app/streamlit.log', wd=1, mask=IN_MODIFY, cookie=0, name='streamlit.log'>
2026-02-01 00:06:04,671 DEBUG [watchdog.observers.inotify_buffer:52] in-event <InotifyEvent: src_path=b'/app/streamlit.log', wd=1, mask=IN_MODIFY, cookie=0, name='streamlit.log'>
2026-02-01 00:06:04,671 DEBUG [watchdog.observers.inotify_buffer:52] in-event <InotifyEvent: src_path=b'/app/streamlit.log', wd=1, mask=IN_MODIFY, cookie=0, name='streamlit.log'>
2026-02-01 00:06:04,672 DEBUG [watchdog.observers.inotify_buffer:52] in-event <InotifyEvent: src_path=b'/app/streamlit.log', wd=1, mask=IN_MODIFY, cookie=0, name='streamlit.log'>
2026-02-01 00:06:04,673 DEBUG [watchdog.observers.inotify_buffer:52] in-event <InotifyEvent: src_path=b'/app/streamlit.log', wd=1, mask=IN_MODIFY, cookie=0, name='streamlit.log'>
2026-02-01 00:06:04,673 DEBUG [watchdog.observers.inotify_buffer:52] in-event <InotifyEvent: src_path=b'/app/streamlit.log', wd=1, mask=IN_MODIFY, cookie=0, name='streamlit.log'>
2026-02-01 00:06:04,674 DEBUG [watchdog.observers.inotify_buffer:52] in-event <InotifyEvent: src_path=b'/app/streamlit.log', wd=1, mask=IN_MODIFY, cookie=0, name='streamlit.log'>
2026-02-01 00:06:04,674 DEBUG [watchdog.observers.inotify_buffer:52] in-event <InotifyEvent: src_path=b'/app/streamlit.log', wd=1, mask=IN_MODIFY, cookie=0, name='streamlit.log'>
2026-02-01 00:06:04,674 DEBUG [watchdog.observers.inotify_buffer:52] in-event <InotifyEvent: src_path=b'/app/streamlit.log', wd=1, mask=IN_MODIFY, cookie=0, name='streamlit.log'>
2026-02-01 00:06:04,675 DEBUG [watchdog.observers.inotify_buffer:52] in-event <InotifyEvent: src_path=b'/app/streamlit.log', wd=1, mask=IN_MODIFY, cookie=0, name='streamlit.log'>
2026-02-01 00:06:04,675 DEBUG [watchdog.observers.inotify_buffer:52] in-event <InotifyEvent: src_path=b'/app/streamlit.log', wd=1, mask=IN_MODIFY, cookie=0, name='streamlit.log'>
2026-02-01 00:06:04,676 DEBUG [watchdog.observers.inotify_buffer:52] in-event <InotifyEvent: src_path=b'/app/streamlit.log', wd=1, mask=IN_MODIFY, cookie=0, name='streamlit.log'>
2026-02-01 00:06:04,676 DEBUG [watchdog.observers.inotify_buffer:52] in-event <InotifyEvent: src_path=b'/app/streamlit.log', wd=1, mask=IN_MODIFY, cookie=0, name='streamlit.log'>
2026-02-01 00:06:04,676 DEBUG [watchdog.observers.inotify_buffer:52] in-event <InotifyEvent: src_path=b'/app/streamlit.log', wd=1, mask=IN_MODIFY, cookie=0, name='streamlit.log'>
2026-02-01 00:06:04,677 DEBUG [watchdog.observers.inotify_buffer:52] in-event <InotifyEvent: src_path=b'/app/streamlit.log', wd=1, mask=IN_MODIFY, cookie=0, name='streamlit.log'>
2026-02-01 00:06:04,677 DEBUG [watchdog.observers.inotify_buffer:52] in-event <InotifyEvent: src_path=b'/app/streamlit.log', wd=1, mask=IN_MODIFY, cookie=0, name='streamlit.log'>
2026-02-01 00:06:04,677 DEBUG [watchdog.observers.inotify_buffer:52] in-event <InotifyEvent: src_path=b'/app/streamlit.log', wd=1, mask=IN_MODIFY, cookie=0, name='streamlit.log'>
2026-02-01 00:06:04,678 DEBUG [watchdog.observers.inotify_buffer:52] in-event <InotifyEvent: src_path=b'/app/streamlit.log', wd=1, mask=IN_MODIFY, cookie=0, name='streamlit.log'>
2026-02-01 00:06:04,679 DEBUG [watchdog.observers.inotify_buffer:52] in-event <InotifyEvent: src_path=b'/app/streamlit.log', wd=1, mask=IN_MODIFY, cookie=0, name='streamlit.log'>
2026-02-01 00:06:04,679 DEBUG [watchdog.observers.inotify_buffer:52] in-event <InotifyEvent: src_path=b'/app/streamlit.log', wd=1, mask=IN_MODIFY, cookie=0, name='streamlit.log'>
2026-02-01 00:06:04,680 DEBUG [watchdog.observers.inotify_buffer:52] in-event <InotifyEvent: src_path=b'/app/streamlit.log', wd=1, mask=IN_MODIFY, cookie=0, name='streamlit.log'>
2026-02-01 00:06:04,680 DEBUG [watchdog.observers.inotify_buffer:52] in-event <InotifyEvent: src_path=b'/app/streamlit.log', wd=1, mask=IN_MODIFY, cookie=0, name='streamlit.log'>
2026-02-01 00:06:04,680 DEBUG [watchdog.observers.inotify_buffer:52] in-event <InotifyEvent: src_path=b'/app/streamlit.log', wd=1, mask=IN_MODIFY, cookie=0, name='streamlit.log'>
2026-02-01 00:06:04,681 DEBUG [watchdog.observers.inotify_buffer:52] in-event <InotifyEvent: src_path=b'/app/streamlit.log', wd=1, mask=IN_MODIFY, cookie=0, name='streamlit.log'>
2026-02-01 00:06:04,681 DEBUG [watchdog.observers.inotify_buffer:52] in-event <InotifyEvent: src_path=b'/app/streamlit.log', wd=1, mask=IN_MODIFY, cookie=0, name='streamlit.log'>
2026-02-01 00:06:04,682 DEBUG [watchdog.observers.inotify_buffer:52] in-event <InotifyEvent: src_path=b'/app/streamlit.log', wd=1, mask=IN_MODIFY, cookie=0, name='streamlit.log'>
2026-02-01 00:06:04,683 DEBUG [watchdog.observers.inotify_buffer:52] in-event <InotifyEvent: src_path=b'/app/streamlit.log', wd=1, mask=IN_MODIFY, cookie=0, name='streamlit.log'>
2026-02-01 00:06:04,683 DEBUG [watchdog.observers.inotify_buffer:52] in-event <InotifyEvent: src_path=b'/app/streamlit.log', wd=1, mask=IN_MODIFY, cookie=0, name='streamlit.log'>
2026-02-01 00:06:04,684 DEBUG [watchdog.observers.inotify_buffer:52] in-event <InotifyEvent: src_path=b'/app/streamlit.log', wd=1, mask=IN_MODIFY, cookie=0, name='streamlit.log'>
2026-02-01 00:06:04,684 DEBUG [watchdog.observers.inotify_buffer:52] in-event <InotifyEvent: src_path=b'/app/streamlit.log', wd=1, mask=IN_MODIFY, cookie=0, name='streamlit.log'>
2026-02-01 00:06:04,685 DEBUG [watchdog.observers.inotify_buffer:52] in-event <InotifyEvent: src_path=b'/app/streamlit.log', wd=1, mask=IN_MODIFY, cookie=0, name='streamlit.log'>
2026-02-01 00:06:04,685 DEBUG [watchdog.observers.inotify_buffer:52] in-event <InotifyEvent: src_path=b'/app/streamlit.log', wd=1, mask=IN_MODIFY, cookie=0, name='streamlit.log'>
2026-02-01 00:06:04,685 DEBUG [watchdog.observers.inotify_buffer:52] in-event <InotifyEvent: src_path=b'/app/streamlit.log', wd=1, mask=IN_MODIFY, cookie=0, name='streamlit.log'>
2026-02-01 00:06:04,686 DEBUG [watchdog.observers.inotify_buffer:52] in-event <InotifyEvent: src_path=b'/app/streamlit.log', wd=1, mask=IN_MODIFY, cookie=0, name='streamlit.log'>
2026-02-01 00:06:04,687 DEBUG [watchdog.observers.inotify_buffer:52] in-event <InotifyEvent: src_path=b'/app/streamlit.log', wd=1, mask=IN_MODIFY, cookie=0, name='streamlit.log'>
2026-02-01 00:06:04,687 DEBUG [watchdog.observers.inotify_buffer:52] in-event <InotifyEvent: src_path=b'/app/streamlit.log', wd=1, mask=IN_MODIFY, cookie=0, name='streamlit.log'>
2026-02-01 00:06:04,687 DEBUG [watchdog.observers.inotify_buffer:52] in-event <InotifyEvent: src_path=b'/app/streamlit.log', wd=1, mask=IN_MODIFY, cookie=0, name='streamlit.log'>
2026-02-01 00:06:04,688 DEBUG [watchdog.observers.inotify_buffer:52] in-event <InotifyEvent: src_path=b'/app/streamlit.log', wd=1, mask=IN_MODIFY, cookie=0, name='streamlit.log'>
2026-02-01 00:06:04,688 DEBUG [watchdog.observers.inotify_buffer:52] in-event <InotifyEvent: src_path=b'/app/streamlit.log', wd=1, mask=IN_MODIFY, cookie=0, name='streamlit.log'>
2026-02-01 00:06:04,688 DEBUG [watchdog.observers.inotify_buffer:52] in-event <InotifyEvent: src_path=b'/app/streamlit.log', wd=1, mask=IN_MODIFY, cookie=0, name='streamlit.log'>
2026-02-01 00:06:04,689 DEBUG [watchdog.observers.inotify_buffer:52] in-event <InotifyEvent: src_path=b'/app/streamlit.log', wd=1, mask=IN_MODIFY, cookie=0, name='streamlit.log'>
2026-02-01 00:06:04,690 DEBUG [watchdog.observers.inotify_buffer:52] in-event <InotifyEvent: src_path=b'/app/streamlit.log', wd=1, mask=IN_MODIFY, cookie=0, name='streamlit.log'>
2026-02-01 00:06:04,690 DEBUG [watchdog.observers.inotify_buffer:52] in-event <InotifyEvent: src_path=b'/app/streamlit.log', wd=1, mask=IN_MODIFY, cookie=0, name='streamlit.log'>
2026-02-01 00:06:04,691 DEBUG [watchdog.observers.inotify_buffer:52] in-event <InotifyEvent: src_path=b'/app/streamlit.log', wd=1, mask=IN_MODIFY, cookie=0, name='streamlit.log'>
2026-02-01 00:06:04,691 DEBUG [watchdog.observers.inotify_buffer:52] in-event <InotifyEvent: src_path=b'/app/streamlit.log', wd=1, mask=IN_MODIFY, cookie=0, name='streamlit.log'>
2026-02-01 00:06:04,692 DEBUG [watchdog.observers.inotify_buffer:52] in-event <InotifyEvent: src_path=b'/app/streamlit.log', wd=1, mask=IN_MODIFY, cookie=0, name='streamlit.log'>
2026-02-01 00:06:04,692 DEBUG [watchdog.observers.inotify_buffer:52] in-event <InotifyEvent: src_path=b'/app/streamlit.log', wd=1, mask=IN_MODIFY, cookie=0, name='streamlit.log'>
2026-02-01 00:06:04,693 DEBUG [watchdog.observers.inotify_buffer:52] in-event <InotifyEvent: src_path=b'/app/streamlit.log', wd=1, mask=IN_MODIFY, cookie=0, name='streamlit.log'>
2026-02-01 00:06:04,693 DEBUG [watchdog.observers.inotify_buffer:52] in-event <InotifyEvent: src_path=b'/app/streamlit.log', wd=1, mask=IN_MODIFY, cookie=0, name='streamlit.log'>
2026-02-01 00:06:04,693 DEBUG [watchdog.observers.inotify_buffer:52] in-event <InotifyEvent: src_path=b'/app/streamlit.log', wd=1, mask=IN_MODIFY, cookie=0, name='streamlit.log'>
2026-02-01 00:06:04,694 DEBUG [watchdog.observers.inotify_buffer:52] in-event <InotifyEvent: src_path=b'/app/streamlit.log', wd=1, mask=IN_MODIFY, cookie=0, name='streamlit.log'>
2026-02-01 00:06:04,694 DEBUG [watchdog.observers.inotify_buffer:52] in-event <InotifyEvent: src_path=b'/app/streamlit.log', wd=1, mask=IN_MODIFY, cookie=0, name='streamlit.log'>
2026-02-01 00:06:04,695 DEBUG [watchdog.observers.inotify_buffer:52] in-event <InotifyEvent: src_path=b'/app/streamlit.log', wd=1, mask=IN_MODIFY, cookie=0, name='streamlit.log'>
2026-02-01 00:06:04,695 DEBUG [watchdog.observers.inotify_buffer:52] in-event <InotifyEvent: src_path=b'/app/streamlit.log', wd=1, mask=IN_MODIFY, cookie=0, name='streamlit.log'>
2026-02-01 00:06:04,696 DEBUG [watchdog.observers.inotify_buffer:52] in-event <InotifyEvent: src_path=b'/app/streamlit.log', wd=1, mask=IN_MODIFY, cookie=0, name='streamlit.log'>
2026-02-01 00:06:04,696 DEBUG [watchdog.observers.inotify_buffer:52] in-event <InotifyEvent: src_path=b'/app/streamlit.log', wd=1, mask=IN_MODIFY, cookie=0, name='streamlit.log'>
2026-02-01 00:06:04,697 DEBUG [watchdog.observers.inotify_buffer:52] in-event <InotifyEvent: src_path=b'/app/streamlit.log', wd=1, mask=IN_MODIFY, cookie=0, name='streamlit.log'>
2026-02-01 00:06:04,697 DEBUG [watchdog.observers.inotify_buffer:52] in-event <InotifyEvent: src_path=b'/app/streamlit.log', wd=1, mask=IN_MODIFY, cookie=0, name='streamlit.log'>
2026-02-01 00:06:04,698 DEBUG [watchdog.observers.inotify_buffer:52] in-event <InotifyEvent: src_path=b'/app/streamlit.log', wd=1, mask=IN_MODIFY, cookie=0, name='streamlit.log'>
2026-02-01 00:06:04,698 DEBUG [watchdog.observers.inotify_buffer:52] in-event <InotifyEvent: src_path=b'/app/streamlit.log', wd=1, mask=IN_MODIFY, cookie=0, name='streamlit.log'>
2026-02-01 00:06:04,698 DEBUG [watchdog.observers.inotify_buffer:52] in-event <InotifyEvent: src_path=b'/app/streamlit.log', wd=1, mask=IN_MODIFY, cookie=0, name='streamlit.log'>
2026-02-01 00:06:04,699 DEBUG [watchdog.observers.inotify_buffer:52] in-event <InotifyEvent: src_path=b'/app/streamlit.log', wd=1, mask=IN_MODIFY, cookie=0, name='streamlit.log'>
2026-02-01 00:06:04,699 DEBUG [watchdog.observers.inotify_buffer:52] in-event <InotifyEvent: src_path=b'/app/streamlit.log', wd=1, mask=IN_MODIFY, cookie=0, name='streamlit.log'>
2026-02-01 00:06:04,700 DEBUG [watchdog.observers.inotify_buffer:52] in-event <InotifyEvent: src_path=b'/app/streamlit.log', wd=1, mask=IN_MODIFY, cookie=0, name='streamlit.log'>
2026-02-01 00:06:04,701 DEBUG [watchdog.observers.inotify_buffer:52] in-event <InotifyEvent: src_path=b'/app/streamlit.log', wd=1, mask=IN_MODIFY, cookie=0, name='streamlit.log'>
2026-02-01 00:06:04,701 DEBUG [watchdog.observers.inotify_buffer:52] in-event <InotifyEvent: src_path=b'/app/streamlit.log', wd=1, mask=IN_MODIFY, cookie=0, name='streamlit.log'>
2026-02-01 00:06:04,703 DEBUG [watchdog.observers.inotify_buffer:52] in-event <InotifyEvent: src_path=b'/app/streamlit.log', wd=1, mask=IN_MODIFY, cookie=0, name='streamlit.log'>
2026-02-01 00:06:04,703 DEBUG [watchdog.observers.inotify_buffer:52] in-event <InotifyEvent: src_path=b'/app/streamlit.log', wd=1, mask=IN_MODIFY, cookie=0, name='streamlit.log'>
2026-02-01 00:06:04,704 DEBUG [watchdog.observers.inotify_buffer:52] in-event <InotifyEvent: src_path=b'/app/streamlit.log', wd=1, mask=IN_MODIFY, cookie=0, name='streamlit.log'>
2026-02-01 00:06:04,704 DEBUG [watchdog.observers.inotify_buffer:52] in-event <InotifyEvent: src_path=b'/app/streamlit.log', wd=1, mask=IN_MODIFY, cookie=0, name='streamlit.log'>
2026-02-01 00:06:04,704 DEBUG [watchdog.observers.inotify_buffer:52] in-event <InotifyEvent: src_path=b'/app/streamlit.log', wd=1, mask=IN_MODIFY, cookie=0, name='streamlit.log'>
2026-02-01 00:06:04,705 DEBUG [watchdog.observers.inotify_buffer:52] in-event <InotifyEvent: src_path=b'/app/streamlit.log', wd=1, mask=IN_MODIFY, cookie=0, name='streamlit.log'>
2026-02-01 00:06:04,706 DEBUG [watchdog.observers.inotify_buffer:52] in-event <InotifyEvent: src_path=b'/app/streamlit.log', wd=1, mask=IN_MODIFY, cookie=0, name='streamlit.log'>
2026-02-01 00:06:04,707 DEBUG [watchdog.observers.inotify_buffer:52] in-event <InotifyEvent: src_path=b'/app/streamlit.log', wd=1, mask=IN_MODIFY, cookie=0, name='streamlit.log'>
2026-02-01 00:06:04,707 DEBUG [watchdog.observers.inotify_buffer:52] in-event <InotifyEvent: src_path=b'/app/streamlit.log', wd=1, mask=IN_MODIFY, cookie=0, name='streamlit.log'>
2026-02-01 00:06:04,707 DEBUG [watchdog.observers.inotify_buffer:52] in-event <InotifyEvent: src_path=b'/app/streamlit.log', wd=1, mask=IN_MODIFY, cookie=0, name='streamlit.log'>
2026-02-01 00:06:04,708 DEBUG [watchdog.observers.inotify_buffer:52] in-event <InotifyEvent: src_path=b'/app/streamlit.log', wd=1, mask=IN_MODIFY, cookie=0, name='streamlit.log'>
2026-02-01 00:06:04,708 DEBUG [watchdog.observers.inotify_buffer:52] in-event <InotifyEvent: src_path=b'/app/streamlit.log', wd=1, mask=IN_MODIFY, cookie=0, name='streamlit.log'>
2026-02-01 00:06:04,709 DEBUG [watchdog.observers.inotify_buffer:52] in-event <InotifyEvent: src_path=b'/app/streamlit.log', wd=1, mask=IN_MODIFY, cookie=0, name='streamlit.log'>
2026-02-01 00:06:04,711 DEBUG [watchdog.observers.inotify_buffer:52] in-event <InotifyEvent: src_path=b'/app/streamlit.log', wd=1, mask=IN_MODIFY, cookie=0, name='streamlit.log'>
2026-02-01 00:06:04,711 DEBUG [watchdog.observers.inotify_buffer:52] in-event <InotifyEvent: src_path=b'/app/streamlit.log', wd=1, mask=IN_MODIFY, cookie=0, name='streamlit.log'>
2026-02-01 00:06:04,712 DEBUG [watchdog.observers.inotify_buffer:52] in-event <InotifyEvent: src_path=b'/app/streamlit.log', wd=1, mask=IN_MODIFY, cookie=0, name='streamlit.log'>
2026-02-01 00:06:04,712 DEBUG [watchdog.observers.inotify_buffer:52] in-event <InotifyEvent: src_path=b'/app/streamlit.log', wd=1, mask=IN_MODIFY, cookie=0, name='streamlit.log'>
2026-02-01 00:06:04,712 DEBUG [watchdog.observers.inotify_buffer:52] in-event <InotifyEvent: src_path=b'/app/streamlit.log', wd=1, mask=IN_MODIFY, cookie=0, name='streamlit.log'>
2026-02-01 00:06:04,713 DEBUG [watchdog.observers.inotify_buffer:52] in-event <InotifyEvent: src_path=b'/app/streamlit.log', wd=1, mask=IN_MODIFY, cookie=0, name='streamlit.log'>
2026-02-01 00:06:04,713 DEBUG [watchdog.observers.inotify_buffer:52] in-event <InotifyEvent: src_path=b'/app/streamlit.log', wd=1, mask=IN_MODIFY, cookie=0, name='streamlit.log'>
2026-02-01 00:06:04,714 DEBUG [watchdog.observers.inotify_buffer:52] in-event <InotifyEvent: src_path=b'/app/streamlit.log', wd=1, mask=IN_MODIFY, cookie=0, name='streamlit.log'>
2026-02-01 00:06:04,714 DEBUG [watchdog.observers.inotify_buffer:52] in-event <InotifyEvent: src_path=b'/app/streamlit.log', wd=1, mask=IN_MODIFY, cookie=0, name='streamlit.log'>
2026-02-01 00:06:04,715 DEBUG [watchdog.observers.inotify_buffer:52] in-event <InotifyEvent: src_path=b'/app/streamlit.log', wd=1, mask=IN_MODIFY, cookie=0, name='streamlit.log'>
2026-02-01 00:06:04,715 DEBUG [watchdog.observers.inotify_buffer:52] in-event <InotifyEvent: src_path=b'/app/streamlit.log', wd=1, mask=IN_MODIFY, cookie=0, name='streamlit.log'>
2026-02-01 00:06:04,716 DEBUG [watchdog.observers.inotify_buffer:52] in-event <InotifyEvent: src_path=b'/app/streamlit.log', wd=1, mask=IN_MODIFY, cookie=0, name='streamlit.log'>
2026-02-01 00:06:04,716 DEBUG [watchdog.observers.inotify_buffer:52] in-event <InotifyEvent: src_path=b'/app/streamlit.log', wd=1, mask=IN_MODIFY, cookie=0, name='streamlit.log'>
2026-02-01 00:06:04,716 DEBUG [watchdog.observers.inotify_buffer:52] in-event <InotifyEvent: src_path=b'/app/streamlit.log', wd=1, mask=IN_MODIFY, cookie=0, name='streamlit.log'>
2026-02-01 00:06:04,717 DEBUG [watchdog.observers.inotify_buffer:52] in-event <InotifyEvent: src_path=b'/app/streamlit.log', wd=1, mask=IN_MODIFY, cookie=0, name='streamlit.log'>
2026-02-01 00:06:04,718 DEBUG [watchdog.observers.inotify_buffer:52] in-event <InotifyEvent: src_path=b'/app/streamlit.log', wd=1, mask=IN_MODIFY, cookie=0, name='streamlit.log'>
2026-02-01 00:06:04,718 DEBUG [watchdog.observers.inotify_buffer:52] in-event <InotifyEvent: src_path=b'/app/streamlit.log', wd=1, mask=IN_MODIFY, cookie=0, name='streamlit.log'>
2026-02-01 00:06:04,719 DEBUG [watchdog.observers.inotify_buffer:52] in-event <InotifyEvent: src_path=b'/app/streamlit.log', wd=1, mask=IN_MODIFY, cookie=0, name='streamlit.log'>
2026-02-01 00:06:04,720 DEBUG [watchdog.observers.inotify_buffer:52] in-event <InotifyEvent: src_path=b'/app/streamlit.log', wd=1, mask=IN_MODIFY, cookie=0, name='streamlit.log'>
2026-02-01 00:06:04,721 DEBUG [watchdog.observers.inotify_buffer:52] in-event <InotifyEvent: src_path=b'/app/streamlit.log', wd=1, mask=IN_MODIFY, cookie=0, name='streamlit.log'>
2026-02-01 00:06:04,721 DEBUG [watchdog.observers.inotify_buffer:52] in-event <InotifyEvent: src_path=b'/app/streamlit.log', wd=1, mask=IN_MODIFY, cookie=0, name='streamlit.log'>
2026-02-01 00:06:04,721 DEBUG [watchdog.observers.inotify_buffer:52] in-event <InotifyEvent: src_path=b'/app/streamlit.log', wd=1, mask=IN_MODIFY, cookie=0, name='streamlit.log'>
2026-02-01 00:06:04,722 DEBUG [watchdog.observers.inotify_buffer:52] in-event <InotifyEvent: src_path=b'/app/streamlit.log', wd=1, mask=IN_MODIFY, cookie=0, name='streamlit.log'>
2026-02-01 00:06:04,722 DEBUG [watchdog.observers.inotify_buffer:52] in-event <InotifyEvent: src_path=b'/app/streamlit.log', wd=1, mask=IN_MODIFY, cookie=0, name='streamlit.log'>
2026-02-01 00:06:04,722 DEBUG [watchdog.observers.inotify_buffer:52] in-event <InotifyEvent: src_path=b'/app/streamlit.log', wd=1, mask=IN_MODIFY, cookie=0, name='streamlit.log'>
2026-02-01 00:06:04,723 DEBUG [watchdog.observers.inotify_buffer:52] in-event <InotifyEvent: src_path=b'/app/streamlit.log', wd=1, mask=IN_MODIFY, cookie=0, name='streamlit.log'>
2026-02-01 00:06:04,723 DEBUG [watchdog.observers.inotify_buffer:52] in-event <InotifyEvent: src_path=b'/app/streamlit.log', wd=1, mask=IN_MODIFY, cookie=0, name='streamlit.log'>
2026-02-01 00:06:04,724 DEBUG [watchdog.observers.inotify_buffer:52] in-event <InotifyEvent: src_path=b'/app/streamlit.log', wd=1, mask=IN_MODIFY, cookie=0, name='streamlit.log'>
2026-02-01 00:06:04,724 DEBUG [watchdog.observers.inotify_buffer:52] in-event <InotifyEvent: src_path=b'/app/streamlit.log', wd=1, mask=IN_MODIFY, cookie=0, name='streamlit.log'>
2026-02-01 00:06:04,724 DEBUG [watchdog.observers.inotify_buffer:52] in-event <InotifyEvent: src_path=b'/app/streamlit.log', wd=1, mask=IN_MODIFY, cookie=0, name='streamlit.log'>
2026-02-01 00:06:04,726 DEBUG [watchdog.observers.inotify_buffer:52] in-event <InotifyEvent: src_path=b'/app/streamlit.log', wd=1, mask=IN_MODIFY, cookie=0, name='streamlit.log'>
2026-02-01 00:06:04,726 DEBUG [watchdog.observers.inotify_buffer:52] in-event <InotifyEvent: src_path=b'/app/streamlit.log', wd=1, mask=IN_MODIFY, cookie=0, name='streamlit.log'>
2026-02-01 00:06:04,727 DEBUG [watchdog.observers.inotify_buffer:52] in-event <InotifyEvent: src_path=b'/app/streamlit.log', wd=1, mask=IN_MODIFY, cookie=0, name='streamlit.log'>
2026-02-01 00:06:04,727 DEBUG [watchdog.observers.inotify_buffer:52] in-event <InotifyEvent: src_path=b'/app/streamlit.log', wd=1, mask=IN_MODIFY, cookie=0, name='streamlit.log'>
2026-02-01 00:06:04,729 DEBUG [watchdog.observers.inotify_buffer:52] in-event <InotifyEvent: src_path=b'/app/streamlit.log', wd=1, mask=IN_MODIFY, cookie=0, name='streamlit.log'>
2026-02-01 00:06:04,729 DEBUG [watchdog.observers.inotify_buffer:52] in-event <InotifyEvent: src_path=b'/app/streamlit.log', wd=1, mask=IN_MODIFY, cookie=0, name='streamlit.log'>
2026-02-01 00:06:04,730 DEBUG [watchdog.observers.inotify_buffer:52] in-event <InotifyEvent: src_path=b'/app/streamlit.log', wd=1, mask=IN_MODIFY, cookie=0, name='streamlit.log'>
2026-02-01 00:06:04,730 DEBUG [watchdog.observers.inotify_buffer:52] in-event <InotifyEvent: src_path=b'/app/streamlit.log', wd=1, mask=IN_MODIFY, cookie=0, name='streamlit.log'>
2026-02-01 00:06:04,731 DEBUG [watchdog.observers.inotify_buffer:52] in-event <InotifyEvent: src_path=b'/app/streamlit.log', wd=1, mask=IN_MODIFY, cookie=0, name='streamlit.log'>
2026-02-01 00:06:04,731 DEBUG [watchdog.observers.inotify_buffer:52] in-event <InotifyEvent: src_path=b'/app/streamlit.log', wd=1, mask=IN_MODIFY, cookie=0, name='streamlit.log'>
2026-02-01 00:06:04,732 DEBUG [watchdog.observers.inotify_buffer:52] in-event <InotifyEvent: src_path=b'/app/streamlit.log', wd=1, mask=IN_MODIFY, cookie=0, name='streamlit.log'>
2026-02-01 00:06:04,732 DEBUG [watchdog.observers.inotify_buffer:52] in-event <InotifyEvent: src_path=b'/app/streamlit.log', wd=1, mask=IN_MODIFY, cookie=0, name='streamlit.log'>
2026-02-01 00:06:04,733 DEBUG [watchdog.observers.inotify_buffer:52] in-event <InotifyEvent: src_path=b'/app/streamlit.log', wd=1, mask=IN_MODIFY, cookie=0, name='streamlit.log'>
2026-02-01 00:06:04,733 DEBUG [watchdog.observers.inotify_buffer:52] in-event <InotifyEvent: src_path=b'/app/streamlit.log', wd=1, mask=IN_MODIFY, cookie=0, name='streamlit.log'>
2026-02-01 00:06:04,734 DEBUG [watchdog.observers.inotify_buffer:52] in-event <InotifyEvent: src_path=b'/app/streamlit.log', wd=1, mask=IN_MODIFY, cookie=0, name='streamlit.log'>
2026-02-01 00:06:04,735 DEBUG [watchdog.observers.inotify_buffer:52] in-event <InotifyEvent: src_path=b'/app/streamlit.log', wd=1, mask=IN_MODIFY, cookie=0, name='streamlit.log'>
2026-02-01 00:06:04,735 DEBUG [watchdog.observers.inotify_buffer:52] in-event <InotifyEvent: src_path=b'/app/streamlit.log', wd=1, mask=IN_MODIFY, cookie=0, name='streamlit.log'>
2026-02-01 00:06:04,736 DEBUG [watchdog.observers.inotify_buffer:52] in-event <InotifyEvent: src_path=b'/app/streamlit.log', wd=1, mask=IN_MODIFY, cookie=0, name='streamlit.log'>
2026-02-01 00:06:04,736 DEBUG [watchdog.observers.inotify_buffer:52] in-event <InotifyEvent: src_path=b'/app/streamlit.log', wd=1, mask=IN_MODIFY, cookie=0, name='streamlit.log'>
2026-02-01 00:06:04,736 DEBUG [watchdog.observers.inotify_buffer:52] in-event <InotifyEvent: src_path=b'/app/streamlit.log', wd=1, mask=IN_MODIFY, cookie=0, name='streamlit.log'>
2026-02-01 00:06:04,737 DEBUG [watchdog.observers.inotify_buffer:52] in-event <InotifyEvent: src_path=b'/app/streamlit.log', wd=1, mask=IN_MODIFY, cookie=0, name='streamlit.log'>
2026-02-01 00:06:04,738 DEBUG [watchdog.observers.inotify_buffer:52] in-event <InotifyEvent: src_path=b'/app/streamlit.log', wd=1, mask=IN_MODIFY, cookie=0, name='streamlit.log'>
2026-02-01 00:06:04,738 DEBUG [watchdog.observers.inotify_buffer:52] in-event <InotifyEvent: src_path=b'/app/streamlit.log', wd=1, mask=IN_MODIFY, cookie=0, name='streamlit.log'>
2026-02-01 00:06:04,738 DEBUG [watchdog.observers.inotify_buffer:52] in-event <InotifyEvent: src_path=b'/app/streamlit.log', wd=1, mask=IN_MODIFY, cookie=0, name='streamlit.log'>
2026-02-01 00:06:04,739 DEBUG [watchdog.observers.inotify_buffer:52] in-event <InotifyEvent: src_path=b'/app/streamlit.log', wd=1, mask=IN_MODIFY, cookie=0, name='streamlit.log'>
2026-02-01 00:06:04,741 DEBUG [watchdog.observers.inotify_buffer:52] in-event <InotifyEvent: src_path=b'/app/streamlit.log', wd=1, mask=IN_MODIFY, cookie=0, name='streamlit.log'>
2026-02-01 00:06:04,741 DEBUG [watchdog.observers.inotify_buffer:52] in-event <InotifyEvent: src_path=b'/app/streamlit.log', wd=1, mask=IN_MODIFY, cookie=0, name='streamlit.log'>
2026-02-01 00:06:04,741 DEBUG [watchdog.observers.inotify_buffer:52] in-event <InotifyEvent: src_path=b'/app/streamlit.log', wd=1, mask=IN_MODIFY, cookie=0, name='streamlit.log'>
2026-02-01 00:06:04,742 DEBUG [watchdog.observers.inotify_buffer:52] in-event <InotifyEvent: src_path=b'/app/streamlit.log', wd=1, mask=IN_MODIFY, cookie=0, name='streamlit.log'>
2026-02-01 00:06:04,743 DEBUG [watchdog.observers.inotify_buffer:52] in-event <InotifyEvent: src_path=b'/app/streamlit.log', wd=1, mask=IN_MODIFY, cookie=0, name='streamlit.log'>
2026-02-01 00:06:04,743 DEBUG [watchdog.observers.inotify_buffer:52] in-event <InotifyEvent: src_path=b'/app/streamlit.log', wd=1, mask=IN_MODIFY, cookie=0, name='streamlit.log'>
2026-02-01 00:06:04,743 DEBUG [watchdog.observers.inotify_buffer:52] in-event <InotifyEvent: src_path=b'/app/streamlit.log', wd=1, mask=IN_MODIFY, cookie=0, name='streamlit.log'>
2026-02-01 00:06:04,744 DEBUG [watchdog.observers.inotify_buffer:52] in-event <InotifyEvent: src_path=b'/app/streamlit.log', wd=1, mask=IN_MODIFY, cookie=0, name='streamlit.log'>
2026-02-01 00:06:04,745 DEBUG [watchdog.observers.inotify_buffer:52] in-event <InotifyEvent: src_path=b'/app/streamlit.log', wd=1, mask=IN_MODIFY, cookie=0, name='streamlit.log'>
2026-02-01 00:06:04,746 DEBUG [watchdog.observers.inotify_buffer:52] in-event <InotifyEvent: src_path=b'/app/streamlit.log', wd=1, mask=IN_MODIFY, cookie=0, name='streamlit.log'>
2026-02-01 00:06:04,746 DEBUG [watchdog.observers.inotify_buffer:52] in-event <InotifyEvent: src_path=b'/app/streamlit.log', wd=1, mask=IN_MODIFY, cookie=0, name='streamlit.log'>
2026-02-01 00:06:04,746 DEBUG [watchdog.observers.inotify_buffer:52] in-event <InotifyEvent: src_path=b'/app/streamlit.log', wd=1, mask=IN_MODIFY, cookie=0, name='streamlit.log'>
2026-02-01 00:06:04,747 DEBUG [watchdog.observers.inotify_buffer:52] in-event <InotifyEvent: src_path=b'/app/streamlit.log', wd=1, mask=IN_MODIFY, cookie=0, name='streamlit.log'>
2026-02-01 00:06:04,747 DEBUG [watchdog.observers.inotify_buffer:52] in-event <InotifyEvent: src_path=b'/app/streamlit.log', wd=1, mask=IN_MODIFY, cookie=0, name='streamlit.log'>
2026-02-01 00:06:04,748 DEBUG [watchdog.observers.inotify_buffer:52] in-event <InotifyEvent: src_path=b'/app/streamlit.log', wd=1, mask=IN_MODIFY, cookie=0, name='streamlit.log'>
2026-02-01 00:06:04,748 DEBUG [watchdog.observers.inotify_buffer:52] in-event <InotifyEvent: src_path=b'/app/streamlit.log', wd=1, mask=IN_MODIFY, cookie=0, name='streamlit.log'>
2026-02-01 00:06:04,748 DEBUG [watchdog.observers.inotify_buffer:52] in-event <InotifyEvent: src_path=b'/app/streamlit.log', wd=1, mask=IN_MODIFY, cookie=0, name='streamlit.log'>
2026-02-01 00:06:04,749 DEBUG [watchdog.observers.inotify_buffer:52] in-event <InotifyEvent: src_path=b'/app/streamlit.log', wd=1, mask=IN_MODIFY, cookie=0, name='streamlit.log'>
2026-02-01 00:06:04,749 DEBUG [watchdog.observers.inotify_buffer:52] in-event <InotifyEvent: src_path=b'/app/streamlit.log', wd=1, mask=IN_MODIFY, cookie=0, name='streamlit.log'>
2026-02-01 00:06:04,750 DEBUG [watchdog.observers.inotify_buffer:52] in-event <InotifyEvent: src_path=b'/app/streamlit.log', wd=1, mask=IN_MODIFY, cookie=0, name='streamlit.log'>
2026-02-01 00:06:04,750 DEBUG [watchdog.observers.inotify_buffer:52] in-event <InotifyEvent: src_path=b'/app/streamlit.log', wd=1, mask=IN_MODIFY, cookie=0, name='streamlit.log'>
2026-02-01 00:06:04,751 DEBUG [watchdog.observers.inotify_buffer:52] in-event <InotifyEvent: src_path=b'/app/streamlit.log', wd=1, mask=IN_MODIFY, cookie=0, name='streamlit.log'>
2026-02-01 00:06:04,751 DEBUG [watchdog.observers.inotify_buffer:52] in-event <InotifyEvent: src_path=b'/app/streamlit.log', wd=1, mask=IN_MODIFY, cookie=0, name='streamlit.log'>
2026-02-01 00:06:04,751 DEBUG [watchdog.observers.inotify_buffer:52] in-event <InotifyEvent: src_path=b'/app/streamlit.log', wd=1, mask=IN_MODIFY, cookie=0, name='streamlit.log'>
2026-02-01 00:06:04,752 DEBUG [watchdog.observers.inotify_buffer:52] in-event <InotifyEvent: src_path=b'/app/streamlit.log', wd=1, mask=IN_MODIFY, cookie=0, name='streamlit.log'>
2026-02-01 00:06:04,752 DEBUG [watchdog.observers.inotify_buffer:52] in-event <InotifyEvent: src_path=b'/app/streamlit.log', wd=1, mask=IN_MODIFY, cookie=0, name='streamlit.log'>
2026-02-01 00:06:04,752 DEBUG [watchdog.observers.inotify_buffer:52] in-event <InotifyEvent: src_path=b'/app/streamlit.log', wd=1, mask=IN_MODIFY, cookie=0, name='streamlit.log'>
2026-02-01 00:06:04,753 DEBUG [watchdog.observers.inotify_buffer:52] in-event <InotifyEvent: src_path=b'/app/streamlit.log', wd=1, mask=IN_MODIFY, cookie=0, name='streamlit.log'>
2026-02-01 00:06:04,754 DEBUG [watchdog.observers.inotify_buffer:52] in-event <InotifyEvent: src_path=b'/app/streamlit.log', wd=1, mask=IN_MODIFY, cookie=0, name='streamlit.log'>
2026-02-01 00:06:04,754 DEBUG [watchdog.observers.inotify_buffer:52] in-event <InotifyEvent: src_path=b'/app/streamlit.log', wd=1, mask=IN_MODIFY, cookie=0, name='streamlit.log'>
2026-02-01 00:06:04,754 DEBUG [watchdog.observers.inotify_buffer:52] in-event <InotifyEvent: src_path=b'/app/streamlit.log', wd=1, mask=IN_MODIFY, cookie=0, name='streamlit.log'>
2026-02-01 00:06:04,755 DEBUG [watchdog.observers.inotify_buffer:52] in-event <InotifyEvent: src_path=b'/app/streamlit.log', wd=1, mask=IN_MODIFY, cookie=0, name='streamlit.log'>
2026-02-01 00:06:04,755 DEBUG [watchdog.observers.inotify_buffer:52] in-event <InotifyEvent: src_path=b'/app/streamlit.log', wd=1, mask=IN_MODIFY, cookie=0, name='streamlit.log'>
2026-02-01 00:06:04,756 DEBUG [watchdog.observers.inotify_buffer:52] in-event <InotifyEvent: src_path=b'/app/streamlit.log', wd=1, mask=IN_MODIFY, cookie=0, name='streamlit.log'>
2026-02-01 00:06:04,756 DEBUG [watchdog.observers.inotify_buffer:52] in-event <InotifyEvent: src_path=b'/app/streamlit.log', wd=1, mask=IN_MODIFY, cookie=0, name='streamlit.log'>
2026-02-01 00:06:04,756 DEBUG [watchdog.observers.inotify_buffer:52] in-event <InotifyEvent: src_path=b'/app/streamlit.log', wd=1, mask=IN_MODIFY, cookie=0, name='streamlit.log'>
2026-02-01 00:06:04,757 DEBUG [watchdog.observers.inotify_buffer:52] in-event <InotifyEvent: src_path=b'/app/streamlit.log', wd=1, mask=IN_MODIFY, cookie=0, name='streamlit.log'>
2026-02-01 00:06:04,758 DEBUG [watchdog.observers.inotify_buffer:52] in-event <InotifyEvent: src_path=b'/app/streamlit.log', wd=1, mask=IN_MODIFY, cookie=0, name='streamlit.log'>
2026-02-01 00:06:04,758 DEBUG [watchdog.observers.inotify_buffer:52] in-event <InotifyEvent: src_path=b'/app/streamlit.log', wd=1, mask=IN_MODIFY, cookie=0, name='streamlit.log'>
2026-02-01 00:06:04,759 DEBUG [watchdog.observers.inotify_buffer:52] in-event <InotifyEvent: src_path=b'/app/streamlit.log', wd=1, mask=IN_MODIFY, cookie=0, name='streamlit.log'>
2026-02-01 00:06:04,759 DEBUG [watchdog.observers.inotify_buffer:52] in-event <InotifyEvent: src_path=b'/app/streamlit.log', wd=1, mask=IN_MODIFY, cookie=0, name='streamlit.log'>
2026-02-01 00:06:04,759 DEBUG [watchdog.observers.inotify_buffer:52] in-event <InotifyEvent: src_path=b'/app/streamlit.log', wd=1, mask=IN_MODIFY, cookie=0, name='streamlit.log'>
2026-02-01 00:06:04,760 DEBUG [watchdog.observers.inotify_buffer:52] in-event <InotifyEvent: src_path=b'/app/streamlit.log', wd=1, mask=IN_MODIFY, cookie=0, name='streamlit.log'>
2026-02-01 00:06:04,760 DEBUG [watchdog.observers.inotify_buffer:52] in-event <InotifyEvent: src_path=b'/app/streamlit.log', wd=1, mask=IN_MODIFY, cookie=0, name='streamlit.log'>
2026-02-01 00:06:04,761 DEBUG [watchdog.observers.inotify_buffer:52] in-event <InotifyEvent: src_path=b'/app/streamlit.log', wd=1, mask=IN_MODIFY, cookie=0, name='streamlit.log'>
2026-02-01 00:06:04,761 DEBUG [watchdog.observers.inotify_buffer:52] in-event <InotifyEvent: src_path=b'/app/streamlit.log', wd=1, mask=IN_MODIFY, cookie=0, name='streamlit.log'>
2026-02-01 00:06:04,761 DEBUG [watchdog.observers.inotify_buffer:52] in-event <InotifyEvent: src_path=b'/app/streamlit.log', wd=1, mask=IN_MODIFY, cookie=0, name='streamlit.log'>
2026-02-01 00:06:04,762 DEBUG [watchdog.observers.inotify_buffer:52] in-event <InotifyEvent: src_path=b'/app/streamlit.log', wd=1, mask=IN_MODIFY, cookie=0, name='streamlit.log'>
2026-02-01 00:06:04,762 DEBUG [watchdog.observers.inotify_buffer:52] in-event <InotifyEvent: src_path=b'/app/streamlit.log', wd=1, mask=IN_MODIFY, cookie=0, name='streamlit.log'>
2026-02-01 00:06:04,763 DEBUG [watchdog.observers.inotify_buffer:52] in-event <InotifyEvent: src_path=b'/app/streamlit.log', wd=1, mask=IN_MODIFY, cookie=0, name='streamlit.log'>
2026-02-01 00:06:04,763 DEBUG [watchdog.observers.inotify_buffer:52] in-event <InotifyEvent: src_path=b'/app/streamlit.log', wd=1, mask=IN_MODIFY, cookie=0, name='streamlit.log'>
2026-02-01 00:06:04,763 DEBUG [watchdog.observers.inotify_buffer:52] in-event <InotifyEvent: src_path=b'/app/streamlit.log', wd=1, mask=IN_MODIFY, cookie=0, name='streamlit.log'>
2026-02-01 00:06:04,764 DEBUG [watchdog.observers.inotify_buffer:52] in-event <InotifyEvent: src_path=b'/app/streamlit.log', wd=1, mask=IN_MODIFY, cookie=0, name='streamlit.log'>
2026-02-01 00:06:04,765 DEBUG [watchdog.observers.inotify_buffer:52] in-event <InotifyEvent: src_path=b'/app/streamlit.log', wd=1, mask=IN_MODIFY, cookie=0, name='streamlit.log'>
2026-02-01 00:06:04,765 DEBUG [watchdog.observers.inotify_buffer:52] in-event <InotifyEvent: src_path=b'/app/streamlit.log', wd=1, mask=IN_MODIFY, cookie=0, name='streamlit.log'>
2026-02-01 00:06:04,766 DEBUG [watchdog.observers.inotify_buffer:52] in-event <InotifyEvent: src_path=b'/app/streamlit.log', wd=1, mask=IN_MODIFY, cookie=0, name='streamlit.log'>
2026-02-01 00:06:04,766 DEBUG [watchdog.observers.inotify_buffer:52] in-event <InotifyEvent: src_path=b'/app/streamlit.log', wd=1, mask=IN_MODIFY, cookie=0, name='streamlit.log'>
2026-02-01 00:06:04,766 DEBUG [watchdog.observers.inotify_buffer:52] in-event <InotifyEvent: src_path=b'/app/streamlit.log', wd=1, mask=IN_MODIFY, cookie=0, name='streamlit.log'>
2026-02-01 00:06:04,767 DEBUG [watchdog.observers.inotify_buffer:52] in-event <InotifyEvent: src_path=b'/app/streamlit.log', wd=1, mask=IN_MODIFY, cookie=0, name='streamlit.log'>
2026-02-01 00:06:04,767 DEBUG [watchdog.observers.inotify_buffer:52] in-event <InotifyEvent: src_path=b'/app/streamlit.log', wd=1, mask=IN_MODIFY, cookie=0, name='streamlit.log'>
2026-02-01 00:06:04,767 DEBUG [watchdog.observers.inotify_buffer:52] in-event <InotifyEvent: src_path=b'/app/streamlit.log', wd=1, mask=IN_MODIFY, cookie=0, name='streamlit.log'>
2026-02-01 00:06:04,768 DEBUG [watchdog.observers.inotify_buffer:52] in-event <InotifyEvent: src_path=b'/app/streamlit.log', wd=1, mask=IN_MODIFY, cookie=0, name='streamlit.log'>
2026-02-01 00:06:04,769 DEBUG [watchdog.observers.inotify_buffer:52] in-event <InotifyEvent: src_path=b'/app/streamlit.log', wd=1, mask=IN_MODIFY, cookie=0, name='streamlit.log'>
2026-02-01 00:06:04,769 DEBUG [watchdog.observers.inotify_buffer:52] in-event <InotifyEvent: src_path=b'/app/streamlit.log', wd=1, mask=IN_MODIFY, cookie=0, name='streamlit.log'>
2026-02-01 00:06:04,769 DEBUG [watchdog.observers.inotify_buffer:52] in-event <InotifyEvent: src_path=b'/app/streamlit.log', wd=1, mask=IN_MODIFY, cookie=0, name='streamlit.log'>
2026-02-01 00:06:04,770 DEBUG [watchdog.observers.inotify_buffer:52] in-event <InotifyEvent: src_path=b'/app/streamlit.log', wd=1, mask=IN_MODIFY, cookie=0, name='streamlit.log'>
2026-02-01 00:06:04,770 DEBUG [watchdog.observers.inotify_buffer:52] in-event <InotifyEvent: src_path=b'/app/streamlit.log', wd=1, mask=IN_MODIFY, cookie=0, name='streamlit.log'>
2026-02-01 00:06:04,771 DEBUG [watchdog.observers.inotify_buffer:52] in-event <InotifyEvent: src_path=b'/app/streamlit.log', wd=1, mask=IN_MODIFY, cookie=0, name='streamlit.log'>
2026-02-01 00:06:04,771 DEBUG [watchdog.observers.inotify_buffer:52] in-event <InotifyEvent: src_path=b'/app/streamlit.log', wd=1, mask=IN_MODIFY, cookie=0, name='streamlit.log'>
2026-02-01 00:06:04,771 DEBUG [watchdog.observers.inotify_buffer:52] in-event <InotifyEvent: src_path=b'/app/streamlit.log', wd=1, mask=IN_MODIFY, cookie=0, name='streamlit.log'>
2026-02-01 00:06:04,772 DEBUG [watchdog.observers.inotify_buffer:52] in-event <InotifyEvent: src_path=b'/app/streamlit.log', wd=1, mask=IN_MODIFY, cookie=0, name='streamlit.log'>
2026-02-01 00:06:04,772 DEBUG [watchdog.observers.inotify_buffer:52] in-event <InotifyEvent: src_path=b'/app/streamlit.log', wd=1, mask=IN_MODIFY, cookie=0, name='streamlit.log'>
2026-02-01 00:06:04,772 DEBUG [watchdog.observers.inotify_buffer:52] in-event <InotifyEvent: src_path=b'/app/streamlit.log', wd=1, mask=IN_MODIFY, cookie=0, name='streamlit.log'>
2026-02-01 00:06:04,773 DEBUG [watchdog.observers.inotify_buffer:52] in-event <InotifyEvent: src_path=b'/app/streamlit.log', wd=1, mask=IN_MODIFY, cookie=0, name='streamlit.log'>
2026-02-01 00:06:04,774 DEBUG [watchdog.observers.inotify_buffer:52] in-event <InotifyEvent: src_path=b'/app/streamlit.log', wd=1, mask=IN_MODIFY, cookie=0, name='streamlit.log'>
2026-02-01 00:06:04,774 DEBUG [watchdog.observers.inotify_buffer:52] in-event <InotifyEvent: src_path=b'/app/streamlit.log', wd=1, mask=IN_MODIFY, cookie=0, name='streamlit.log'>
2026-02-01 00:06:04,775 DEBUG [watchdog.observers.inotify_buffer:52] in-event <InotifyEvent: src_path=b'/app/streamlit.log', wd=1, mask=IN_MODIFY, cookie=0, name='streamlit.log'>
2026-02-01 00:06:04,776 DEBUG [watchdog.observers.inotify_buffer:52] in-event <InotifyEvent: src_path=b'/app/streamlit.log', wd=1, mask=IN_MODIFY, cookie=0, name='streamlit.log'>
2026-02-01 00:06:04,776 DEBUG [watchdog.observers.inotify_buffer:52] in-event <InotifyEvent: src_path=b'/app/streamlit.log', wd=1, mask=IN_MODIFY, cookie=0, name='streamlit.log'>
2026-02-01 00:06:04,776 DEBUG [watchdog.observers.inotify_buffer:52] in-event <InotifyEvent: src_path=b'/app/streamlit.log', wd=1, mask=IN_MODIFY, cookie=0, name='streamlit.log'>
2026-02-01 00:06:04,777 DEBUG [watchdog.observers.inotify_buffer:52] in-event <InotifyEvent: src_path=b'/app/streamlit.log', wd=1, mask=IN_MODIFY, cookie=0, name='streamlit.log'>
2026-02-01 00:06:04,777 DEBUG [watchdog.observers.inotify_buffer:52] in-event <InotifyEvent: src_path=b'/app/streamlit.log', wd=1, mask=IN_MODIFY, cookie=0, name='streamlit.log'>
2026-02-01 00:06:04,778 DEBUG [watchdog.observers.inotify_buffer:52] in-event <InotifyEvent: src_path=b'/app/streamlit.log', wd=1, mask=IN_MODIFY, cookie=0, name='streamlit.log'>
2026-02-01 00:06:04,778 DEBUG [watchdog.observers.inotify_buffer:52] in-event <InotifyEvent: src_path=b'/app/streamlit.log', wd=1, mask=IN_MODIFY, cookie=0, name='streamlit.log'>
2026-02-01 00:06:04,779 DEBUG [watchdog.observers.inotify_buffer:52] in-event <InotifyEvent: src_path=b'/app/streamlit.log', wd=1, mask=IN_MODIFY, cookie=0, name='streamlit.log'>
2026-02-01 00:06:04,780 DEBUG [watchdog.observers.inotify_buffer:52] in-event <InotifyEvent: src_path=b'/app/streamlit.log', wd=1, mask=IN_MODIFY, cookie=0, name='streamlit.log'>
2026-02-01 00:06:04,780 DEBUG [watchdog.observers.inotify_buffer:52] in-event <InotifyEvent: src_path=b'/app/streamlit.log', wd=1, mask=IN_MODIFY, cookie=0, name='streamlit.log'>
2026-02-01 00:06:04,781 DEBUG [watchdog.observers.inotify_buffer:52] in-event <InotifyEvent: src_path=b'/app/streamlit.log', wd=1, mask=IN_MODIFY, cookie=0, name='streamlit.log'>
2026-02-01 00:06:04,781 DEBUG [watchdog.observers.inotify_buffer:52] in-event <InotifyEvent: src_path=b'/app/streamlit.log', wd=1, mask=IN_MODIFY, cookie=0, name='streamlit.log'>
2026-02-01 00:06:04,781 DEBUG [watchdog.observers.inotify_buffer:52] in-event <InotifyEvent: src_path=b'/app/streamlit.log', wd=1, mask=IN_MODIFY, cookie=0, name='streamlit.log'>
2026-02-01 00:06:04,782 DEBUG [watchdog.observers.inotify_buffer:52] in-event <InotifyEvent: src_path=b'/app/streamlit.log', wd=1, mask=IN_MODIFY, cookie=0, name='streamlit.log'>
2026-02-01 00:06:04,785 DEBUG [watchdog.observers.inotify_buffer:52] in-event <InotifyEvent: src_path=b'/app/streamlit.log', wd=1, mask=IN_MODIFY, cookie=0, name='streamlit.log'>
2026-02-01 00:06:04,794 DEBUG [watchdog.observers.inotify_buffer:52] in-event <InotifyEvent: src_path=b'/app/streamlit.log', wd=1, mask=IN_MODIFY, cookie=0, name='streamlit.log'>
2026-02-01 00:06:04,795 DEBUG [watchdog.observers.inotify_buffer:52] in-event <InotifyEvent: src_path=b'/app/streamlit.log', wd=1, mask=IN_MODIFY, cookie=0, name='streamlit.log'>
2026-02-01 00:06:04,795 DEBUG [watchdog.observers.inotify_buffer:52] in-event <InotifyEvent: src_path=b'/app/streamlit.log', wd=1, mask=IN_MODIFY, cookie=0, name='streamlit.log'>
2026-02-01 00:06:04,795 DEBUG [watchdog.observers.inotify_buffer:52] in-event <InotifyEvent: src_path=b'/app/streamlit.log', wd=1, mask=IN_MODIFY, cookie=0, name='streamlit.log'>
2026-02-01 00:06:04,796 DEBUG [watchdog.observers.inotify_buffer:52] in-event <InotifyEvent: src_path=b'/app/streamlit.log', wd=1, mask=IN_MODIFY, cookie=0, name='streamlit.log'>
2026-02-01 00:06:04,796 DEBUG [watchdog.observers.inotify_buffer:52] in-event <InotifyEvent: src_path=b'/app/streamlit.log', wd=1, mask=IN_MODIFY, cookie=0, name='streamlit.log'>
2026-02-01 00:06:04,796 DEBUG [watchdog.observers.inotify_buffer:52] in-event <InotifyEvent: src_path=b'/app/streamlit.log', wd=1, mask=IN_MODIFY, cookie=0, name='streamlit.log'>
2026-02-01 00:06:04,802 DEBUG [watchdog.observers.inotify_buffer:52] in-event <InotifyEvent: src_path=b'/app/streamlit.log', wd=1, mask=IN_MODIFY, cookie=0, name='streamlit.log'>
2026-02-01 00:06:04,802 DEBUG [watchdog.observers.inotify_buffer:52] in-event <InotifyEvent: src_path=b'/app/streamlit.log', wd=1, mask=IN_MODIFY, cookie=0, name='streamlit.log'>
2026-02-01 00:06:04,810 DEBUG [watchdog.observers.inotify_buffer:52] in-event <InotifyEvent: src_path=b'/app/streamlit.log', wd=1, mask=IN_MODIFY, cookie=0, name='streamlit.log'>
2026-02-01 00:06:04,811 DEBUG [watchdog.observers.inotify_buffer:52] in-event <InotifyEvent: src_path=b'/app/streamlit.log', wd=1, mask=IN_MODIFY, cookie=0, name='streamlit.log'>
2026-02-01 00:06:04,811 DEBUG [watchdog.observers.inotify_buffer:52] in-event <InotifyEvent: src_path=b'/app/streamlit.log', wd=1, mask=IN_MODIFY, cookie=0, name='streamlit.log'>
2026-02-01 00:06:04,812 DEBUG [watchdog.observers.inotify_buffer:52] in-event <InotifyEvent: src_path=b'/app/streamlit.log', wd=1, mask=IN_MODIFY, cookie=0, name='streamlit.log'>
2026-02-01 00:06:04,812 DEBUG [watchdog.observers.inotify_buffer:52] in-event <InotifyEvent: src_path=b'/app/streamlit.log', wd=1, mask=IN_MODIFY, cookie=0, name='streamlit.log'>
2026-02-01 00:06:04,812 DEBUG [watchdog.observers.inotify_buffer:52] in-event <InotifyEvent: src_path=b'/app/streamlit.log', wd=1, mask=IN_MODIFY, cookie=0, name='streamlit.log'>
2026-02-01 00:06:04,813 DEBUG [watchdog.observers.inotify_buffer:52] in-event <InotifyEvent: src_path=b'/app/streamlit.log', wd=1, mask=IN_MODIFY, cookie=0, name='streamlit.log'>
2026-02-01 00:06:04,813 DEBUG [watchdog.observers.inotify_buffer:52] in-event <InotifyEvent: src_path=b'/app/streamlit.log', wd=1, mask=IN_MODIFY, cookie=0, name='streamlit.log'>
2026-02-01 00:06:04,814 DEBUG [watchdog.observers.inotify_buffer:52] in-event <InotifyEvent: src_path=b'/app/streamlit.log', wd=1, mask=IN_MODIFY, cookie=0, name='streamlit.log'>
2026-02-01 00:06:04,814 DEBUG [watchdog.observers.inotify_buffer:52] in-event <InotifyEvent: src_path=b'/app/streamlit.log', wd=1, mask=IN_MODIFY, cookie=0, name='streamlit.log'>
2026-02-01 00:06:04,814 DEBUG [watchdog.observers.inotify_buffer:52] in-event <InotifyEvent: src_path=b'/app/streamlit.log', wd=1, mask=IN_MODIFY, cookie=0, name='streamlit.log'>
2026-02-01 00:06:04,814 DEBUG [watchdog.observers.inotify_buffer:52] in-event <InotifyEvent: src_path=b'/app/streamlit.log', wd=1, mask=IN_MODIFY, cookie=0, name='streamlit.log'>
2026-02-01 00:06:04,815 DEBUG [watchdog.observers.inotify_buffer:52] in-event <InotifyEvent: src_path=b'/app/streamlit.log', wd=1, mask=IN_MODIFY, cookie=0, name='streamlit.log'>
2026-02-01 00:06:04,815 DEBUG [watchdog.observers.inotify_buffer:52] in-event <InotifyEvent: src_path=b'/app/streamlit.log', wd=1, mask=IN_MODIFY, cookie=0, name='streamlit.log'>
2026-02-01 00:06:04,815 DEBUG [watchdog.observers.inotify_buffer:52] in-event <InotifyEvent: src_path=b'/app/streamlit.log', wd=1, mask=IN_MODIFY, cookie=0, name='streamlit.log'>
2026-02-01 00:06:04,815 DEBUG [watchdog.observers.inotify_buffer:52] in-event <InotifyEvent: src_path=b'/app/streamlit.log', wd=1, mask=IN_MODIFY, cookie=0, name='streamlit.log'>
2026-02-01 00:06:04,816 DEBUG [watchdog.observers.inotify_buffer:52] in-event <InotifyEvent: src_path=b'/app/streamlit.log', wd=1, mask=IN_MODIFY, cookie=0, name='streamlit.log'>
2026-02-01 00:06:04,816 DEBUG [watchdog.observers.inotify_buffer:52] in-event <InotifyEvent: src_path=b'/app/streamlit.log', wd=1, mask=IN_MODIFY, cookie=0, name='streamlit.log'>
2026-02-01 00:06:04,816 DEBUG [watchdog.observers.inotify_buffer:52] in-event <InotifyEvent: src_path=b'/app/streamlit.log', wd=1, mask=IN_MODIFY, cookie=0, name='streamlit.log'>
2026-02-01 00:06:04,817 DEBUG [watchdog.observers.inotify_buffer:52] in-event <InotifyEvent: src_path=b'/app/streamlit.log', wd=1, mask=IN_MODIFY, cookie=0, name='streamlit.log'>
2026-02-01 00:06:04,817 DEBUG [watchdog.observers.inotify_buffer:52] in-event <InotifyEvent: src_path=b'/app/streamlit.log', wd=1, mask=IN_MODIFY, cookie=0, name='streamlit.log'>
2026-02-01 00:06:04,817 DEBUG [watchdog.observers.inotify_buffer:52] in-event <InotifyEvent: src_path=b'/app/streamlit.log', wd=1, mask=IN_MODIFY, cookie=0, name='streamlit.log'>
2026-02-01 00:06:04,818 DEBUG [watchdog.observers.inotify_buffer:52] in-event <InotifyEvent: src_path=b'/app/streamlit.log', wd=1, mask=IN_MODIFY, cookie=0, name='streamlit.log'>
2026-02-01 00:06:04,818 DEBUG [watchdog.observers.inotify_buffer:52] in-event <InotifyEvent: src_path=b'/app/streamlit.log', wd=1, mask=IN_MODIFY, cookie=0, name='streamlit.log'>
2026-02-01 00:06:04,818 DEBUG [watchdog.observers.inotify_buffer:52] in-event <InotifyEvent: src_path=b'/app/streamlit.log', wd=1, mask=IN_MODIFY, cookie=0, name='streamlit.log'>
2026-02-01 00:06:04,820 DEBUG [watchdog.observers.inotify_buffer:52] in-event <InotifyEvent: src_path=b'/app/streamlit.log', wd=1, mask=IN_MODIFY, cookie=0, name='streamlit.log'>
2026-02-01 00:06:04,820 DEBUG [watchdog.observers.inotify_buffer:52] in-event <InotifyEvent: src_path=b'/app/streamlit.log', wd=1, mask=IN_MODIFY, cookie=0, name='streamlit.log'>
2026-02-01 00:06:04,821 DEBUG [watchdog.observers.inotify_buffer:52] in-event <InotifyEvent: src_path=b'/app/streamlit.log', wd=1, mask=IN_MODIFY, cookie=0, name='streamlit.log'>
2026-02-01 00:06:04,822 DEBUG [watchdog.observers.inotify_buffer:52] in-event <InotifyEvent: src_path=b'/app/streamlit.log', wd=1, mask=IN_MODIFY, cookie=0, name='streamlit.log'>
2026-02-01 00:06:04,822 DEBUG [watchdog.observers.inotify_buffer:52] in-event <InotifyEvent: src_path=b'/app/streamlit.log', wd=1, mask=IN_MODIFY, cookie=0, name='streamlit.log'>
2026-02-01 00:06:04,822 DEBUG [watchdog.observers.inotify_buffer:52] in-event <InotifyEvent: src_path=b'/app/streamlit.log', wd=1, mask=IN_MODIFY, cookie=0, name='streamlit.log'>
2026-02-01 00:06:04,822 DEBUG [watchdog.observers.inotify_buffer:52] in-event <InotifyEvent: src_path=b'/app/streamlit.log', wd=1, mask=IN_MODIFY, cookie=0, name='streamlit.log'>
2026-02-01 00:06:04,822 DEBUG [watchdog.observers.inotify_buffer:52] in-event <InotifyEvent: src_path=b'/app/streamlit.log', wd=1, mask=IN_MODIFY, cookie=0, name='streamlit.log'>
2026-02-01 00:06:04,823 DEBUG [watchdog.observers.inotify_buffer:52] in-event <InotifyEvent: src_path=b'/app/streamlit.log', wd=1, mask=IN_MODIFY, cookie=0, name='streamlit.log'>
2026-02-01 00:06:04,823 DEBUG [watchdog.observers.inotify_buffer:52] in-event <InotifyEvent: src_path=b'/app/streamlit.log', wd=1, mask=IN_MODIFY, cookie=0, name='streamlit.log'>
2026-02-01 00:06:04,823 DEBUG [watchdog.observers.inotify_buffer:52] in-event <InotifyEvent: src_path=b'/app/streamlit.log', wd=1, mask=IN_MODIFY, cookie=0, name='streamlit.log'>
2026-02-01 00:06:04,823 DEBUG [watchdog.observers.inotify_buffer:52] in-event <InotifyEvent: src_path=b'/app/streamlit.log', wd=1, mask=IN_MODIFY, cookie=0, name='streamlit.log'>
2026-02-01 00:06:04,824 DEBUG [watchdog.observers.inotify_buffer:52] in-event <InotifyEvent: src_path=b'/app/streamlit.log', wd=1, mask=IN_MODIFY, cookie=0, name='streamlit.log'>
2026-02-01 00:06:04,824 DEBUG [watchdog.observers.inotify_buffer:52] in-event <InotifyEvent: src_path=b'/app/streamlit.log', wd=1, mask=IN_MODIFY, cookie=0, name='streamlit.log'>
2026-02-01 00:06:04,825 DEBUG [watchdog.observers.inotify_buffer:52] in-event <InotifyEvent: src_path=b'/app/streamlit.log', wd=1, mask=IN_MODIFY, cookie=0, name='streamlit.log'>
2026-02-01 00:06:04,826 DEBUG [watchdog.observers.inotify_buffer:52] in-event <InotifyEvent: src_path=b'/app/streamlit.log', wd=1, mask=IN_MODIFY, cookie=0, name='streamlit.log'>
2026-02-01 00:06:04,827 DEBUG [watchdog.observers.inotify_buffer:52] in-event <InotifyEvent: src_path=b'/app/streamlit.log', wd=1, mask=IN_MODIFY, cookie=0, name='streamlit.log'>
2026-02-01 00:06:04,827 DEBUG [watchdog.observers.inotify_buffer:52] in-event <InotifyEvent: src_path=b'/app/streamlit.log', wd=1, mask=IN_MODIFY, cookie=0, name='streamlit.log'>
2026-02-01 00:06:04,828 DEBUG [watchdog.observers.inotify_buffer:52] in-event <InotifyEvent: src_path=b'/app/streamlit.log', wd=1, mask=IN_MODIFY, cookie=0, name='streamlit.log'>
2026-02-01 00:06:04,829 DEBUG [watchdog.observers.inotify_buffer:52] in-event <InotifyEvent: src_path=b'/app/streamlit.log', wd=1, mask=IN_MODIFY, cookie=0, name='streamlit.log'>
2026-02-01 00:06:04,830 DEBUG [watchdog.observers.inotify_buffer:52] in-event <InotifyEvent: src_path=b'/app/streamlit.log', wd=1, mask=IN_MODIFY, cookie=0, name='streamlit.log'>
2026-02-01 00:06:04,830 DEBUG [watchdog.observers.inotify_buffer:52] in-event <InotifyEvent: src_path=b'/app/streamlit.log', wd=1, mask=IN_MODIFY, cookie=0, name='streamlit.log'>
2026-02-01 00:06:04,831 DEBUG [watchdog.observers.inotify_buffer:52] in-event <InotifyEvent: src_path=b'/app/streamlit.log', wd=1, mask=IN_MODIFY, cookie=0, name='streamlit.log'>
2026-02-01 00:06:04,831 DEBUG [watchdog.observers.inotify_buffer:52] in-event <InotifyEvent: src_path=b'/app/streamlit.log', wd=1, mask=IN_MODIFY, cookie=0, name='streamlit.log'>
2026-02-01 00:06:04,831 DEBUG [watchdog.observers.inotify_buffer:52] in-event <InotifyEvent: src_path=b'/app/streamlit.log', wd=1, mask=IN_MODIFY, cookie=0, name='streamlit.log'>
2026-02-01 00:06:04,831 DEBUG [watchdog.observers.inotify_buffer:52] in-event <InotifyEvent: src_path=b'/app/streamlit.log', wd=1, mask=IN_MODIFY, cookie=0, name='streamlit.log'>
2026-02-01 00:06:04,831 DEBUG [watchdog.observers.inotify_buffer:52] in-event <InotifyEvent: src_path=b'/app/streamlit.log', wd=1, mask=IN_MODIFY, cookie=0, name='streamlit.log'>
2026-02-01 00:06:04,832 DEBUG [watchdog.observers.inotify_buffer:52] in-event <InotifyEvent: src_path=b'/app/streamlit.log', wd=1, mask=IN_MODIFY, cookie=0, name='streamlit.log'>
2026-02-01 00:06:04,832 DEBUG [watchdog.observers.inotify_buffer:52] in-event <InotifyEvent: src_path=b'/app/streamlit.log', wd=1, mask=IN_MODIFY, cookie=0, name='streamlit.log'>
2026-02-01 00:06:04,832 DEBUG [watchdog.observers.inotify_buffer:52] in-event <InotifyEvent: src_path=b'/app/streamlit.log', wd=1, mask=IN_MODIFY, cookie=0, name='streamlit.log'>
2026-02-01 00:06:04,832 DEBUG [watchdog.observers.inotify_buffer:52] in-event <InotifyEvent: src_path=b'/app/streamlit.log', wd=1, mask=IN_MODIFY, cookie=0, name='streamlit.log'>
2026-02-01 00:06:04,832 DEBUG [watchdog.observers.inotify_buffer:52] in-event <InotifyEvent: src_path=b'/app/streamlit.log', wd=1, mask=IN_MODIFY, cookie=0, name='streamlit.log'>
2026-02-01 00:06:04,832 DEBUG [watchdog.observers.inotify_buffer:52] in-event <InotifyEvent: src_path=b'/app/streamlit.log', wd=1, mask=IN_MODIFY, cookie=0, name='streamlit.log'>
2026-02-01 00:06:04,833 DEBUG [watchdog.observers.inotify_buffer:52] in-event <InotifyEvent: src_path=b'/app/streamlit.log', wd=1, mask=IN_MODIFY, cookie=0, name='streamlit.log'>
2026-02-01 00:06:04,833 DEBUG [watchdog.observers.inotify_buffer:52] in-event <InotifyEvent: src_path=b'/app/streamlit.log', wd=1, mask=IN_MODIFY, cookie=0, name='streamlit.log'>
2026-02-01 00:06:04,835 DEBUG [watchdog.observers.inotify_buffer:52] in-event <InotifyEvent: src_path=b'/app/streamlit.log', wd=1, mask=IN_MODIFY, cookie=0, name='streamlit.log'>
2026-02-01 00:06:04,835 DEBUG [watchdog.observers.inotify_buffer:52] in-event <InotifyEvent: src_path=b'/app/streamlit.log', wd=1, mask=IN_MODIFY, cookie=0, name='streamlit.log'>
2026-02-01 00:06:04,836 DEBUG [watchdog.observers.inotify_buffer:52] in-event <InotifyEvent: src_path=b'/app/streamlit.log', wd=1, mask=IN_MODIFY, cookie=0, name='streamlit.log'>
2026-02-01 00:06:04,836 DEBUG [watchdog.observers.inotify_buffer:52] in-event <InotifyEvent: src_path=b'/app/streamlit.log', wd=1, mask=IN_MODIFY, cookie=0, name='streamlit.log'>
2026-02-01 00:06:04,837 DEBUG [watchdog.observers.inotify_buffer:52] in-event <InotifyEvent: src_path=b'/app/streamlit.log', wd=1, mask=IN_MODIFY, cookie=0, name='streamlit.log'>
2026-02-01 00:06:04,837 DEBUG [watchdog.observers.inotify_buffer:52] in-event <InotifyEvent: src_path=b'/app/streamlit.log', wd=1, mask=IN_MODIFY, cookie=0, name='streamlit.log'>
2026-02-01 00:06:04,838 DEBUG [watchdog.observers.inotify_buffer:52] in-event <InotifyEvent: src_path=b'/app/streamlit.log', wd=1, mask=IN_MODIFY, cookie=0, name='streamlit.log'>
2026-02-01 00:06:04,838 DEBUG [watchdog.observers.inotify_buffer:52] in-event <InotifyEvent: src_path=b'/app/streamlit.log', wd=1, mask=IN_MODIFY, cookie=0, name='streamlit.log'>
2026-02-01 00:06:04,838 DEBUG [watchdog.observers.inotify_buffer:52] in-event <InotifyEvent: src_path=b'/app/streamlit.log', wd=1, mask=IN_MODIFY, cookie=0, name='streamlit.log'>
2026-02-01 00:06:04,839 DEBUG [watchdog.observers.inotify_buffer:52] in-event <InotifyEvent: src_path=b'/app/streamlit.log', wd=1, mask=IN_MODIFY, cookie=0, name='streamlit.log'>
2026-02-01 00:06:04,839 DEBUG [watchdog.observers.inotify_buffer:52] in-event <InotifyEvent: src_path=b'/app/streamlit.log', wd=1, mask=IN_MODIFY, cookie=0, name='streamlit.log'>
2026-02-01 00:06:04,840 DEBUG [watchdog.observers.inotify_buffer:52] in-event <InotifyEvent: src_path=b'/app/streamlit.log', wd=1, mask=IN_MODIFY, cookie=0, name='streamlit.log'>
2026-02-01 00:06:04,840 DEBUG [watchdog.observers.inotify_buffer:52] in-event <InotifyEvent: src_path=b'/app/streamlit.log', wd=1, mask=IN_MODIFY, cookie=0, name='streamlit.log'>
2026-02-01 00:06:04,841 DEBUG [watchdog.observers.inotify_buffer:52] in-event <InotifyEvent: src_path=b'/app/streamlit.log', wd=1, mask=IN_MODIFY, cookie=0, name='streamlit.log'>
2026-02-01 00:06:04,841 DEBUG [watchdog.observers.inotify_buffer:52] in-event <InotifyEvent: src_path=b'/app/streamlit.log', wd=1, mask=IN_MODIFY, cookie=0, name='streamlit.log'>
2026-02-01 00:06:04,842 DEBUG [watchdog.observers.inotify_buffer:52] in-event <InotifyEvent: src_path=b'/app/streamlit.log', wd=1, mask=IN_MODIFY, cookie=0, name='streamlit.log'>
2026-02-01 00:06:04,842 DEBUG [watchdog.observers.inotify_buffer:52] in-event <InotifyEvent: src_path=b'/app/streamlit.log', wd=1, mask=IN_MODIFY, cookie=0, name='streamlit.log'>
2026-02-01 00:06:04,842 DEBUG [watchdog.observers.inotify_buffer:52] in-event <InotifyEvent: src_path=b'/app/streamlit.log', wd=1, mask=IN_MODIFY, cookie=0, name='streamlit.log'>
2026-02-01 00:06:04,843 DEBUG [watchdog.observers.inotify_buffer:52] in-event <InotifyEvent: src_path=b'/app/streamlit.log', wd=1, mask=IN_MODIFY, cookie=0, name='streamlit.log'>
2026-02-01 00:06:04,844 DEBUG [watchdog.observers.inotify_buffer:52] in-event <InotifyEvent: src_path=b'/app/streamlit.log', wd=1, mask=IN_MODIFY, cookie=0, name='streamlit.log'>
2026-02-01 00:06:04,844 DEBUG [watchdog.observers.inotify_buffer:52] in-event <InotifyEvent: src_path=b'/app/streamlit.log', wd=1, mask=IN_MODIFY, cookie=0, name='streamlit.log'>
2026-02-01 00:06:04,845 DEBUG [watchdog.observers.inotify_buffer:52] in-event <InotifyEvent: src_path=b'/app/streamlit.log', wd=1, mask=IN_MODIFY, cookie=0, name='streamlit.log'>
2026-02-01 00:06:04,845 DEBUG [watchdog.observers.inotify_buffer:52] in-event <InotifyEvent: src_path=b'/app/streamlit.log', wd=1, mask=IN_MODIFY, cookie=0, name='streamlit.log'>
2026-02-01 00:06:04,846 DEBUG [watchdog.observers.inotify_buffer:52] in-event <InotifyEvent: src_path=b'/app/streamlit.log', wd=1, mask=IN_MODIFY, cookie=0, name='streamlit.log'>
2026-02-01 00:06:04,846 DEBUG [watchdog.observers.inotify_buffer:52] in-event <InotifyEvent: src_path=b'/app/streamlit.log', wd=1, mask=IN_MODIFY, cookie=0, name='streamlit.log'>
2026-02-01 00:06:04,847 DEBUG [watchdog.observers.inotify_buffer:52] in-event <InotifyEvent: src_path=b'/app/streamlit.log', wd=1, mask=IN_MODIFY, cookie=0, name='streamlit.log'>
2026-02-01 00:06:04,847 DEBUG [watchdog.observers.inotify_buffer:52] in-event <InotifyEvent: src_path=b'/app/streamlit.log', wd=1, mask=IN_MODIFY, cookie=0, name='streamlit.log'>
2026-02-01 00:06:04,848 DEBUG [watchdog.observers.inotify_buffer:52] in-event <InotifyEvent: src_path=b'/app/streamlit.log', wd=1, mask=IN_MODIFY, cookie=0, name='streamlit.log'>
2026-02-01 00:06:04,849 DEBUG [watchdog.observers.inotify_buffer:52] in-event <InotifyEvent: src_path=b'/app/streamlit.log', wd=1, mask=IN_MODIFY, cookie=0, name='streamlit.log'>
2026-02-01 00:06:04,849 DEBUG [watchdog.observers.inotify_buffer:52] in-event <InotifyEvent: src_path=b'/app/streamlit.log', wd=1, mask=IN_MODIFY, cookie=0, name='streamlit.log'>
2026-02-01 00:06:04,850 DEBUG [watchdog.observers.inotify_buffer:52] in-event <InotifyEvent: src_path=b'/app/streamlit.log', wd=1, mask=IN_MODIFY, cookie=0, name='streamlit.log'>
2026-02-01 00:06:04,850 DEBUG [watchdog.observers.inotify_buffer:52] in-event <InotifyEvent: src_path=b'/app/streamlit.log', wd=1, mask=IN_MODIFY, cookie=0, name='streamlit.log'>
2026-02-01 00:06:04,850 DEBUG [watchdog.observers.inotify_buffer:52] in-event <InotifyEvent: src_path=b'/app/streamlit.log', wd=1, mask=IN_MODIFY, cookie=0, name='streamlit.log'>
2026-02-01 00:06:04,851 DEBUG [watchdog.observers.inotify_buffer:52] in-event <InotifyEvent: src_path=b'/app/streamlit.log', wd=1, mask=IN_MODIFY, cookie=0, name='streamlit.log'>
2026-02-01 00:06:04,851 DEBUG [watchdog.observers.inotify_buffer:52] in-event <InotifyEvent: src_path=b'/app/streamlit.log', wd=1, mask=IN_MODIFY, cookie=0, name='streamlit.log'>
2026-02-01 00:06:04,852 DEBUG [watchdog.observers.inotify_buffer:52] in-event <InotifyEvent: src_path=b'/app/streamlit.log', wd=1, mask=IN_MODIFY, cookie=0, name='streamlit.log'>
2026-02-01 00:06:04,852 DEBUG [watchdog.observers.inotify_buffer:52] in-event <InotifyEvent: src_path=b'/app/streamlit.log', wd=1, mask=IN_MODIFY, cookie=0, name='streamlit.log'>
2026-02-01 00:06:04,852 DEBUG [watchdog.observers.inotify_buffer:52] in-event <InotifyEvent: src_path=b'/app/streamlit.log', wd=1, mask=IN_MODIFY, cookie=0, name='streamlit.log'>
2026-02-01 00:06:04,853 DEBUG [watchdog.observers.inotify_buffer:52] in-event <InotifyEvent: src_path=b'/app/streamlit.log', wd=1, mask=IN_MODIFY, cookie=0, name='streamlit.log'>
2026-02-01 00:06:04,853 DEBUG [watchdog.observers.inotify_buffer:52] in-event <InotifyEvent: src_path=b'/app/streamlit.log', wd=1, mask=IN_MODIFY, cookie=0, name='streamlit.log'>
2026-02-01 00:06:04,853 DEBUG [watchdog.observers.inotify_buffer:52] in-event <InotifyEvent: src_path=b'/app/streamlit.log', wd=1, mask=IN_MODIFY, cookie=0, name='streamlit.log'>
2026-02-01 00:06:04,854 DEBUG [watchdog.observers.inotify_buffer:52] in-event <InotifyEvent: src_path=b'/app/streamlit.log', wd=1, mask=IN_MODIFY, cookie=0, name='streamlit.log'>
2026-02-01 00:06:04,854 DEBUG [watchdog.observers.inotify_buffer:52] in-event <InotifyEvent: src_path=b'/app/streamlit.log', wd=1, mask=IN_MODIFY, cookie=0, name='streamlit.log'>
2026-02-01 00:06:04,854 DEBUG [watchdog.observers.inotify_buffer:52] in-event <InotifyEvent: src_path=b'/app/streamlit.log', wd=1, mask=IN_MODIFY, cookie=0, name='streamlit.log'>
2026-02-01 00:06:04,855 DEBUG [watchdog.observers.inotify_buffer:52] in-event <InotifyEvent: src_path=b'/app/streamlit.log', wd=1, mask=IN_MODIFY, cookie=0, name='streamlit.log'>
2026-02-01 00:06:04,855 DEBUG [watchdog.observers.inotify_buffer:52] in-event <InotifyEvent: src_path=b'/app/streamlit.log', wd=1, mask=IN_MODIFY, cookie=0, name='streamlit.log'>
2026-02-01 00:06:04,856 DEBUG [watchdog.observers.inotify_buffer:52] in-event <InotifyEvent: src_path=b'/app/streamlit.log', wd=1, mask=IN_MODIFY, cookie=0, name='streamlit.log'>
2026-02-01 00:06:04,856 DEBUG [watchdog.observers.inotify_buffer:52] in-event <InotifyEvent: src_path=b'/app/streamlit.log', wd=1, mask=IN_MODIFY, cookie=0, name='streamlit.log'>
2026-02-01 00:06:04,856 DEBUG [watchdog.observers.inotify_buffer:52] in-event <InotifyEvent: src_path=b'/app/streamlit.log', wd=1, mask=IN_MODIFY, cookie=0, name='streamlit.log'>
2026-02-01 00:06:04,856 DEBUG [watchdog.observers.inotify_buffer:52] in-event <InotifyEvent: src_path=b'/app/streamlit.log', wd=1, mask=IN_MODIFY, cookie=0, name='streamlit.log'>
2026-02-01 00:06:04,857 DEBUG [watchdog.observers.inotify_buffer:52] in-event <InotifyEvent: src_path=b'/app/streamlit.log', wd=1, mask=IN_MODIFY, cookie=0, name='streamlit.log'>
2026-02-01 00:06:04,858 DEBUG [watchdog.observers.inotify_buffer:52] in-event <InotifyEvent: src_path=b'/app/streamlit.log', wd=1, mask=IN_MODIFY, cookie=0, name='streamlit.log'>
2026-02-01 00:06:04,858 DEBUG [watchdog.observers.inotify_buffer:52] in-event <InotifyEvent: src_path=b'/app/streamlit.log', wd=1, mask=IN_MODIFY, cookie=0, name='streamlit.log'>
2026-02-01 00:06:04,859 DEBUG [watchdog.observers.inotify_buffer:52] in-event <InotifyEvent: src_path=b'/app/streamlit.log', wd=1, mask=IN_MODIFY, cookie=0, name='streamlit.log'>
2026-02-01 00:06:04,859 DEBUG [watchdog.observers.inotify_buffer:52] in-event <InotifyEvent: src_path=b'/app/streamlit.log', wd=1, mask=IN_MODIFY, cookie=0, name='streamlit.log'>
2026-02-01 00:06:04,859 DEBUG [watchdog.observers.inotify_buffer:52] in-event <InotifyEvent: src_path=b'/app/streamlit.log', wd=1, mask=IN_MODIFY, cookie=0, name='streamlit.log'>
2026-02-01 00:06:04,860 DEBUG [watchdog.observers.inotify_buffer:52] in-event <InotifyEvent: src_path=b'/app/streamlit.log', wd=1, mask=IN_MODIFY, cookie=0, name='streamlit.log'>
2026-02-01 00:06:04,860 DEBUG [watchdog.observers.inotify_buffer:52] in-event <InotifyEvent: src_path=b'/app/streamlit.log', wd=1, mask=IN_MODIFY, cookie=0, name='streamlit.log'>
2026-02-01 00:06:04,860 DEBUG [watchdog.observers.inotify_buffer:52] in-event <InotifyEvent: src_path=b'/app/streamlit.log', wd=1, mask=IN_MODIFY, cookie=0, name='streamlit.log'>
2026-02-01 00:06:04,861 DEBUG [watchdog.observers.inotify_buffer:52] in-event <InotifyEvent: src_path=b'/app/streamlit.log', wd=1, mask=IN_MODIFY, cookie=0, name='streamlit.log'>
2026-02-01 00:06:04,862 DEBUG [watchdog.observers.inotify_buffer:52] in-event <InotifyEvent: src_path=b'/app/streamlit.log', wd=1, mask=IN_MODIFY, cookie=0, name='streamlit.log'>
2026-02-01 00:06:04,862 DEBUG [watchdog.observers.inotify_buffer:52] in-event <InotifyEvent: src_path=b'/app/streamlit.log', wd=1, mask=IN_MODIFY, cookie=0, name='streamlit.log'>
2026-02-01 00:06:04,863 DEBUG [watchdog.observers.inotify_buffer:52] in-event <InotifyEvent: src_path=b'/app/streamlit.log', wd=1, mask=IN_MODIFY, cookie=0, name='streamlit.log'>
2026-02-01 00:06:04,863 DEBUG [watchdog.observers.inotify_buffer:52] in-event <InotifyEvent: src_path=b'/app/streamlit.log', wd=1, mask=IN_MODIFY, cookie=0, name='streamlit.log'>
2026-02-01 00:06:04,864 DEBUG [watchdog.observers.inotify_buffer:52] in-event <InotifyEvent: src_path=b'/app/streamlit.log', wd=1, mask=IN_MODIFY, cookie=0, name='streamlit.log'>
2026-02-01 00:06:04,864 DEBUG [watchdog.observers.inotify_buffer:52] in-event <InotifyEvent: src_path=b'/app/streamlit.log', wd=1, mask=IN_MODIFY, cookie=0, name='streamlit.log'>
2026-02-01 00:06:04,865 DEBUG [watchdog.observers.inotify_buffer:52] in-event <InotifyEvent: src_path=b'/app/streamlit.log', wd=1, mask=IN_MODIFY, cookie=0, name='streamlit.log'>
2026-02-01 00:06:04,865 DEBUG [watchdog.observers.inotify_buffer:52] in-event <InotifyEvent: src_path=b'/app/streamlit.log', wd=1, mask=IN_MODIFY, cookie=0, name='streamlit.log'>
2026-02-01 00:06:04,866 DEBUG [watchdog.observers.inotify_buffer:52] in-event <InotifyEvent: src_path=b'/app/streamlit.log', wd=1, mask=IN_MODIFY, cookie=0, name='streamlit.log'>
2026-02-01 00:06:04,866 DEBUG [watchdog.observers.inotify_buffer:52] in-event <InotifyEvent: src_path=b'/app/streamlit.log', wd=1, mask=IN_MODIFY, cookie=0, name='streamlit.log'>
2026-02-01 00:06:04,867 DEBUG [watchdog.observers.inotify_buffer:52] in-event <InotifyEvent: src_path=b'/app/streamlit.log', wd=1, mask=IN_MODIFY, cookie=0, name='streamlit.log'>
2026-02-01 00:06:04,867 DEBUG [watchdog.observers.inotify_buffer:52] in-event <InotifyEvent: src_path=b'/app/streamlit.log', wd=1, mask=IN_MODIFY, cookie=0, name='streamlit.log'>
2026-02-01 00:06:04,868 DEBUG [watchdog.observers.inotify_buffer:52] in-event <InotifyEvent: src_path=b'/app/streamlit.log', wd=1, mask=IN_MODIFY, cookie=0, name='streamlit.log'>
2026-02-01 00:06:04,868 DEBUG [watchdog.observers.inotify_buffer:52] in-event <InotifyEvent: src_path=b'/app/streamlit.log', wd=1, mask=IN_MODIFY, cookie=0, name='streamlit.log'>
2026-02-01 00:06:04,869 DEBUG [watchdog.observers.inotify_buffer:52] in-event <InotifyEvent: src_path=b'/app/streamlit.log', wd=1, mask=IN_MODIFY, cookie=0, name='streamlit.log'>
2026-02-01 00:06:04,869 DEBUG [watchdog.observers.inotify_buffer:52] in-event <InotifyEvent: src_path=b'/app/streamlit.log', wd=1, mask=IN_MODIFY, cookie=0, name='streamlit.log'>
2026-02-01 00:06:04,869 DEBUG [watchdog.observers.inotify_buffer:52] in-event <InotifyEvent: src_path=b'/app/streamlit.log', wd=1, mask=IN_MODIFY, cookie=0, name='streamlit.log'>
2026-02-01 00:06:04,870 DEBUG [watchdog.observers.inotify_buffer:52] in-event <InotifyEvent: src_path=b'/app/streamlit.log', wd=1, mask=IN_MODIFY, cookie=0, name='streamlit.log'>
2026-02-01 00:06:04,870 DEBUG [watchdog.observers.inotify_buffer:52] in-event <InotifyEvent: src_path=b'/app/streamlit.log', wd=1, mask=IN_MODIFY, cookie=0, name='streamlit.log'>
2026-02-01 00:06:04,871 DEBUG [watchdog.observers.inotify_buffer:52] in-event <InotifyEvent: src_path=b'/app/streamlit.log', wd=1, mask=IN_MODIFY, cookie=0, name='streamlit.log'>
2026-02-01 00:06:04,871 DEBUG [watchdog.observers.inotify_buffer:52] in-event <InotifyEvent: src_path=b'/app/streamlit.log', wd=1, mask=IN_MODIFY, cookie=0, name='streamlit.log'>
2026-02-01 00:06:04,872 DEBUG [watchdog.observers.inotify_buffer:52] in-event <InotifyEvent: src_path=b'/app/streamlit.log', wd=1, mask=IN_MODIFY, cookie=0, name='streamlit.log'>
2026-02-01 00:06:04,872 DEBUG [watchdog.observers.inotify_buffer:52] in-event <InotifyEvent: src_path=b'/app/streamlit.log', wd=1, mask=IN_MODIFY, cookie=0, name='streamlit.log'>
2026-02-01 00:06:04,872 DEBUG [watchdog.observers.inotify_buffer:52] in-event <InotifyEvent: src_path=b'/app/streamlit.log', wd=1, mask=IN_MODIFY, cookie=0, name='streamlit.log'>
2026-02-01 00:06:04,873 DEBUG [watchdog.observers.inotify_buffer:52] in-event <InotifyEvent: src_path=b'/app/streamlit.log', wd=1, mask=IN_MODIFY, cookie=0, name='streamlit.log'>
2026-02-01 00:06:04,873 DEBUG [watchdog.observers.inotify_buffer:52] in-event <InotifyEvent: src_path=b'/app/streamlit.log', wd=1, mask=IN_MODIFY, cookie=0, name='streamlit.log'>
2026-02-01 00:06:04,873 DEBUG [watchdog.observers.inotify_buffer:52] in-event <InotifyEvent: src_path=b'/app/streamlit.log', wd=1, mask=IN_MODIFY, cookie=0, name='streamlit.log'>
2026-02-01 00:06:04,874 DEBUG [watchdog.observers.inotify_buffer:52] in-event <InotifyEvent: src_path=b'/app/streamlit.log', wd=1, mask=IN_MODIFY, cookie=0, name='streamlit.log'>
2026-02-01 00:06:04,874 DEBUG [watchdog.observers.inotify_buffer:52] in-event <InotifyEvent: src_path=b'/app/streamlit.log', wd=1, mask=IN_MODIFY, cookie=0, name='streamlit.log'>
2026-02-01 00:06:04,875 DEBUG [watchdog.observers.inotify_buffer:52] in-event <InotifyEvent: src_path=b'/app/streamlit.log', wd=1, mask=IN_MODIFY, cookie=0, name='streamlit.log'>
2026-02-01 00:06:04,875 DEBUG [watchdog.observers.inotify_buffer:52] in-event <InotifyEvent: src_path=b'/app/streamlit.log', wd=1, mask=IN_MODIFY, cookie=0, name='streamlit.log'>
2026-02-01 00:06:04,875 DEBUG [watchdog.observers.inotify_buffer:52] in-event <InotifyEvent: src_path=b'/app/streamlit.log', wd=1, mask=IN_MODIFY, cookie=0, name='streamlit.log'>
2026-02-01 00:06:04,876 DEBUG [watchdog.observers.inotify_buffer:52] in-event <InotifyEvent: src_path=b'/app/streamlit.log', wd=1, mask=IN_MODIFY, cookie=0, name='streamlit.log'>
2026-02-01 00:06:04,876 DEBUG [watchdog.observers.inotify_buffer:52] in-event <InotifyEvent: src_path=b'/app/streamlit.log', wd=1, mask=IN_MODIFY, cookie=0, name='streamlit.log'>
2026-02-01 00:06:04,876 DEBUG [watchdog.observers.inotify_buffer:52] in-event <InotifyEvent: src_path=b'/app/streamlit.log', wd=1, mask=IN_MODIFY, cookie=0, name='streamlit.log'>
2026-02-01 00:06:04,877 DEBUG [watchdog.observers.inotify_buffer:52] in-event <InotifyEvent: src_path=b'/app/streamlit.log', wd=1, mask=IN_MODIFY, cookie=0, name='streamlit.log'>
2026-02-01 00:06:04,877 DEBUG [watchdog.observers.inotify_buffer:52] in-event <InotifyEvent: src_path=b'/app/streamlit.log', wd=1, mask=IN_MODIFY, cookie=0, name='streamlit.log'>
2026-02-01 00:06:04,877 DEBUG [watchdog.observers.inotify_buffer:52] in-event <InotifyEvent: src_path=b'/app/streamlit.log', wd=1, mask=IN_MODIFY, cookie=0, name='streamlit.log'>
2026-02-01 00:06:04,878 DEBUG [watchdog.observers.inotify_buffer:52] in-event <InotifyEvent: src_path=b'/app/streamlit.log', wd=1, mask=IN_MODIFY, cookie=0, name='streamlit.log'>
2026-02-01 00:06:04,878 DEBUG [watchdog.observers.inotify_buffer:52] in-event <InotifyEvent: src_path=b'/app/streamlit.log', wd=1, mask=IN_MODIFY, cookie=0, name='streamlit.log'>
2026-02-01 00:06:04,879 DEBUG [watchdog.observers.inotify_buffer:52] in-event <InotifyEvent: src_path=b'/app/streamlit.log', wd=1, mask=IN_MODIFY, cookie=0, name='streamlit.log'>
2026-02-01 00:06:04,879 DEBUG [watchdog.observers.inotify_buffer:52] in-event <InotifyEvent: src_path=b'/app/streamlit.log', wd=1, mask=IN_MODIFY, cookie=0, name='streamlit.log'>
2026-02-01 00:06:04,879 DEBUG [watchdog.observers.inotify_buffer:52] in-event <InotifyEvent: src_path=b'/app/streamlit.log', wd=1, mask=IN_MODIFY, cookie=0, name='streamlit.log'>
2026-02-01 00:06:04,880 DEBUG [watchdog.observers.inotify_buffer:52] in-event <InotifyEvent: src_path=b'/app/streamlit.log', wd=1, mask=IN_MODIFY, cookie=0, name='streamlit.log'>
2026-02-01 00:06:04,880 DEBUG [watchdog.observers.inotify_buffer:52] in-event <InotifyEvent: src_path=b'/app/streamlit.log', wd=1, mask=IN_MODIFY, cookie=0, name='streamlit.log'>
2026-02-01 00:06:04,880 DEBUG [watchdog.observers.inotify_buffer:52] in-event <InotifyEvent: src_path=b'/app/streamlit.log', wd=1, mask=IN_MODIFY, cookie=0, name='streamlit.log'>
2026-02-01 00:06:04,881 DEBUG [watchdog.observers.inotify_buffer:52] in-event <InotifyEvent: src_path=b'/app/streamlit.log', wd=1, mask=IN_MODIFY, cookie=0, name='streamlit.log'>
2026-02-01 00:06:04,881 DEBUG [watchdog.observers.inotify_buffer:52] in-event <InotifyEvent: src_path=b'/app/streamlit.log', wd=1, mask=IN_MODIFY, cookie=0, name='streamlit.log'>
2026-02-01 00:06:04,882 DEBUG [watchdog.observers.inotify_buffer:52] in-event <InotifyEvent: src_path=b'/app/streamlit.log', wd=1, mask=IN_MODIFY, cookie=0, name='streamlit.log'>
2026-02-01 00:06:04,882 DEBUG [watchdog.observers.inotify_buffer:52] in-event <InotifyEvent: src_path=b'/app/streamlit.log', wd=1, mask=IN_MODIFY, cookie=0, name='streamlit.log'>
2026-02-01 00:06:04,882 DEBUG [watchdog.observers.inotify_buffer:52] in-event <InotifyEvent: src_path=b'/app/streamlit.log', wd=1, mask=IN_MODIFY, cookie=0, name='streamlit.log'>
2026-02-01 00:06:04,883 DEBUG [watchdog.observers.inotify_buffer:52] in-event <InotifyEvent: src_path=b'/app/streamlit.log', wd=1, mask=IN_MODIFY, cookie=0, name='streamlit.log'>
2026-02-01 00:06:04,883 DEBUG [watchdog.observers.inotify_buffer:52] in-event <InotifyEvent: src_path=b'/app/streamlit.log', wd=1, mask=IN_MODIFY, cookie=0, name='streamlit.log'>
2026-02-01 00:06:04,883 DEBUG [watchdog.observers.inotify_buffer:52] in-event <InotifyEvent: src_path=b'/app/streamlit.log', wd=1, mask=IN_MODIFY, cookie=0, name='streamlit.log'>
2026-02-01 00:06:04,884 DEBUG [watchdog.observers.inotify_buffer:52] in-event <InotifyEvent: src_path=b'/app/streamlit.log', wd=1, mask=IN_MODIFY, cookie=0, name='streamlit.log'>
2026-02-01 00:06:04,884 DEBUG [watchdog.observers.inotify_buffer:52] in-event <InotifyEvent: src_path=b'/app/streamlit.log', wd=1, mask=IN_MODIFY, cookie=0, name='streamlit.log'>
2026-02-01 00:06:04,884 DEBUG [watchdog.observers.inotify_buffer:52] in-event <InotifyEvent: src_path=b'/app/streamlit.log', wd=1, mask=IN_MODIFY, cookie=0, name='streamlit.log'>
2026-02-01 00:06:04,885 DEBUG [watchdog.observers.inotify_buffer:52] in-event <InotifyEvent: src_path=b'/app/streamlit.log', wd=1, mask=IN_MODIFY, cookie=0, name='streamlit.log'>
2026-02-01 00:06:04,885 DEBUG [watchdog.observers.inotify_buffer:52] in-event <InotifyEvent: src_path=b'/app/streamlit.log', wd=1, mask=IN_MODIFY, cookie=0, name='streamlit.log'>
2026-02-01 00:06:04,885 DEBUG [watchdog.observers.inotify_buffer:52] in-event <InotifyEvent: src_path=b'/app/streamlit.log', wd=1, mask=IN_MODIFY, cookie=0, name='streamlit.log'>
2026-02-01 00:06:04,886 DEBUG [watchdog.observers.inotify_buffer:52] in-event <InotifyEvent: src_path=b'/app/streamlit.log', wd=1, mask=IN_MODIFY, cookie=0, name='streamlit.log'>
2026-02-01 00:06:04,886 DEBUG [watchdog.observers.inotify_buffer:52] in-event <InotifyEvent: src_path=b'/app/streamlit.log', wd=1, mask=IN_MODIFY, cookie=0, name='streamlit.log'>
2026-02-01 00:06:04,887 DEBUG [watchdog.observers.inotify_buffer:52] in-event <InotifyEvent: src_path=b'/app/streamlit.log', wd=1, mask=IN_MODIFY, cookie=0, name='streamlit.log'>
2026-02-01 00:06:04,887 DEBUG [watchdog.observers.inotify_buffer:52] in-event <InotifyEvent: src_path=b'/app/streamlit.log', wd=1, mask=IN_MODIFY, cookie=0, name='streamlit.log'>
2026-02-01 00:06:04,888 DEBUG [watchdog.observers.inotify_buffer:52] in-event <InotifyEvent: src_path=b'/app/streamlit.log', wd=1, mask=IN_MODIFY, cookie=0, name='streamlit.log'>
2026-02-01 00:06:04,888 DEBUG [watchdog.observers.inotify_buffer:52] in-event <InotifyEvent: src_path=b'/app/streamlit.log', wd=1, mask=IN_MODIFY, cookie=0, name='streamlit.log'>
2026-02-01 00:06:04,889 DEBUG [watchdog.observers.inotify_buffer:52] in-event <InotifyEvent: src_path=b'/app/streamlit.log', wd=1, mask=IN_MODIFY, cookie=0, name='streamlit.log'>
2026-02-01 00:06:04,890 DEBUG [watchdog.observers.inotify_buffer:52] in-event <InotifyEvent: src_path=b'/app/streamlit.log', wd=1, mask=IN_MODIFY, cookie=0, name='streamlit.log'>
2026-02-01 00:06:04,891 DEBUG [watchdog.observers.inotify_buffer:52] in-event <InotifyEvent: src_path=b'/app/streamlit.log', wd=1, mask=IN_MODIFY, cookie=0, name='streamlit.log'>
2026-02-01 00:06:04,891 DEBUG [watchdog.observers.inotify_buffer:52] in-event <InotifyEvent: src_path=b'/app/streamlit.log', wd=1, mask=IN_MODIFY, cookie=0, name='streamlit.log'>
2026-02-01 00:06:04,892 DEBUG [watchdog.observers.inotify_buffer:52] in-event <InotifyEvent: src_path=b'/app/streamlit.log', wd=1, mask=IN_MODIFY, cookie=0, name='streamlit.log'>
2026-02-01 00:06:04,892 DEBUG [watchdog.observers.inotify_buffer:52] in-event <InotifyEvent: src_path=b'/app/streamlit.log', wd=1, mask=IN_MODIFY, cookie=0, name='streamlit.log'>
2026-02-01 00:06:04,893 DEBUG [watchdog.observers.inotify_buffer:52] in-event <InotifyEvent: src_path=b'/app/streamlit.log', wd=1, mask=IN_MODIFY, cookie=0, name='streamlit.log'>
2026-02-01 00:06:04,894 DEBUG [watchdog.observers.inotify_buffer:52] in-event <InotifyEvent: src_path=b'/app/streamlit.log', wd=1, mask=IN_MODIFY, cookie=0, name='streamlit.log'>
2026-02-01 00:06:04,895 DEBUG [watchdog.observers.inotify_buffer:52] in-event <InotifyEvent: src_path=b'/app/streamlit.log', wd=1, mask=IN_MODIFY, cookie=0, name='streamlit.log'>
2026-02-01 00:06:04,895 DEBUG [watchdog.observers.inotify_buffer:52] in-event <InotifyEvent: src_path=b'/app/streamlit.log', wd=1, mask=IN_MODIFY, cookie=0, name='streamlit.log'>
2026-02-01 00:06:04,895 DEBUG [watchdog.observers.inotify_buffer:52] in-event <InotifyEvent: src_path=b'/app/streamlit.log', wd=1, mask=IN_MODIFY, cookie=0, name='streamlit.log'>
2026-02-01 00:06:04,896 DEBUG [watchdog.observers.inotify_buffer:52] in-event <InotifyEvent: src_path=b'/app/streamlit.log', wd=1, mask=IN_MODIFY, cookie=0, name='streamlit.log'>
2026-02-01 00:06:04,896 DEBUG [watchdog.observers.inotify_buffer:52] in-event <InotifyEvent: src_path=b'/app/streamlit.log', wd=1, mask=IN_MODIFY, cookie=0, name='streamlit.log'>
2026-02-01 00:06:04,897 DEBUG [watchdog.observers.inotify_buffer:52] in-event <InotifyEvent: src_path=b'/app/streamlit.log', wd=1, mask=IN_MODIFY, cookie=0, name='streamlit.log'>
2026-02-01 00:06:04,898 DEBUG [watchdog.observers.inotify_buffer:52] in-event <InotifyEvent: src_path=b'/app/streamlit.log', wd=1, mask=IN_MODIFY, cookie=0, name='streamlit.log'>
2026-02-01 00:06:04,899 DEBUG [watchdog.observers.inotify_buffer:52] in-event <InotifyEvent: src_path=b'/app/streamlit.log', wd=1, mask=IN_MODIFY, cookie=0, name='streamlit.log'>
2026-02-01 00:06:04,899 DEBUG [watchdog.observers.inotify_buffer:52] in-event <InotifyEvent: src_path=b'/app/streamlit.log', wd=1, mask=IN_MODIFY, cookie=0, name='streamlit.log'>
2026-02-01 00:06:04,900 DEBUG [watchdog.observers.inotify_buffer:52] in-event <InotifyEvent: src_path=b'/app/streamlit.log', wd=1, mask=IN_MODIFY, cookie=0, name='streamlit.log'>
2026-02-01 00:06:04,901 DEBUG [watchdog.observers.inotify_buffer:52] in-event <InotifyEvent: src_path=b'/app/streamlit.log', wd=1, mask=IN_MODIFY, cookie=0, name='streamlit.log'>
2026-02-01 00:06:04,901 DEBUG [watchdog.observers.inotify_buffer:52] in-event <InotifyEvent: src_path=b'/app/streamlit.log', wd=1, mask=IN_MODIFY, cookie=0, name='streamlit.log'>
2026-02-01 00:06:04,902 DEBUG [watchdog.observers.inotify_buffer:52] in-event <InotifyEvent: src_path=b'/app/streamlit.log', wd=1, mask=IN_MODIFY, cookie=0, name='streamlit.log'>
2026-02-01 00:06:04,902 DEBUG [watchdog.observers.inotify_buffer:52] in-event <InotifyEvent: src_path=b'/app/streamlit.log', wd=1, mask=IN_MODIFY, cookie=0, name='streamlit.log'>
2026-02-01 00:06:04,902 DEBUG [watchdog.observers.inotify_buffer:52] in-event <InotifyEvent: src_path=b'/app/streamlit.log', wd=1, mask=IN_MODIFY, cookie=0, name='streamlit.log'>
2026-02-01 00:06:04,903 DEBUG [watchdog.observers.inotify_buffer:52] in-event <InotifyEvent: src_path=b'/app/streamlit.log', wd=1, mask=IN_MODIFY, cookie=0, name='streamlit.log'>
2026-02-01 00:06:04,903 DEBUG [watchdog.observers.inotify_buffer:52] in-event <InotifyEvent: src_path=b'/app/streamlit.log', wd=1, mask=IN_MODIFY, cookie=0, name='streamlit.log'>
2026-02-01 00:06:04,904 DEBUG [watchdog.observers.inotify_buffer:52] in-event <InotifyEvent: src_path=b'/app/streamlit.log', wd=1, mask=IN_MODIFY, cookie=0, name='streamlit.log'>
2026-02-01 00:06:04,904 DEBUG [watchdog.observers.inotify_buffer:52] in-event <InotifyEvent: src_path=b'/app/streamlit.log', wd=1, mask=IN_MODIFY, cookie=0, name='streamlit.log'>
2026-02-01 00:06:04,905 DEBUG [watchdog.observers.inotify_buffer:52] in-event <InotifyEvent: src_path=b'/app/streamlit.log', wd=1, mask=IN_MODIFY, cookie=0, name='streamlit.log'>
2026-02-01 00:06:04,905 DEBUG [watchdog.observers.inotify_buffer:52] in-event <InotifyEvent: src_path=b'/app/streamlit.log', wd=1, mask=IN_MODIFY, cookie=0, name='streamlit.log'>
2026-02-01 00:06:04,905 DEBUG [watchdog.observers.inotify_buffer:52] in-event <InotifyEvent: src_path=b'/app/streamlit.log', wd=1, mask=IN_MODIFY, cookie=0, name='streamlit.log'>
2026-02-01 00:06:04,906 DEBUG [watchdog.observers.inotify_buffer:52] in-event <InotifyEvent: src_path=b'/app/streamlit.log', wd=1, mask=IN_MODIFY, cookie=0, name='streamlit.log'>
2026-02-01 00:06:04,906 DEBUG [watchdog.observers.inotify_buffer:52] in-event <InotifyEvent: src_path=b'/app/streamlit.log', wd=1, mask=IN_MODIFY, cookie=0, name='streamlit.log'>
2026-02-01 00:06:04,907 DEBUG [watchdog.observers.inotify_buffer:52] in-event <InotifyEvent: src_path=b'/app/streamlit.log', wd=1, mask=IN_MODIFY, cookie=0, name='streamlit.log'>
2026-02-01 00:06:04,907 DEBUG [watchdog.observers.inotify_buffer:52] in-event <InotifyEvent: src_path=b'/app/streamlit.log', wd=1, mask=IN_MODIFY, cookie=0, name='streamlit.log'>
2026-02-01 00:06:04,907 DEBUG [watchdog.observers.inotify_buffer:52] in-event <InotifyEvent: src_path=b'/app/streamlit.log', wd=1, mask=IN_MODIFY, cookie=0, name='streamlit.log'>
2026-02-01 00:06:04,908 DEBUG [watchdog.observers.inotify_buffer:52] in-event <InotifyEvent: src_path=b'/app/streamlit.log', wd=1, mask=IN_MODIFY, cookie=0, name='streamlit.log'>
2026-02-01 00:06:04,908 DEBUG [watchdog.observers.inotify_buffer:52] in-event <InotifyEvent: src_path=b'/app/streamlit.log', wd=1, mask=IN_MODIFY, cookie=0, name='streamlit.log'>
2026-02-01 00:06:04,909 DEBUG [watchdog.observers.inotify_buffer:52] in-event <InotifyEvent: src_path=b'/app/streamlit.log', wd=1, mask=IN_MODIFY, cookie=0, name='streamlit.log'>
2026-02-01 00:06:04,909 DEBUG [watchdog.observers.inotify_buffer:52] in-event <InotifyEvent: src_path=b'/app/streamlit.log', wd=1, mask=IN_MODIFY, cookie=0, name='streamlit.log'>
2026-02-01 00:06:04,910 DEBUG [watchdog.observers.inotify_buffer:52] in-event <InotifyEvent: src_path=b'/app/streamlit.log', wd=1, mask=IN_MODIFY, cookie=0, name='streamlit.log'>
2026-02-01 00:06:04,910 DEBUG [watchdog.observers.inotify_buffer:52] in-event <InotifyEvent: src_path=b'/app/streamlit.log', wd=1, mask=IN_MODIFY, cookie=0, name='streamlit.log'>
2026-02-01 00:06:04,910 DEBUG [watchdog.observers.inotify_buffer:52] in-event <InotifyEvent: src_path=b'/app/streamlit.log', wd=1, mask=IN_MODIFY, cookie=0, name='streamlit.log'>
2026-02-01 00:06:04,911 DEBUG [watchdog.observers.inotify_buffer:52] in-event <InotifyEvent: src_path=b'/app/streamlit.log', wd=1, mask=IN_MODIFY, cookie=0, name='streamlit.log'>
2026-02-01 00:06:04,912 DEBUG [watchdog.observers.inotify_buffer:52] in-event <InotifyEvent: src_path=b'/app/streamlit.log', wd=1, mask=IN_MODIFY, cookie=0, name='streamlit.log'>
2026-02-01 00:06:04,912 DEBUG [watchdog.observers.inotify_buffer:52] in-event <InotifyEvent: src_path=b'/app/streamlit.log', wd=1, mask=IN_MODIFY, cookie=0, name='streamlit.log'>
2026-02-01 00:06:04,913 DEBUG [watchdog.observers.inotify_buffer:52] in-event <InotifyEvent: src_path=b'/app/streamlit.log', wd=1, mask=IN_MODIFY, cookie=0, name='streamlit.log'>
2026-02-01 00:06:04,914 DEBUG [watchdog.observers.inotify_buffer:52] in-event <InotifyEvent: src_path=b'/app/streamlit.log', wd=1, mask=IN_MODIFY, cookie=0, name='streamlit.log'>
2026-02-01 00:06:04,914 DEBUG [watchdog.observers.inotify_buffer:52] in-event <InotifyEvent: src_path=b'/app/streamlit.log', wd=1, mask=IN_MODIFY, cookie=0, name='streamlit.log'>
2026-02-01 00:06:04,915 DEBUG [watchdog.observers.inotify_buffer:52] in-event <InotifyEvent: src_path=b'/app/streamlit.log', wd=1, mask=IN_MODIFY, cookie=0, name='streamlit.log'>
2026-02-01 00:06:04,916 DEBUG [watchdog.observers.inotify_buffer:52] in-event <InotifyEvent: src_path=b'/app/streamlit.log', wd=1, mask=IN_MODIFY, cookie=0, name='streamlit.log'>
2026-02-01 00:06:04,916 DEBUG [watchdog.observers.inotify_buffer:52] in-event <InotifyEvent: src_path=b'/app/streamlit.log', wd=1, mask=IN_MODIFY, cookie=0, name='streamlit.log'>
2026-02-01 00:06:04,917 DEBUG [watchdog.observers.inotify_buffer:52] in-event <InotifyEvent: src_path=b'/app/streamlit.log', wd=1, mask=IN_MODIFY, cookie=0, name='streamlit.log'>
2026-02-01 00:06:04,918 DEBUG [watchdog.observers.inotify_buffer:52] in-event <InotifyEvent: src_path=b'/app/streamlit.log', wd=1, mask=IN_MODIFY, cookie=0, name='streamlit.log'>
2026-02-01 00:06:04,918 DEBUG [watchdog.observers.inotify_buffer:52] in-event <InotifyEvent: src_path=b'/app/streamlit.log', wd=1, mask=IN_MODIFY, cookie=0, name='streamlit.log'>
2026-02-01 00:06:04,919 DEBUG [watchdog.observers.inotify_buffer:52] in-event <InotifyEvent: src_path=b'/app/streamlit.log', wd=1, mask=IN_MODIFY, cookie=0, name='streamlit.log'>
2026-02-01 00:06:04,919 DEBUG [watchdog.observers.inotify_buffer:52] in-event <InotifyEvent: src_path=b'/app/streamlit.log', wd=1, mask=IN_MODIFY, cookie=0, name='streamlit.log'>
2026-02-01 00:06:04,920 DEBUG [watchdog.observers.inotify_buffer:52] in-event <InotifyEvent: src_path=b'/app/streamlit.log', wd=1, mask=IN_MODIFY, cookie=0, name='streamlit.log'>
2026-02-01 00:06:04,921 DEBUG [watchdog.observers.inotify_buffer:52] in-event <InotifyEvent: src_path=b'/app/streamlit.log', wd=1, mask=IN_MODIFY, cookie=0, name='streamlit.log'>
2026-02-01 00:06:04,921 DEBUG [watchdog.observers.inotify_buffer:52] in-event <InotifyEvent: src_path=b'/app/streamlit.log', wd=1, mask=IN_MODIFY, cookie=0, name='streamlit.log'>
2026-02-01 00:06:04,922 DEBUG [watchdog.observers.inotify_buffer:52] in-event <InotifyEvent: src_path=b'/app/streamlit.log', wd=1, mask=IN_MODIFY, cookie=0, name='streamlit.log'>
2026-02-01 00:06:04,922 DEBUG [watchdog.observers.inotify_buffer:52] in-event <InotifyEvent: src_path=b'/app/streamlit.log', wd=1, mask=IN_MODIFY, cookie=0, name='streamlit.log'>
2026-02-01 00:06:04,923 DEBUG [watchdog.observers.inotify_buffer:52] in-event <InotifyEvent: src_path=b'/app/streamlit.log', wd=1, mask=IN_MODIFY, cookie=0, name='streamlit.log'>
2026-02-01 00:06:04,924 DEBUG [watchdog.observers.inotify_buffer:52] in-event <InotifyEvent: src_path=b'/app/streamlit.log', wd=1, mask=IN_MODIFY, cookie=0, name='streamlit.log'>
2026-02-01 00:06:04,924 DEBUG [watchdog.observers.inotify_buffer:52] in-event <InotifyEvent: src_path=b'/app/streamlit.log', wd=1, mask=IN_MODIFY, cookie=0, name='streamlit.log'>
2026-02-01 00:06:04,924 DEBUG [watchdog.observers.inotify_buffer:52] in-event <InotifyEvent: src_path=b'/app/streamlit.log', wd=1, mask=IN_MODIFY, cookie=0, name='streamlit.log'>
2026-02-01 00:06:04,925 DEBUG [watchdog.observers.inotify_buffer:52] in-event <InotifyEvent: src_path=b'/app/streamlit.log', wd=1, mask=IN_MODIFY, cookie=0, name='streamlit.log'>
2026-02-01 00:06:04,926 DEBUG [watchdog.observers.inotify_buffer:52] in-event <InotifyEvent: src_path=b'/app/streamlit.log', wd=1, mask=IN_MODIFY, cookie=0, name='streamlit.log'>
2026-02-01 00:06:04,926 DEBUG [watchdog.observers.inotify_buffer:52] in-event <InotifyEvent: src_path=b'/app/streamlit.log', wd=1, mask=IN_MODIFY, cookie=0, name='streamlit.log'>
2026-02-01 00:06:04,926 DEBUG [watchdog.observers.inotify_buffer:52] in-event <InotifyEvent: src_path=b'/app/streamlit.log', wd=1, mask=IN_MODIFY, cookie=0, name='streamlit.log'>
2026-02-01 00:06:04,927 DEBUG [watchdog.observers.inotify_buffer:52] in-event <InotifyEvent: src_path=b'/app/streamlit.log', wd=1, mask=IN_MODIFY, cookie=0, name='streamlit.log'>
2026-02-01 00:06:04,927 DEBUG [watchdog.observers.inotify_buffer:52] in-event <InotifyEvent: src_path=b'/app/streamlit.log', wd=1, mask=IN_MODIFY, cookie=0, name='streamlit.log'>
2026-02-01 00:06:04,928 DEBUG [watchdog.observers.inotify_buffer:52] in-event <InotifyEvent: src_path=b'/app/streamlit.log', wd=1, mask=IN_MODIFY, cookie=0, name='streamlit.log'>
2026-02-01 00:06:04,928 DEBUG [watchdog.observers.inotify_buffer:52] in-event <InotifyEvent: src_path=b'/app/streamlit.log', wd=1, mask=IN_MODIFY, cookie=0, name='streamlit.log'>
2026-02-01 00:06:04,928 DEBUG [watchdog.observers.inotify_buffer:52] in-event <InotifyEvent: src_path=b'/app/streamlit.log', wd=1, mask=IN_MODIFY, cookie=0, name='streamlit.log'>
2026-02-01 00:06:04,929 DEBUG [watchdog.observers.inotify_buffer:52] in-event <InotifyEvent: src_path=b'/app/streamlit.log', wd=1, mask=IN_MODIFY, cookie=0, name='streamlit.log'>
2026-02-01 00:06:04,930 DEBUG [watchdog.observers.inotify_buffer:52] in-event <InotifyEvent: src_path=b'/app/streamlit.log', wd=1, mask=IN_MODIFY, cookie=0, name='streamlit.log'>
2026-02-01 00:06:04,930 DEBUG [watchdog.observers.inotify_buffer:52] in-event <InotifyEvent: src_path=b'/app/streamlit.log', wd=1, mask=IN_MODIFY, cookie=0, name='streamlit.log'>
2026-02-01 00:06:04,930 DEBUG [watchdog.observers.inotify_buffer:52] in-event <InotifyEvent: src_path=b'/app/streamlit.log', wd=1, mask=IN_MODIFY, cookie=0, name='streamlit.log'>
2026-02-01 00:06:04,931 DEBUG [watchdog.observers.inotify_buffer:52] in-event <InotifyEvent: src_path=b'/app/streamlit.log', wd=1, mask=IN_MODIFY, cookie=0, name='streamlit.log'>
2026-02-01 00:06:04,931 DEBUG [watchdog.observers.inotify_buffer:52] in-event <InotifyEvent: src_path=b'/app/streamlit.log', wd=1, mask=IN_MODIFY, cookie=0, name='streamlit.log'>
2026-02-01 00:06:04,932 DEBUG [watchdog.observers.inotify_buffer:52] in-event <InotifyEvent: src_path=b'/app/streamlit.log', wd=1, mask=IN_MODIFY, cookie=0, name='streamlit.log'>
2026-02-01 00:06:04,932 DEBUG [watchdog.observers.inotify_buffer:52] in-event <InotifyEvent: src_path=b'/app/streamlit.log', wd=1, mask=IN_MODIFY, cookie=0, name='streamlit.log'>
2026-02-01 00:06:04,932 DEBUG [watchdog.observers.inotify_buffer:52] in-event <InotifyEvent: src_path=b'/app/streamlit.log', wd=1, mask=IN_MODIFY, cookie=0, name='streamlit.log'>
2026-02-01 00:06:04,933 DEBUG [watchdog.observers.inotify_buffer:52] in-event <InotifyEvent: src_path=b'/app/streamlit.log', wd=1, mask=IN_MODIFY, cookie=0, name='streamlit.log'>
2026-02-01 00:06:04,934 DEBUG [watchdog.observers.inotify_buffer:52] in-event <InotifyEvent: src_path=b'/app/streamlit.log', wd=1, mask=IN_MODIFY, cookie=0, name='streamlit.log'>
2026-02-01 00:06:04,934 DEBUG [watchdog.observers.inotify_buffer:52] in-event <InotifyEvent: src_path=b'/app/streamlit.log', wd=1, mask=IN_MODIFY, cookie=0, name='streamlit.log'>
2026-02-01 00:06:04,934 DEBUG [watchdog.observers.inotify_buffer:52] in-event <InotifyEvent: src_path=b'/app/streamlit.log', wd=1, mask=IN_MODIFY, cookie=0, name='streamlit.log'>
2026-02-01 00:06:04,935 DEBUG [watchdog.observers.inotify_buffer:52] in-event <InotifyEvent: src_path=b'/app/streamlit.log', wd=1, mask=IN_MODIFY, cookie=0, name='streamlit.log'>
2026-02-01 00:06:04,935 DEBUG [watchdog.observers.inotify_buffer:52] in-event <InotifyEvent: src_path=b'/app/streamlit.log', wd=1, mask=IN_MODIFY, cookie=0, name='streamlit.log'>
2026-02-01 00:06:04,935 DEBUG [watchdog.observers.inotify_buffer:52] in-event <InotifyEvent: src_path=b'/app/streamlit.log', wd=1, mask=IN_MODIFY, cookie=0, name='streamlit.log'>
2026-02-01 00:06:04,936 DEBUG [watchdog.observers.inotify_buffer:52] in-event <InotifyEvent: src_path=b'/app/streamlit.log', wd=1, mask=IN_MODIFY, cookie=0, name='streamlit.log'>
2026-02-01 00:06:04,936 DEBUG [watchdog.observers.inotify_buffer:52] in-event <InotifyEvent: src_path=b'/app/streamlit.log', wd=1, mask=IN_MODIFY, cookie=0, name='streamlit.log'>
2026-02-01 00:06:04,937 DEBUG [watchdog.observers.inotify_buffer:52] in-event <InotifyEvent: src_path=b'/app/streamlit.log', wd=1, mask=IN_MODIFY, cookie=0, name='streamlit.log'>
2026-02-01 00:06:04,937 DEBUG [watchdog.observers.inotify_buffer:52] in-event <InotifyEvent: src_path=b'/app/streamlit.log', wd=1, mask=IN_MODIFY, cookie=0, name='streamlit.log'>
2026-02-01 00:06:04,938 DEBUG [watchdog.observers.inotify_buffer:52] in-event <InotifyEvent: src_path=b'/app/streamlit.log', wd=1, mask=IN_MODIFY, cookie=0, name='streamlit.log'>
2026-02-01 00:06:04,938 DEBUG [watchdog.observers.inotify_buffer:52] in-event <InotifyEvent: src_path=b'/app/streamlit.log', wd=1, mask=IN_MODIFY, cookie=0, name='streamlit.log'>
2026-02-01 00:06:04,939 DEBUG [watchdog.observers.inotify_buffer:52] in-event <InotifyEvent: src_path=b'/app/streamlit.log', wd=1, mask=IN_MODIFY, cookie=0, name='streamlit.log'>
2026-02-01 00:06:04,939 DEBUG [watchdog.observers.inotify_buffer:52] in-event <InotifyEvent: src_path=b'/app/streamlit.log', wd=1, mask=IN_MODIFY, cookie=0, name='streamlit.log'>
2026-02-01 00:06:04,939 DEBUG [watchdog.observers.inotify_buffer:52] in-event <InotifyEvent: src_path=b'/app/streamlit.log', wd=1, mask=IN_MODIFY, cookie=0, name='streamlit.log'>
2026-02-01 00:06:04,939 DEBUG [watchdog.observers.inotify_buffer:52] in-event <InotifyEvent: src_path=b'/app/streamlit.log', wd=1, mask=IN_MODIFY, cookie=0, name='streamlit.log'>
2026-02-01 00:06:04,940 DEBUG [watchdog.observers.inotify_buffer:52] in-event <InotifyEvent: src_path=b'/app/streamlit.log', wd=1, mask=IN_MODIFY, cookie=0, name='streamlit.log'>
2026-02-01 00:06:04,940 DEBUG [watchdog.observers.inotify_buffer:52] in-event <InotifyEvent: src_path=b'/app/streamlit.log', wd=1, mask=IN_MODIFY, cookie=0, name='streamlit.log'>
2026-02-01 00:06:04,940 DEBUG [watchdog.observers.inotify_buffer:52] in-event <InotifyEvent: src_path=b'/app/streamlit.log', wd=1, mask=IN_MODIFY, cookie=0, name='streamlit.log'>
2026-02-01 00:06:04,941 DEBUG [watchdog.observers.inotify_buffer:52] in-event <InotifyEvent: src_path=b'/app/streamlit.log', wd=1, mask=IN_MODIFY, cookie=0, name='streamlit.log'>
2026-02-01 00:06:04,941 DEBUG [watchdog.observers.inotify_buffer:52] in-event <InotifyEvent: src_path=b'/app/streamlit.log', wd=1, mask=IN_MODIFY, cookie=0, name='streamlit.log'>
2026-02-01 00:06:04,941 DEBUG [watchdog.observers.inotify_buffer:52] in-event <InotifyEvent: src_path=b'/app/streamlit.log', wd=1, mask=IN_MODIFY, cookie=0, name='streamlit.log'>
2026-02-01 00:06:04,942 DEBUG [watchdog.observers.inotify_buffer:52] in-event <InotifyEvent: src_path=b'/app/streamlit.log', wd=1, mask=IN_MODIFY, cookie=0, name='streamlit.log'>
2026-02-01 00:06:04,942 DEBUG [watchdog.observers.inotify_buffer:52] in-event <InotifyEvent: src_path=b'/app/streamlit.log', wd=1, mask=IN_MODIFY, cookie=0, name='streamlit.log'>
2026-02-01 00:06:04,943 DEBUG [watchdog.observers.inotify_buffer:52] in-event <InotifyEvent: src_path=b'/app/streamlit.log', wd=1, mask=IN_MODIFY, cookie=0, name='streamlit.log'>
2026-02-01 00:06:04,943 DEBUG [watchdog.observers.inotify_buffer:52] in-event <InotifyEvent: src_path=b'/app/streamlit.log', wd=1, mask=IN_MODIFY, cookie=0, name='streamlit.log'>
2026-02-01 00:06:04,944 DEBUG [watchdog.observers.inotify_buffer:52] in-event <InotifyEvent: src_path=b'/app/streamlit.log', wd=1, mask=IN_MODIFY, cookie=0, name='streamlit.log'>
2026-02-01 00:06:04,944 DEBUG [watchdog.observers.inotify_buffer:52] in-event <InotifyEvent: src_path=b'/app/streamlit.log', wd=1, mask=IN_MODIFY, cookie=0, name='streamlit.log'>
2026-02-01 00:06:04,945 DEBUG [watchdog.observers.inotify_buffer:52] in-event <InotifyEvent: src_path=b'/app/streamlit.log', wd=1, mask=IN_MODIFY, cookie=0, name='streamlit.log'>
2026-02-01 00:06:04,945 DEBUG [watchdog.observers.inotify_buffer:52] in-event <InotifyEvent: src_path=b'/app/streamlit.log', wd=1, mask=IN_MODIFY, cookie=0, name='streamlit.log'>
2026-02-01 00:06:04,946 DEBUG [watchdog.observers.inotify_buffer:52] in-event <InotifyEvent: src_path=b'/app/streamlit.log', wd=1, mask=IN_MODIFY, cookie=0, name='streamlit.log'>
2026-02-01 00:06:04,946 DEBUG [watchdog.observers.inotify_buffer:52] in-event <InotifyEvent: src_path=b'/app/streamlit.log', wd=1, mask=IN_MODIFY, cookie=0, name='streamlit.log'>
2026-02-01 00:06:04,946 DEBUG [watchdog.observers.inotify_buffer:52] in-event <InotifyEvent: src_path=b'/app/streamlit.log', wd=1, mask=IN_MODIFY, cookie=0, name='streamlit.log'>
2026-02-01 00:06:04,947 DEBUG [watchdog.observers.inotify_buffer:52] in-event <InotifyEvent: src_path=b'/app/streamlit.log', wd=1, mask=IN_MODIFY, cookie=0, name='streamlit.log'>
2026-02-01 00:06:04,947 DEBUG [watchdog.observers.inotify_buffer:52] in-event <InotifyEvent: src_path=b'/app/streamlit.log', wd=1, mask=IN_MODIFY, cookie=0, name='streamlit.log'>
2026-02-01 00:06:04,948 DEBUG [watchdog.observers.inotify_buffer:52] in-event <InotifyEvent: src_path=b'/app/streamlit.log', wd=1, mask=IN_MODIFY, cookie=0, name='streamlit.log'>
2026-02-01 00:06:04,948 DEBUG [watchdog.observers.inotify_buffer:52] in-event <InotifyEvent: src_path=b'/app/streamlit.log', wd=1, mask=IN_MODIFY, cookie=0, name='streamlit.log'>
2026-02-01 00:06:04,949 DEBUG [watchdog.observers.inotify_buffer:52] in-event <InotifyEvent: src_path=b'/app/streamlit.log', wd=1, mask=IN_MODIFY, cookie=0, name='streamlit.log'>
2026-02-01 00:06:04,949 DEBUG [watchdog.observers.inotify_buffer:52] in-event <InotifyEvent: src_path=b'/app/streamlit.log', wd=1, mask=IN_MODIFY, cookie=0, name='streamlit.log'>
2026-02-01 00:06:04,950 DEBUG [watchdog.observers.inotify_buffer:52] in-event <InotifyEvent: src_path=b'/app/streamlit.log', wd=1, mask=IN_MODIFY, cookie=0, name='streamlit.log'>
2026-02-01 00:06:04,950 DEBUG [watchdog.observers.inotify_buffer:52] in-event <InotifyEvent: src_path=b'/app/streamlit.log', wd=1, mask=IN_MODIFY, cookie=0, name='streamlit.log'>
2026-02-01 00:06:04,950 DEBUG [watchdog.observers.inotify_buffer:52] in-event <InotifyEvent: src_path=b'/app/streamlit.log', wd=1, mask=IN_MODIFY, cookie=0, name='streamlit.log'>
2026-02-01 00:06:04,951 DEBUG [watchdog.observers.inotify_buffer:52] in-event <InotifyEvent: src_path=b'/app/streamlit.log', wd=1, mask=IN_MODIFY, cookie=0, name='streamlit.log'>
2026-02-01 00:06:04,951 DEBUG [watchdog.observers.inotify_buffer:52] in-event <InotifyEvent: src_path=b'/app/streamlit.log', wd=1, mask=IN_MODIFY, cookie=0, name='streamlit.log'>
2026-02-01 00:06:04,951 DEBUG [watchdog.observers.inotify_buffer:52] in-event <InotifyEvent: src_path=b'/app/streamlit.log', wd=1, mask=IN_MODIFY, cookie=0, name='streamlit.log'>
2026-02-01 00:06:04,952 DEBUG [watchdog.observers.inotify_buffer:52] in-event <InotifyEvent: src_path=b'/app/streamlit.log', wd=1, mask=IN_MODIFY, cookie=0, name='streamlit.log'>
2026-02-01 00:06:04,953 DEBUG [watchdog.observers.inotify_buffer:52] in-event <InotifyEvent: src_path=b'/app/streamlit.log', wd=1, mask=IN_MODIFY, cookie=0, name='streamlit.log'>
2026-02-01 00:06:04,953 DEBUG [watchdog.observers.inotify_buffer:52] in-event <InotifyEvent: src_path=b'/app/streamlit.log', wd=1, mask=IN_MODIFY, cookie=0, name='streamlit.log'>
2026-02-01 00:06:04,954 DEBUG [watchdog.observers.inotify_buffer:52] in-event <InotifyEvent: src_path=b'/app/streamlit.log', wd=1, mask=IN_MODIFY, cookie=0, name='streamlit.log'>
2026-02-01 00:06:04,954 DEBUG [watchdog.observers.inotify_buffer:52] in-event <InotifyEvent: src_path=b'/app/streamlit.log', wd=1, mask=IN_MODIFY, cookie=0, name='streamlit.log'>
2026-02-01 00:06:04,955 DEBUG [watchdog.observers.inotify_buffer:52] in-event <InotifyEvent: src_path=b'/app/streamlit.log', wd=1, mask=IN_MODIFY, cookie=0, name='streamlit.log'>
2026-02-01 00:06:04,955 DEBUG [watchdog.observers.inotify_buffer:52] in-event <InotifyEvent: src_path=b'/app/streamlit.log', wd=1, mask=IN_MODIFY, cookie=0, name='streamlit.log'>
2026-02-01 00:06:04,955 DEBUG [watchdog.observers.inotify_buffer:52] in-event <InotifyEvent: src_path=b'/app/streamlit.log', wd=1, mask=IN_MODIFY, cookie=0, name='streamlit.log'>
2026-02-01 00:06:04,956 DEBUG [watchdog.observers.inotify_buffer:52] in-event <InotifyEvent: src_path=b'/app/streamlit.log', wd=1, mask=IN_MODIFY, cookie=0, name='streamlit.log'>
2026-02-01 00:06:04,956 DEBUG [watchdog.observers.inotify_buffer:52] in-event <InotifyEvent: src_path=b'/app/streamlit.log', wd=1, mask=IN_MODIFY, cookie=0, name='streamlit.log'>
2026-02-01 00:06:04,957 DEBUG [watchdog.observers.inotify_buffer:52] in-event <InotifyEvent: src_path=b'/app/streamlit.log', wd=1, mask=IN_MODIFY, cookie=0, name='streamlit.log'>
2026-02-01 00:06:04,957 DEBUG [watchdog.observers.inotify_buffer:52] in-event <InotifyEvent: src_path=b'/app/streamlit.log', wd=1, mask=IN_MODIFY, cookie=0, name='streamlit.log'>
2026-02-01 00:06:04,957 DEBUG [watchdog.observers.inotify_buffer:52] in-event <InotifyEvent: src_path=b'/app/streamlit.log', wd=1, mask=IN_MODIFY, cookie=0, name='streamlit.log'>
2026-02-01 00:06:04,958 DEBUG [watchdog.observers.inotify_buffer:52] in-event <InotifyEvent: src_path=b'/app/streamlit.log', wd=1, mask=IN_MODIFY, cookie=0, name='streamlit.log'>
2026-02-01 00:06:04,958 DEBUG [watchdog.observers.inotify_buffer:52] in-event <InotifyEvent: src_path=b'/app/streamlit.log', wd=1, mask=IN_MODIFY, cookie=0, name='streamlit.log'>
2026-02-01 00:06:04,958 DEBUG [watchdog.observers.inotify_buffer:52] in-event <InotifyEvent: src_path=b'/app/streamlit.log', wd=1, mask=IN_MODIFY, cookie=0, name='streamlit.log'>
2026-02-01 00:06:04,959 DEBUG [watchdog.observers.inotify_buffer:52] in-event <InotifyEvent: src_path=b'/app/streamlit.log', wd=1, mask=IN_MODIFY, cookie=0, name='streamlit.log'>
2026-02-01 00:06:04,959 DEBUG [watchdog.observers.inotify_buffer:52] in-event <InotifyEvent: src_path=b'/app/streamlit.log', wd=1, mask=IN_MODIFY, cookie=0, name='streamlit.log'>
2026-02-01 00:06:04,959 DEBUG [watchdog.observers.inotify_buffer:52] in-event <InotifyEvent: src_path=b'/app/streamlit.log', wd=1, mask=IN_MODIFY, cookie=0, name='streamlit.log'>
2026-02-01 00:06:04,960 DEBUG [watchdog.observers.inotify_buffer:52] in-event <InotifyEvent: src_path=b'/app/streamlit.log', wd=1, mask=IN_MODIFY, cookie=0, name='streamlit.log'>
2026-02-01 00:06:04,960 DEBUG [watchdog.observers.inotify_buffer:52] in-event <InotifyEvent: src_path=b'/app/streamlit.log', wd=1, mask=IN_MODIFY, cookie=0, name='streamlit.log'>
2026-02-01 00:06:04,961 DEBUG [watchdog.observers.inotify_buffer:52] in-event <InotifyEvent: src_path=b'/app/streamlit.log', wd=1, mask=IN_MODIFY, cookie=0, name='streamlit.log'>
2026-02-01 00:06:04,961 DEBUG [watchdog.observers.inotify_buffer:52] in-event <InotifyEvent: src_path=b'/app/streamlit.log', wd=1, mask=IN_MODIFY, cookie=0, name='streamlit.log'>
2026-02-01 00:06:04,961 DEBUG [watchdog.observers.inotify_buffer:52] in-event <InotifyEvent: src_path=b'/app/streamlit.log', wd=1, mask=IN_MODIFY, cookie=0, name='streamlit.log'>
2026-02-01 00:06:04,962 DEBUG [watchdog.observers.inotify_buffer:52] in-event <InotifyEvent: src_path=b'/app/streamlit.log', wd=1, mask=IN_MODIFY, cookie=0, name='streamlit.log'>
2026-02-01 00:06:04,963 DEBUG [watchdog.observers.inotify_buffer:52] in-event <InotifyEvent: src_path=b'/app/streamlit.log', wd=1, mask=IN_MODIFY, cookie=0, name='streamlit.log'>
2026-02-01 00:06:04,963 DEBUG [watchdog.observers.inotify_buffer:52] in-event <InotifyEvent: src_path=b'/app/streamlit.log', wd=1, mask=IN_MODIFY, cookie=0, name='streamlit.log'>
2026-02-01 00:06:04,963 DEBUG [watchdog.observers.inotify_buffer:52] in-event <InotifyEvent: src_path=b'/app/streamlit.log', wd=1, mask=IN_MODIFY, cookie=0, name='streamlit.log'>
2026-02-01 00:06:04,964 DEBUG [watchdog.observers.inotify_buffer:52] in-event <InotifyEvent: src_path=b'/app/streamlit.log', wd=1, mask=IN_MODIFY, cookie=0, name='streamlit.log'>
2026-02-01 00:06:04,964 DEBUG [watchdog.observers.inotify_buffer:52] in-event <InotifyEvent: src_path=b'/app/streamlit.log', wd=1, mask=IN_MODIFY, cookie=0, name='streamlit.log'>
2026-02-01 00:06:04,965 DEBUG [watchdog.observers.inotify_buffer:52] in-event <InotifyEvent: src_path=b'/app/streamlit.log', wd=1, mask=IN_MODIFY, cookie=0, name='streamlit.log'>
2026-02-01 00:06:04,966 DEBUG [watchdog.observers.inotify_buffer:52] in-event <InotifyEvent: src_path=b'/app/streamlit.log', wd=1, mask=IN_MODIFY, cookie=0, name='streamlit.log'>
2026-02-01 00:06:04,966 DEBUG [watchdog.observers.inotify_buffer:52] in-event <InotifyEvent: src_path=b'/app/streamlit.log', wd=1, mask=IN_MODIFY, cookie=0, name='streamlit.log'>
2026-02-01 00:06:04,967 DEBUG [watchdog.observers.inotify_buffer:52] in-event <InotifyEvent: src_path=b'/app/streamlit.log', wd=1, mask=IN_MODIFY, cookie=0, name='streamlit.log'>
2026-02-01 00:06:04,967 DEBUG [watchdog.observers.inotify_buffer:52] in-event <InotifyEvent: src_path=b'/app/streamlit.log', wd=1, mask=IN_MODIFY, cookie=0, name='streamlit.log'>
2026-02-01 00:06:04,967 DEBUG [watchdog.observers.inotify_buffer:52] in-event <InotifyEvent: src_path=b'/app/streamlit.log', wd=1, mask=IN_MODIFY, cookie=0, name='streamlit.log'>
2026-02-01 00:06:04,968 DEBUG [watchdog.observers.inotify_buffer:52] in-event <InotifyEvent: src_path=b'/app/streamlit.log', wd=1, mask=IN_MODIFY, cookie=0, name='streamlit.log'>
2026-02-01 00:06:04,968 DEBUG [watchdog.observers.inotify_buffer:52] in-event <InotifyEvent: src_path=b'/app/streamlit.log', wd=1, mask=IN_MODIFY, cookie=0, name='streamlit.log'>
2026-02-01 00:06:04,969 DEBUG [watchdog.observers.inotify_buffer:52] in-event <InotifyEvent: src_path=b'/app/streamlit.log', wd=1, mask=IN_MODIFY, cookie=0, name='streamlit.log'>
2026-02-01 00:06:04,969 DEBUG [watchdog.observers.inotify_buffer:52] in-event <InotifyEvent: src_path=b'/app/streamlit.log', wd=1, mask=IN_MODIFY, cookie=0, name='streamlit.log'>
2026-02-01 00:06:04,970 DEBUG [watchdog.observers.inotify_buffer:52] in-event <InotifyEvent: src_path=b'/app/streamlit.log', wd=1, mask=IN_MODIFY, cookie=0, name='streamlit.log'>
2026-02-01 00:06:04,970 DEBUG [watchdog.observers.inotify_buffer:52] in-event <InotifyEvent: src_path=b'/app/streamlit.log', wd=1, mask=IN_MODIFY, cookie=0, name='streamlit.log'>
2026-02-01 00:06:04,970 DEBUG [watchdog.observers.inotify_buffer:52] in-event <InotifyEvent: src_path=b'/app/streamlit.log', wd=1, mask=IN_MODIFY, cookie=0, name='streamlit.log'>
2026-02-01 00:06:04,971 DEBUG [watchdog.observers.inotify_buffer:52] in-event <InotifyEvent: src_path=b'/app/streamlit.log', wd=1, mask=IN_MODIFY, cookie=0, name='streamlit.log'>
2026-02-01 00:06:04,971 DEBUG [watchdog.observers.inotify_buffer:52] in-event <InotifyEvent: src_path=b'/app/streamlit.log', wd=1, mask=IN_MODIFY, cookie=0, name='streamlit.log'>
2026-02-01 00:06:04,972 DEBUG [watchdog.observers.inotify_buffer:52] in-event <InotifyEvent: src_path=b'/app/streamlit.log', wd=1, mask=IN_MODIFY, cookie=0, name='streamlit.log'>
2026-02-01 00:06:04,972 DEBUG [watchdog.observers.inotify_buffer:52] in-event <InotifyEvent: src_path=b'/app/streamlit.log', wd=1, mask=IN_MODIFY, cookie=0, name='streamlit.log'>
2026-02-01 00:06:04,972 DEBUG [watchdog.observers.inotify_buffer:52] in-event <InotifyEvent: src_path=b'/app/streamlit.log', wd=1, mask=IN_MODIFY, cookie=0, name='streamlit.log'>
2026-02-01 00:06:04,973 DEBUG [watchdog.observers.inotify_buffer:52] in-event <InotifyEvent: src_path=b'/app/streamlit.log', wd=1, mask=IN_MODIFY, cookie=0, name='streamlit.log'>
2026-02-01 00:06:04,973 DEBUG [watchdog.observers.inotify_buffer:52] in-event <InotifyEvent: src_path=b'/app/streamlit.log', wd=1, mask=IN_MODIFY, cookie=0, name='streamlit.log'>
2026-02-01 00:06:04,974 DEBUG [watchdog.observers.inotify_buffer:52] in-event <InotifyEvent: src_path=b'/app/streamlit.log', wd=1, mask=IN_MODIFY, cookie=0, name='streamlit.log'>
2026-02-01 00:06:04,975 DEBUG [watchdog.observers.inotify_buffer:52] in-event <InotifyEvent: src_path=b'/app/streamlit.log', wd=1, mask=IN_MODIFY, cookie=0, name='streamlit.log'>
2026-02-01 00:06:04,976 DEBUG [watchdog.observers.inotify_buffer:52] in-event <InotifyEvent: src_path=b'/app/streamlit.log', wd=1, mask=IN_MODIFY, cookie=0, name='streamlit.log'>
2026-02-01 00:06:04,976 DEBUG [watchdog.observers.inotify_buffer:52] in-event <InotifyEvent: src_path=b'/app/streamlit.log', wd=1, mask=IN_MODIFY, cookie=0, name='streamlit.log'>
2026-02-01 00:06:04,977 DEBUG [watchdog.observers.inotify_buffer:52] in-event <InotifyEvent: src_path=b'/app/streamlit.log', wd=1, mask=IN_MODIFY, cookie=0, name='streamlit.log'>
2026-02-01 00:06:04,977 DEBUG [watchdog.observers.inotify_buffer:52] in-event <InotifyEvent: src_path=b'/app/streamlit.log', wd=1, mask=IN_MODIFY, cookie=0, name='streamlit.log'>
2026-02-01 00:06:04,977 DEBUG [watchdog.observers.inotify_buffer:52] in-event <InotifyEvent: src_path=b'/app/streamlit.log', wd=1, mask=IN_MODIFY, cookie=0, name='streamlit.log'>
2026-02-01 00:06:04,978 DEBUG [watchdog.observers.inotify_buffer:52] in-event <InotifyEvent: src_path=b'/app/streamlit.log', wd=1, mask=IN_MODIFY, cookie=0, name='streamlit.log'>
2026-02-01 00:06:04,978 DEBUG [watchdog.observers.inotify_buffer:52] in-event <InotifyEvent: src_path=b'/app/streamlit.log', wd=1, mask=IN_MODIFY, cookie=0, name='streamlit.log'>
2026-02-01 00:06:04,979 DEBUG [watchdog.observers.inotify_buffer:52] in-event <InotifyEvent: src_path=b'/app/streamlit.log', wd=1, mask=IN_MODIFY, cookie=0, name='streamlit.log'>
2026-02-01 00:06:04,980 DEBUG [watchdog.observers.inotify_buffer:52] in-event <InotifyEvent: src_path=b'/app/streamlit.log', wd=1, mask=IN_MODIFY, cookie=0, name='streamlit.log'>
2026-02-01 00:06:04,980 DEBUG [watchdog.observers.inotify_buffer:52] in-event <InotifyEvent: src_path=b'/app/streamlit.log', wd=1, mask=IN_MODIFY, cookie=0, name='streamlit.log'>
2026-02-01 00:06:04,981 DEBUG [watchdog.observers.inotify_buffer:52] in-event <InotifyEvent: src_path=b'/app/streamlit.log', wd=1, mask=IN_MODIFY, cookie=0, name='streamlit.log'>
2026-02-01 00:06:04,981 DEBUG [watchdog.observers.inotify_buffer:52] in-event <InotifyEvent: src_path=b'/app/streamlit.log', wd=1, mask=IN_MODIFY, cookie=0, name='streamlit.log'>
2026-02-01 00:06:04,981 DEBUG [watchdog.observers.inotify_buffer:52] in-event <InotifyEvent: src_path=b'/app/streamlit.log', wd=1, mask=IN_MODIFY, cookie=0, name='streamlit.log'>
2026-02-01 00:06:04,982 DEBUG [watchdog.observers.inotify_buffer:52] in-event <InotifyEvent: src_path=b'/app/streamlit.log', wd=1, mask=IN_MODIFY, cookie=0, name='streamlit.log'>
2026-02-01 00:06:04,983 DEBUG [watchdog.observers.inotify_buffer:52] in-event <InotifyEvent: src_path=b'/app/streamlit.log', wd=1, mask=IN_MODIFY, cookie=0, name='streamlit.log'>
2026-02-01 00:06:04,983 DEBUG [watchdog.observers.inotify_buffer:52] in-event <InotifyEvent: src_path=b'/app/streamlit.log', wd=1, mask=IN_MODIFY, cookie=0, name='streamlit.log'>
2026-02-01 00:06:04,983 DEBUG [watchdog.observers.inotify_buffer:52] in-event <InotifyEvent: src_path=b'/app/streamlit.log', wd=1, mask=IN_MODIFY, cookie=0, name='streamlit.log'>
2026-02-01 00:06:04,984 DEBUG [watchdog.observers.inotify_buffer:52] in-event <InotifyEvent: src_path=b'/app/streamlit.log', wd=1, mask=IN_MODIFY, cookie=0, name='streamlit.log'>
2026-02-01 00:06:04,984 DEBUG [watchdog.observers.inotify_buffer:52] in-event <InotifyEvent: src_path=b'/app/streamlit.log', wd=1, mask=IN_MODIFY, cookie=0, name='streamlit.log'>
2026-02-01 00:06:04,984 DEBUG [watchdog.observers.inotify_buffer:52] in-event <InotifyEvent: src_path=b'/app/streamlit.log', wd=1, mask=IN_MODIFY, cookie=0, name='streamlit.log'>
2026-02-01 00:06:04,985 DEBUG [watchdog.observers.inotify_buffer:52] in-event <InotifyEvent: src_path=b'/app/streamlit.log', wd=1, mask=IN_MODIFY, cookie=0, name='streamlit.log'>
2026-02-01 00:06:04,985 DEBUG [watchdog.observers.inotify_buffer:52] in-event <InotifyEvent: src_path=b'/app/streamlit.log', wd=1, mask=IN_MODIFY, cookie=0, name='streamlit.log'>
2026-02-01 00:06:04,985 DEBUG [watchdog.observers.inotify_buffer:52] in-event <InotifyEvent: src_path=b'/app/streamlit.log', wd=1, mask=IN_MODIFY, cookie=0, name='streamlit.log'>
2026-02-01 00:06:04,986 DEBUG [watchdog.observers.inotify_buffer:52] in-event <InotifyEvent: src_path=b'/app/streamlit.log', wd=1, mask=IN_MODIFY, cookie=0, name='streamlit.log'>
2026-02-01 00:06:04,986 DEBUG [watchdog.observers.inotify_buffer:52] in-event <InotifyEvent: src_path=b'/app/streamlit.log', wd=1, mask=IN_MODIFY, cookie=0, name='streamlit.log'>
2026-02-01 00:06:04,986 DEBUG [watchdog.observers.inotify_buffer:52] in-event <InotifyEvent: src_path=b'/app/streamlit.log', wd=1, mask=IN_MODIFY, cookie=0, name='streamlit.log'>
2026-02-01 00:06:04,987 DEBUG [watchdog.observers.inotify_buffer:52] in-event <InotifyEvent: src_path=b'/app/streamlit.log', wd=1, mask=IN_MODIFY, cookie=0, name='streamlit.log'>
2026-02-01 00:06:04,987 DEBUG [watchdog.observers.inotify_buffer:52] in-event <InotifyEvent: src_path=b'/app/streamlit.log', wd=1, mask=IN_MODIFY, cookie=0, name='streamlit.log'>
2026-02-01 00:06:04,988 DEBUG [watchdog.observers.inotify_buffer:52] in-event <InotifyEvent: src_path=b'/app/streamlit.log', wd=1, mask=IN_MODIFY, cookie=0, name='streamlit.log'>
2026-02-01 00:06:04,988 DEBUG [watchdog.observers.inotify_buffer:52] in-event <InotifyEvent: src_path=b'/app/streamlit.log', wd=1, mask=IN_MODIFY, cookie=0, name='streamlit.log'>
2026-02-01 00:06:04,988 DEBUG [watchdog.observers.inotify_buffer:52] in-event <InotifyEvent: src_path=b'/app/streamlit.log', wd=1, mask=IN_MODIFY, cookie=0, name='streamlit.log'>
2026-02-01 00:06:04,989 DEBUG [watchdog.observers.inotify_buffer:52] in-event <InotifyEvent: src_path=b'/app/streamlit.log', wd=1, mask=IN_MODIFY, cookie=0, name='streamlit.log'>
2026-02-01 00:06:04,989 DEBUG [watchdog.observers.inotify_buffer:52] in-event <InotifyEvent: src_path=b'/app/streamlit.log', wd=1, mask=IN_MODIFY, cookie=0, name='streamlit.log'>
2026-02-01 00:06:04,989 DEBUG [watchdog.observers.inotify_buffer:52] in-event <InotifyEvent: src_path=b'/app/streamlit.log', wd=1, mask=IN_MODIFY, cookie=0, name='streamlit.log'>
2026-02-01 00:06:04,990 DEBUG [watchdog.observers.inotify_buffer:52] in-event <InotifyEvent: src_path=b'/app/streamlit.log', wd=1, mask=IN_MODIFY, cookie=0, name='streamlit.log'>
2026-02-01 00:06:04,990 DEBUG [watchdog.observers.inotify_buffer:52] in-event <InotifyEvent: src_path=b'/app/streamlit.log', wd=1, mask=IN_MODIFY, cookie=0, name='streamlit.log'>
2026-02-01 00:06:04,991 DEBUG [watchdog.observers.inotify_buffer:52] in-event <InotifyEvent: src_path=b'/app/streamlit.log', wd=1, mask=IN_MODIFY, cookie=0, name='streamlit.log'>
2026-02-01 00:06:04,992 DEBUG [watchdog.observers.inotify_buffer:52] in-event <InotifyEvent: src_path=b'/app/streamlit.log', wd=1, mask=IN_MODIFY, cookie=0, name='streamlit.log'>
2026-02-01 00:06:04,992 DEBUG [watchdog.observers.inotify_buffer:52] in-event <InotifyEvent: src_path=b'/app/streamlit.log', wd=1, mask=IN_MODIFY, cookie=0, name='streamlit.log'>
2026-02-01 00:06:04,992 DEBUG [watchdog.observers.inotify_buffer:52] in-event <InotifyEvent: src_path=b'/app/streamlit.log', wd=1, mask=IN_MODIFY, cookie=0, name='streamlit.log'>
2026-02-01 00:06:04,993 DEBUG [watchdog.observers.inotify_buffer:52] in-event <InotifyEvent: src_path=b'/app/streamlit.log', wd=1, mask=IN_MODIFY, cookie=0, name='streamlit.log'>
2026-02-01 00:06:04,993 DEBUG [watchdog.observers.inotify_buffer:52] in-event <InotifyEvent: src_path=b'/app/streamlit.log', wd=1, mask=IN_MODIFY, cookie=0, name='streamlit.log'>
2026-02-01 00:06:04,993 DEBUG [watchdog.observers.inotify_buffer:52] in-event <InotifyEvent: src_path=b'/app/streamlit.log', wd=1, mask=IN_MODIFY, cookie=0, name='streamlit.log'>
2026-02-01 00:06:04,994 DEBUG [watchdog.observers.inotify_buffer:52] in-event <InotifyEvent: src_path=b'/app/streamlit.log', wd=1, mask=IN_MODIFY, cookie=0, name='streamlit.log'>
2026-02-01 00:06:04,994 DEBUG [watchdog.observers.inotify_buffer:52] in-event <InotifyEvent: src_path=b'/app/streamlit.log', wd=1, mask=IN_MODIFY, cookie=0, name='streamlit.log'>
2026-02-01 00:06:04,994 DEBUG [watchdog.observers.inotify_buffer:52] in-event <InotifyEvent: src_path=b'/app/streamlit.log', wd=1, mask=IN_MODIFY, cookie=0, name='streamlit.log'>
2026-02-01 00:06:04,995 DEBUG [watchdog.observers.inotify_buffer:52] in-event <InotifyEvent: src_path=b'/app/streamlit.log', wd=1, mask=IN_MODIFY, cookie=0, name='streamlit.log'>
2026-02-01 00:06:04,995 DEBUG [watchdog.observers.inotify_buffer:52] in-event <InotifyEvent: src_path=b'/app/streamlit.log', wd=1, mask=IN_MODIFY, cookie=0, name='streamlit.log'>
2026-02-01 00:06:04,995 DEBUG [watchdog.observers.inotify_buffer:52] in-event <InotifyEvent: src_path=b'/app/streamlit.log', wd=1, mask=IN_MODIFY, cookie=0, name='streamlit.log'>
2026-02-01 00:06:04,996 DEBUG [watchdog.observers.inotify_buffer:52] in-event <InotifyEvent: src_path=b'/app/streamlit.log', wd=1, mask=IN_MODIFY, cookie=0, name='streamlit.log'>
2026-02-01 00:06:04,996 DEBUG [watchdog.observers.inotify_buffer:52] in-event <InotifyEvent: src_path=b'/app/streamlit.log', wd=1, mask=IN_MODIFY, cookie=0, name='streamlit.log'>
2026-02-01 00:06:04,997 DEBUG [watchdog.observers.inotify_buffer:52] in-event <InotifyEvent: src_path=b'/app/streamlit.log', wd=1, mask=IN_MODIFY, cookie=0, name='streamlit.log'>
2026-02-01 00:06:04,997 DEBUG [watchdog.observers.inotify_buffer:52] in-event <InotifyEvent: src_path=b'/app/streamlit.log', wd=1, mask=IN_MODIFY, cookie=0, name='streamlit.log'>
2026-02-01 00:06:04,997 DEBUG [watchdog.observers.inotify_buffer:52] in-event <InotifyEvent: src_path=b'/app/streamlit.log', wd=1, mask=IN_MODIFY, cookie=0, name='streamlit.log'>
2026-02-01 00:06:04,998 DEBUG [watchdog.observers.inotify_buffer:52] in-event <InotifyEvent: src_path=b'/app/streamlit.log', wd=1, mask=IN_MODIFY, cookie=0, name='streamlit.log'>
2026-02-01 00:06:04,998 DEBUG [watchdog.observers.inotify_buffer:52] in-event <InotifyEvent: src_path=b'/app/streamlit.log', wd=1, mask=IN_MODIFY, cookie=0, name='streamlit.log'>
2026-02-01 00:06:04,998 DEBUG [watchdog.observers.inotify_buffer:52] in-event <InotifyEvent: src_path=b'/app/streamlit.log', wd=1, mask=IN_MODIFY, cookie=0, name='streamlit.log'>
2026-02-01 00:06:04,999 DEBUG [watchdog.observers.inotify_buffer:52] in-event <InotifyEvent: src_path=b'/app/streamlit.log', wd=1, mask=IN_MODIFY, cookie=0, name='streamlit.log'>
2026-02-01 00:06:04,999 DEBUG [watchdog.observers.inotify_buffer:52] in-event <InotifyEvent: src_path=b'/app/streamlit.log', wd=1, mask=IN_MODIFY, cookie=0, name='streamlit.log'>
2026-02-01 00:06:04,999 DEBUG [watchdog.observers.inotify_buffer:52] in-event <InotifyEvent: src_path=b'/app/streamlit.log', wd=1, mask=IN_MODIFY, cookie=0, name='streamlit.log'>
2026-02-01 00:06:05,000 DEBUG [watchdog.observers.inotify_buffer:52] in-event <InotifyEvent: src_path=b'/app/streamlit.log', wd=1, mask=IN_MODIFY, cookie=0, name='streamlit.log'>
2026-02-01 00:06:05,000 DEBUG [watchdog.observers.inotify_buffer:52] in-event <InotifyEvent: src_path=b'/app/streamlit.log', wd=1, mask=IN_MODIFY, cookie=0, name='streamlit.log'>
2026-02-01 00:06:05,001 DEBUG [watchdog.observers.inotify_buffer:52] in-event <InotifyEvent: src_path=b'/app/streamlit.log', wd=1, mask=IN_MODIFY, cookie=0, name='streamlit.log'>
2026-02-01 00:06:05,001 DEBUG [watchdog.observers.inotify_buffer:52] in-event <InotifyEvent: src_path=b'/app/streamlit.log', wd=1, mask=IN_MODIFY, cookie=0, name='streamlit.log'>
2026-02-01 00:06:05,002 DEBUG [watchdog.observers.inotify_buffer:52] in-event <InotifyEvent: src_path=b'/app/streamlit.log', wd=1, mask=IN_MODIFY, cookie=0, name='streamlit.log'>
2026-02-01 00:06:05,002 DEBUG [watchdog.observers.inotify_buffer:52] in-event <InotifyEvent: src_path=b'/app/streamlit.log', wd=1, mask=IN_MODIFY, cookie=0, name='streamlit.log'>
2026-02-01 00:06:05,002 DEBUG [watchdog.observers.inotify_buffer:52] in-event <InotifyEvent: src_path=b'/app/streamlit.log', wd=1, mask=IN_MODIFY, cookie=0, name='streamlit.log'>
2026-02-01 00:06:05,003 DEBUG [watchdog.observers.inotify_buffer:52] in-event <InotifyEvent: src_path=b'/app/streamlit.log', wd=1, mask=IN_MODIFY, cookie=0, name='streamlit.log'>
2026-02-01 00:06:05,003 DEBUG [watchdog.observers.inotify_buffer:52] in-event <InotifyEvent: src_path=b'/app/streamlit.log', wd=1, mask=IN_MODIFY, cookie=0, name='streamlit.log'>
2026-02-01 00:06:05,003 DEBUG [watchdog.observers.inotify_buffer:52] in-event <InotifyEvent: src_path=b'/app/streamlit.log', wd=1, mask=IN_MODIFY, cookie=0, name='streamlit.log'>
2026-02-01 00:06:05,004 DEBUG [watchdog.observers.inotify_buffer:52] in-event <InotifyEvent: src_path=b'/app/streamlit.log', wd=1, mask=IN_MODIFY, cookie=0, name='streamlit.log'>
2026-02-01 00:06:05,004 DEBUG [watchdog.observers.inotify_buffer:52] in-event <InotifyEvent: src_path=b'/app/streamlit.log', wd=1, mask=IN_MODIFY, cookie=0, name='streamlit.log'>
2026-02-01 00:06:05,005 DEBUG [watchdog.observers.inotify_buffer:52] in-event <InotifyEvent: src_path=b'/app/streamlit.log', wd=1, mask=IN_MODIFY, cookie=0, name='streamlit.log'>
2026-02-01 00:06:05,005 DEBUG [watchdog.observers.inotify_buffer:52] in-event <InotifyEvent: src_path=b'/app/streamlit.log', wd=1, mask=IN_MODIFY, cookie=0, name='streamlit.log'>
2026-02-01 00:06:05,006 DEBUG [watchdog.observers.inotify_buffer:52] in-event <InotifyEvent: src_path=b'/app/streamlit.log', wd=1, mask=IN_MODIFY, cookie=0, name='streamlit.log'>
2026-02-01 00:06:05,006 DEBUG [watchdog.observers.inotify_buffer:52] in-event <InotifyEvent: src_path=b'/app/streamlit.log', wd=1, mask=IN_MODIFY, cookie=0, name='streamlit.log'>
2026-02-01 00:06:05,007 DEBUG [watchdog.observers.inotify_buffer:52] in-event <InotifyEvent: src_path=b'/app/streamlit.log', wd=1, mask=IN_MODIFY, cookie=0, name='streamlit.log'>
2026-02-01 00:06:05,007 DEBUG [watchdog.observers.inotify_buffer:52] in-event <InotifyEvent: src_path=b'/app/streamlit.log', wd=1, mask=IN_MODIFY, cookie=0, name='streamlit.log'>
2026-02-01 00:06:05,007 DEBUG [watchdog.observers.inotify_buffer:52] in-event <InotifyEvent: src_path=b'/app/streamlit.log', wd=1, mask=IN_MODIFY, cookie=0, name='streamlit.log'>
2026-02-01 00:06:05,008 DEBUG [watchdog.observers.inotify_buffer:52] in-event <InotifyEvent: src_path=b'/app/streamlit.log', wd=1, mask=IN_MODIFY, cookie=0, name='streamlit.log'>
2026-02-01 00:06:05,008 DEBUG [watchdog.observers.inotify_buffer:52] in-event <InotifyEvent: src_path=b'/app/streamlit.log', wd=1, mask=IN_MODIFY, cookie=0, name='streamlit.log'>
2026-02-01 00:06:05,008 DEBUG [watchdog.observers.inotify_buffer:52] in-event <InotifyEvent: src_path=b'/app/streamlit.log', wd=1, mask=IN_MODIFY, cookie=0, name='streamlit.log'>
2026-02-01 00:06:05,009 DEBUG [watchdog.observers.inotify_buffer:52] in-event <InotifyEvent: src_path=b'/app/streamlit.log', wd=1, mask=IN_MODIFY, cookie=0, name='streamlit.log'>
2026-02-01 00:06:05,009 DEBUG [watchdog.observers.inotify_buffer:52] in-event <InotifyEvent: src_path=b'/app/streamlit.log', wd=1, mask=IN_MODIFY, cookie=0, name='streamlit.log'>
2026-02-01 00:06:05,010 DEBUG [watchdog.observers.inotify_buffer:52] in-event <InotifyEvent: src_path=b'/app/streamlit.log', wd=1, mask=IN_MODIFY, cookie=0, name='streamlit.log'>
2026-02-01 00:06:05,010 DEBUG [watchdog.observers.inotify_buffer:52] in-event <InotifyEvent: src_path=b'/app/streamlit.log', wd=1, mask=IN_MODIFY, cookie=0, name='streamlit.log'>
2026-02-01 00:06:05,010 DEBUG [watchdog.observers.inotify_buffer:52] in-event <InotifyEvent: src_path=b'/app/streamlit.log', wd=1, mask=IN_MODIFY, cookie=0, name='streamlit.log'>
2026-02-01 00:06:05,011 DEBUG [watchdog.observers.inotify_buffer:52] in-event <InotifyEvent: src_path=b'/app/streamlit.log', wd=1, mask=IN_MODIFY, cookie=0, name='streamlit.log'>
2026-02-01 00:06:05,011 DEBUG [watchdog.observers.inotify_buffer:52] in-event <InotifyEvent: src_path=b'/app/streamlit.log', wd=1, mask=IN_MODIFY, cookie=0, name='streamlit.log'>
2026-02-01 00:06:05,011 DEBUG [watchdog.observers.inotify_buffer:52] in-event <InotifyEvent: src_path=b'/app/streamlit.log', wd=1, mask=IN_MODIFY, cookie=0, name='streamlit.log'>
2026-02-01 00:06:05,012 DEBUG [watchdog.observers.inotify_buffer:52] in-event <InotifyEvent: src_path=b'/app/streamlit.log', wd=1, mask=IN_MODIFY, cookie=0, name='streamlit.log'>
2026-02-01 00:06:05,012 DEBUG [watchdog.observers.inotify_buffer:52] in-event <InotifyEvent: src_path=b'/app/streamlit.log', wd=1, mask=IN_MODIFY, cookie=0, name='streamlit.log'>
2026-02-01 00:06:05,012 DEBUG [watchdog.observers.inotify_buffer:52] in-event <InotifyEvent: src_path=b'/app/streamlit.log', wd=1, mask=IN_MODIFY, cookie=0, name='streamlit.log'>
2026-02-01 00:06:05,013 DEBUG [watchdog.observers.inotify_buffer:52] in-event <InotifyEvent: src_path=b'/app/streamlit.log', wd=1, mask=IN_MODIFY, cookie=0, name='streamlit.log'>
2026-02-01 00:06:05,014 DEBUG [watchdog.observers.inotify_buffer:52] in-event <InotifyEvent: src_path=b'/app/streamlit.log', wd=1, mask=IN_MODIFY, cookie=0, name='streamlit.log'>
2026-02-01 00:06:05,014 DEBUG [watchdog.observers.inotify_buffer:52] in-event <InotifyEvent: src_path=b'/app/streamlit.log', wd=1, mask=IN_MODIFY, cookie=0, name='streamlit.log'>
2026-02-01 00:06:05,014 DEBUG [watchdog.observers.inotify_buffer:52] in-event <InotifyEvent: src_path=b'/app/streamlit.log', wd=1, mask=IN_MODIFY, cookie=0, name='streamlit.log'>
2026-02-01 00:06:05,015 DEBUG [watchdog.observers.inotify_buffer:52] in-event <InotifyEvent: src_path=b'/app/streamlit.log', wd=1, mask=IN_MODIFY, cookie=0, name='streamlit.log'>
2026-02-01 00:06:05,015 DEBUG [watchdog.observers.inotify_buffer:52] in-event <InotifyEvent: src_path=b'/app/streamlit.log', wd=1, mask=IN_MODIFY, cookie=0, name='streamlit.log'>
2026-02-01 00:06:05,015 DEBUG [watchdog.observers.inotify_buffer:52] in-event <InotifyEvent: src_path=b'/app/streamlit.log', wd=1, mask=IN_MODIFY, cookie=0, name='streamlit.log'>
2026-02-01 00:06:05,016 DEBUG [watchdog.observers.inotify_buffer:52] in-event <InotifyEvent: src_path=b'/app/streamlit.log', wd=1, mask=IN_MODIFY, cookie=0, name='streamlit.log'>
2026-02-01 00:06:05,016 DEBUG [watchdog.observers.inotify_buffer:52] in-event <InotifyEvent: src_path=b'/app/streamlit.log', wd=1, mask=IN_MODIFY, cookie=0, name='streamlit.log'>
2026-02-01 00:06:05,017 DEBUG [watchdog.observers.inotify_buffer:52] in-event <InotifyEvent: src_path=b'/app/streamlit.log', wd=1, mask=IN_MODIFY, cookie=0, name='streamlit.log'>
2026-02-01 00:06:05,017 DEBUG [watchdog.observers.inotify_buffer:52] in-event <InotifyEvent: src_path=b'/app/streamlit.log', wd=1, mask=IN_MODIFY, cookie=0, name='streamlit.log'>
2026-02-01 00:06:05,018 DEBUG [watchdog.observers.inotify_buffer:52] in-event <InotifyEvent: src_path=b'/app/streamlit.log', wd=1, mask=IN_MODIFY, cookie=0, name='streamlit.log'>
2026-02-01 00:06:05,018 DEBUG [watchdog.observers.inotify_buffer:52] in-event <InotifyEvent: src_path=b'/app/streamlit.log', wd=1, mask=IN_MODIFY, cookie=0, name='streamlit.log'>
2026-02-01 00:06:05,019 DEBUG [watchdog.observers.inotify_buffer:52] in-event <InotifyEvent: src_path=b'/app/streamlit.log', wd=1, mask=IN_MODIFY, cookie=0, name='streamlit.log'>
2026-02-01 00:06:05,019 DEBUG [watchdog.observers.inotify_buffer:52] in-event <InotifyEvent: src_path=b'/app/streamlit.log', wd=1, mask=IN_MODIFY, cookie=0, name='streamlit.log'>
2026-02-01 00:06:05,020 DEBUG [watchdog.observers.inotify_buffer:52] in-event <InotifyEvent: src_path=b'/app/streamlit.log', wd=1, mask=IN_MODIFY, cookie=0, name='streamlit.log'>
2026-02-01 00:06:05,021 DEBUG [watchdog.observers.inotify_buffer:52] in-event <InotifyEvent: src_path=b'/app/streamlit.log', wd=1, mask=IN_MODIFY, cookie=0, name='streamlit.log'>
2026-02-01 00:06:05,021 DEBUG [watchdog.observers.inotify_buffer:52] in-event <InotifyEvent: src_path=b'/app/streamlit.log', wd=1, mask=IN_MODIFY, cookie=0, name='streamlit.log'>
2026-02-01 00:06:05,022 DEBUG [watchdog.observers.inotify_buffer:52] in-event <InotifyEvent: src_path=b'/app/streamlit.log', wd=1, mask=IN_MODIFY, cookie=0, name='streamlit.log'>
2026-02-01 00:06:05,022 DEBUG [watchdog.observers.inotify_buffer:52] in-event <InotifyEvent: src_path=b'/app/streamlit.log', wd=1, mask=IN_MODIFY, cookie=0, name='streamlit.log'>
2026-02-01 00:06:05,023 DEBUG [watchdog.observers.inotify_buffer:52] in-event <InotifyEvent: src_path=b'/app/streamlit.log', wd=1, mask=IN_MODIFY, cookie=0, name='streamlit.log'>
2026-02-01 00:06:05,023 DEBUG [watchdog.observers.inotify_buffer:52] in-event <InotifyEvent: src_path=b'/app/streamlit.log', wd=1, mask=IN_MODIFY, cookie=0, name='streamlit.log'>
2026-02-01 00:06:05,024 DEBUG [watchdog.observers.inotify_buffer:52] in-event <InotifyEvent: src_path=b'/app/streamlit.log', wd=1, mask=IN_MODIFY, cookie=0, name='streamlit.log'>
2026-02-01 00:06:05,024 DEBUG [watchdog.observers.inotify_buffer:52] in-event <InotifyEvent: src_path=b'/app/streamlit.log', wd=1, mask=IN_MODIFY, cookie=0, name='streamlit.log'>
2026-02-01 00:06:05,025 DEBUG [watchdog.observers.inotify_buffer:52] in-event <InotifyEvent: src_path=b'/app/streamlit.log', wd=1, mask=IN_MODIFY, cookie=0, name='streamlit.log'>
2026-02-01 00:06:05,025 DEBUG [watchdog.observers.inotify_buffer:52] in-event <InotifyEvent: src_path=b'/app/streamlit.log', wd=1, mask=IN_MODIFY, cookie=0, name='streamlit.log'>
2026-02-01 00:06:05,026 DEBUG [watchdog.observers.inotify_buffer:52] in-event <InotifyEvent: src_path=b'/app/streamlit.log', wd=1, mask=IN_MODIFY, cookie=0, name='streamlit.log'>
2026-02-01 00:06:05,026 DEBUG [watchdog.observers.inotify_buffer:52] in-event <InotifyEvent: src_path=b'/app/streamlit.log', wd=1, mask=IN_MODIFY, cookie=0, name='streamlit.log'>
2026-02-01 00:06:05,026 DEBUG [watchdog.observers.inotify_buffer:52] in-event <InotifyEvent: src_path=b'/app/streamlit.log', wd=1, mask=IN_MODIFY, cookie=0, name='streamlit.log'>
2026-02-01 00:06:05,027 DEBUG [watchdog.observers.inotify_buffer:52] in-event <InotifyEvent: src_path=b'/app/streamlit.log', wd=1, mask=IN_MODIFY, cookie=0, name='streamlit.log'>
2026-02-01 00:06:05,027 DEBUG [watchdog.observers.inotify_buffer:52] in-event <InotifyEvent: src_path=b'/app/streamlit.log', wd=1, mask=IN_MODIFY, cookie=0, name='streamlit.log'>
2026-02-01 00:06:05,028 DEBUG [watchdog.observers.inotify_buffer:52] in-event <InotifyEvent: src_path=b'/app/streamlit.log', wd=1, mask=IN_MODIFY, cookie=0, name='streamlit.log'>
2026-02-01 00:06:05,029 DEBUG [watchdog.observers.inotify_buffer:52] in-event <InotifyEvent: src_path=b'/app/streamlit.log', wd=1, mask=IN_MODIFY, cookie=0, name='streamlit.log'>
2026-02-01 00:06:05,030 DEBUG [watchdog.observers.inotify_buffer:52] in-event <InotifyEvent: src_path=b'/app/streamlit.log', wd=1, mask=IN_MODIFY, cookie=0, name='streamlit.log'>
2026-02-01 00:06:05,030 DEBUG [watchdog.observers.inotify_buffer:52] in-event <InotifyEvent: src_path=b'/app/streamlit.log', wd=1, mask=IN_MODIFY, cookie=0, name='streamlit.log'>
2026-02-01 00:06:05,030 DEBUG [watchdog.observers.inotify_buffer:52] in-event <InotifyEvent: src_path=b'/app/streamlit.log', wd=1, mask=IN_MODIFY, cookie=0, name='streamlit.log'>
2026-02-01 00:06:05,031 DEBUG [watchdog.observers.inotify_buffer:52] in-event <InotifyEvent: src_path=b'/app/streamlit.log', wd=1, mask=IN_MODIFY, cookie=0, name='streamlit.log'>
2026-02-01 00:06:05,031 DEBUG [watchdog.observers.inotify_buffer:52] in-event <InotifyEvent: src_path=b'/app/streamlit.log', wd=1, mask=IN_MODIFY, cookie=0, name='streamlit.log'>
2026-02-01 00:06:05,032 DEBUG [watchdog.observers.inotify_buffer:52] in-event <InotifyEvent: src_path=b'/app/streamlit.log', wd=1, mask=IN_MODIFY, cookie=0, name='streamlit.log'>
2026-02-01 00:06:05,032 DEBUG [watchdog.observers.inotify_buffer:52] in-event <InotifyEvent: src_path=b'/app/streamlit.log', wd=1, mask=IN_MODIFY, cookie=0, name='streamlit.log'>
2026-02-01 00:06:05,032 DEBUG [watchdog.observers.inotify_buffer:52] in-event <InotifyEvent: src_path=b'/app/streamlit.log', wd=1, mask=IN_MODIFY, cookie=0, name='streamlit.log'>
2026-02-01 00:06:05,033 DEBUG [watchdog.observers.inotify_buffer:52] in-event <InotifyEvent: src_path=b'/app/streamlit.log', wd=1, mask=IN_MODIFY, cookie=0, name='streamlit.log'>
2026-02-01 00:06:05,033 DEBUG [watchdog.observers.inotify_buffer:52] in-event <InotifyEvent: src_path=b'/app/streamlit.log', wd=1, mask=IN_MODIFY, cookie=0, name='streamlit.log'>
2026-02-01 00:06:05,034 DEBUG [watchdog.observers.inotify_buffer:52] in-event <InotifyEvent: src_path=b'/app/streamlit.log', wd=1, mask=IN_MODIFY, cookie=0, name='streamlit.log'>
2026-02-01 00:06:05,034 DEBUG [watchdog.observers.inotify_buffer:52] in-event <InotifyEvent: src_path=b'/app/streamlit.log', wd=1, mask=IN_MODIFY, cookie=0, name='streamlit.log'>
2026-02-01 00:06:05,034 DEBUG [watchdog.observers.inotify_buffer:52] in-event <InotifyEvent: src_path=b'/app/streamlit.log', wd=1, mask=IN_MODIFY, cookie=0, name='streamlit.log'>
2026-02-01 00:06:05,035 DEBUG [watchdog.observers.inotify_buffer:52] in-event <InotifyEvent: src_path=b'/app/streamlit.log', wd=1, mask=IN_MODIFY, cookie=0, name='streamlit.log'>
2026-02-01 00:06:05,035 DEBUG [watchdog.observers.inotify_buffer:52] in-event <InotifyEvent: src_path=b'/app/streamlit.log', wd=1, mask=IN_MODIFY, cookie=0, name='streamlit.log'>
2026-02-01 00:06:05,036 DEBUG [watchdog.observers.inotify_buffer:52] in-event <InotifyEvent: src_path=b'/app/streamlit.log', wd=1, mask=IN_MODIFY, cookie=0, name='streamlit.log'>
2026-02-01 00:06:05,036 DEBUG [watchdog.observers.inotify_buffer:52] in-event <InotifyEvent: src_path=b'/app/streamlit.log', wd=1, mask=IN_MODIFY, cookie=0, name='streamlit.log'>
2026-02-01 00:06:05,036 DEBUG [watchdog.observers.inotify_buffer:52] in-event <InotifyEvent: src_path=b'/app/streamlit.log', wd=1, mask=IN_MODIFY, cookie=0, name='streamlit.log'>
2026-02-01 00:06:05,037 DEBUG [watchdog.observers.inotify_buffer:52] in-event <InotifyEvent: src_path=b'/app/streamlit.log', wd=1, mask=IN_MODIFY, cookie=0, name='streamlit.log'>
2026-02-01 00:06:05,037 DEBUG [watchdog.observers.inotify_buffer:52] in-event <InotifyEvent: src_path=b'/app/streamlit.log', wd=1, mask=IN_MODIFY, cookie=0, name='streamlit.log'>
2026-02-01 00:06:05,038 DEBUG [watchdog.observers.inotify_buffer:52] in-event <InotifyEvent: src_path=b'/app/streamlit.log', wd=1, mask=IN_MODIFY, cookie=0, name='streamlit.log'>
2026-02-01 00:06:05,038 DEBUG [watchdog.observers.inotify_buffer:52] in-event <InotifyEvent: src_path=b'/app/streamlit.log', wd=1, mask=IN_MODIFY, cookie=0, name='streamlit.log'>
2026-02-01 00:06:05,039 DEBUG [watchdog.observers.inotify_buffer:52] in-event <InotifyEvent: src_path=b'/app/streamlit.log', wd=1, mask=IN_MODIFY, cookie=0, name='streamlit.log'>
2026-02-01 00:06:05,039 DEBUG [watchdog.observers.inotify_buffer:52] in-event <InotifyEvent: src_path=b'/app/streamlit.log', wd=1, mask=IN_MODIFY, cookie=0, name='streamlit.log'>
2026-02-01 00:06:05,040 DEBUG [watchdog.observers.inotify_buffer:52] in-event <InotifyEvent: src_path=b'/app/streamlit.log', wd=1, mask=IN_MODIFY, cookie=0, name='streamlit.log'>
2026-02-01 00:06:05,041 DEBUG [watchdog.observers.inotify_buffer:52] in-event <InotifyEvent: src_path=b'/app/streamlit.log', wd=1, mask=IN_MODIFY, cookie=0, name='streamlit.log'>
2026-02-01 00:06:05,041 DEBUG [watchdog.observers.inotify_buffer:52] in-event <InotifyEvent: src_path=b'/app/streamlit.log', wd=1, mask=IN_MODIFY, cookie=0, name='streamlit.log'>
2026-02-01 00:06:05,042 DEBUG [watchdog.observers.inotify_buffer:52] in-event <InotifyEvent: src_path=b'/app/streamlit.log', wd=1, mask=IN_MODIFY, cookie=0, name='streamlit.log'>
2026-02-01 00:06:05,042 DEBUG [watchdog.observers.inotify_buffer:52] in-event <InotifyEvent: src_path=b'/app/streamlit.log', wd=1, mask=IN_MODIFY, cookie=0, name='streamlit.log'>
2026-02-01 00:06:05,043 DEBUG [watchdog.observers.inotify_buffer:52] in-event <InotifyEvent: src_path=b'/app/streamlit.log', wd=1, mask=IN_MODIFY, cookie=0, name='streamlit.log'>
2026-02-01 00:06:05,043 DEBUG [watchdog.observers.inotify_buffer:52] in-event <InotifyEvent: src_path=b'/app/streamlit.log', wd=1, mask=IN_MODIFY, cookie=0, name='streamlit.log'>
2026-02-01 00:06:05,043 DEBUG [watchdog.observers.inotify_buffer:52] in-event <InotifyEvent: src_path=b'/app/streamlit.log', wd=1, mask=IN_MODIFY, cookie=0, name='streamlit.log'>
2026-02-01 00:06:05,044 DEBUG [watchdog.observers.inotify_buffer:52] in-event <InotifyEvent: src_path=b'/app/streamlit.log', wd=1, mask=IN_MODIFY, cookie=0, name='streamlit.log'>
2026-02-01 00:06:05,044 DEBUG [watchdog.observers.inotify_buffer:52] in-event <InotifyEvent: src_path=b'/app/streamlit.log', wd=1, mask=IN_MODIFY, cookie=0, name='streamlit.log'>
2026-02-01 00:06:05,045 DEBUG [watchdog.observers.inotify_buffer:52] in-event <InotifyEvent: src_path=b'/app/streamlit.log', wd=1, mask=IN_MODIFY, cookie=0, name='streamlit.log'>
2026-02-01 00:06:05,045 DEBUG [watchdog.observers.inotify_buffer:52] in-event <InotifyEvent: src_path=b'/app/streamlit.log', wd=1, mask=IN_MODIFY, cookie=0, name='streamlit.log'>
2026-02-01 00:06:05,046 DEBUG [watchdog.observers.inotify_buffer:52] in-event <InotifyEvent: src_path=b'/app/streamlit.log', wd=1, mask=IN_MODIFY, cookie=0, name='streamlit.log'>
2026-02-01 00:06:05,046 DEBUG [watchdog.observers.inotify_buffer:52] in-event <InotifyEvent: src_path=b'/app/streamlit.log', wd=1, mask=IN_MODIFY, cookie=0, name='streamlit.log'>
2026-02-01 00:06:05,047 DEBUG [watchdog.observers.inotify_buffer:52] in-event <InotifyEvent: src_path=b'/app/streamlit.log', wd=1, mask=IN_MODIFY, cookie=0, name='streamlit.log'>
2026-02-01 00:06:05,048 DEBUG [watchdog.observers.inotify_buffer:52] in-event <InotifyEvent: src_path=b'/app/streamlit.log', wd=1, mask=IN_MODIFY, cookie=0, name='streamlit.log'>
2026-02-01 00:06:05,048 DEBUG [watchdog.observers.inotify_buffer:52] in-event <InotifyEvent: src_path=b'/app/streamlit.log', wd=1, mask=IN_MODIFY, cookie=0, name='streamlit.log'>
2026-02-01 00:06:05,049 DEBUG [watchdog.observers.inotify_buffer:52] in-event <InotifyEvent: src_path=b'/app/streamlit.log', wd=1, mask=IN_MODIFY, cookie=0, name='streamlit.log'>
2026-02-01 00:06:05,049 DEBUG [watchdog.observers.inotify_buffer:52] in-event <InotifyEvent: src_path=b'/app/streamlit.log', wd=1, mask=IN_MODIFY, cookie=0, name='streamlit.log'>
2026-02-01 00:06:05,050 DEBUG [watchdog.observers.inotify_buffer:52] in-event <InotifyEvent: src_path=b'/app/streamlit.log', wd=1, mask=IN_MODIFY, cookie=0, name='streamlit.log'>
2026-02-01 00:06:05,050 DEBUG [watchdog.observers.inotify_buffer:52] in-event <InotifyEvent: src_path=b'/app/streamlit.log', wd=1, mask=IN_MODIFY, cookie=0, name='streamlit.log'>
2026-02-01 00:06:05,051 DEBUG [watchdog.observers.inotify_buffer:52] in-event <InotifyEvent: src_path=b'/app/streamlit.log', wd=1, mask=IN_MODIFY, cookie=0, name='streamlit.log'>
2026-02-01 00:06:05,051 DEBUG [watchdog.observers.inotify_buffer:52] in-event <InotifyEvent: src_path=b'/app/streamlit.log', wd=1, mask=IN_MODIFY, cookie=0, name='streamlit.log'>
2026-02-01 00:06:05,051 DEBUG [watchdog.observers.inotify_buffer:52] in-event <InotifyEvent: src_path=b'/app/streamlit.log', wd=1, mask=IN_MODIFY, cookie=0, name='streamlit.log'>
2026-02-01 00:06:05,052 DEBUG [watchdog.observers.inotify_buffer:52] in-event <InotifyEvent: src_path=b'/app/streamlit.log', wd=1, mask=IN_MODIFY, cookie=0, name='streamlit.log'>
2026-02-01 00:06:05,052 DEBUG [watchdog.observers.inotify_buffer:52] in-event <InotifyEvent: src_path=b'/app/streamlit.log', wd=1, mask=IN_MODIFY, cookie=0, name='streamlit.log'>
2026-02-01 00:06:05,052 DEBUG [watchdog.observers.inotify_buffer:52] in-event <InotifyEvent: src_path=b'/app/streamlit.log', wd=1, mask=IN_MODIFY, cookie=0, name='streamlit.log'>
2026-02-01 00:06:05,053 DEBUG [watchdog.observers.inotify_buffer:52] in-event <InotifyEvent: src_path=b'/app/streamlit.log', wd=1, mask=IN_MODIFY, cookie=0, name='streamlit.log'>
2026-02-01 00:06:05,053 DEBUG [watchdog.observers.inotify_buffer:52] in-event <InotifyEvent: src_path=b'/app/streamlit.log', wd=1, mask=IN_MODIFY, cookie=0, name='streamlit.log'>
2026-02-01 00:06:05,053 DEBUG [watchdog.observers.inotify_buffer:52] in-event <InotifyEvent: src_path=b'/app/streamlit.log', wd=1, mask=IN_MODIFY, cookie=0, name='streamlit.log'>
2026-02-01 00:06:05,054 DEBUG [watchdog.observers.inotify_buffer:52] in-event <InotifyEvent: src_path=b'/app/streamlit.log', wd=1, mask=IN_MODIFY, cookie=0, name='streamlit.log'>
2026-02-01 00:06:05,055 DEBUG [watchdog.observers.inotify_buffer:52] in-event <InotifyEvent: src_path=b'/app/streamlit.log', wd=1, mask=IN_MODIFY, cookie=0, name='streamlit.log'>
2026-02-01 00:06:05,055 DEBUG [watchdog.observers.inotify_buffer:52] in-event <InotifyEvent: src_path=b'/app/streamlit.log', wd=1, mask=IN_MODIFY, cookie=0, name='streamlit.log'>
2026-02-01 00:06:05,056 DEBUG [watchdog.observers.inotify_buffer:52] in-event <InotifyEvent: src_path=b'/app/streamlit.log', wd=1, mask=IN_MODIFY, cookie=0, name='streamlit.log'>
2026-02-01 00:06:05,056 DEBUG [watchdog.observers.inotify_buffer:52] in-event <InotifyEvent: src_path=b'/app/streamlit.log', wd=1, mask=IN_MODIFY, cookie=0, name='streamlit.log'>
2026-02-01 00:06:05,056 DEBUG [watchdog.observers.inotify_buffer:52] in-event <InotifyEvent: src_path=b'/app/streamlit.log', wd=1, mask=IN_MODIFY, cookie=0, name='streamlit.log'>
2026-02-01 00:06:05,057 DEBUG [watchdog.observers.inotify_buffer:52] in-event <InotifyEvent: src_path=b'/app/streamlit.log', wd=1, mask=IN_MODIFY, cookie=0, name='streamlit.log'>
2026-02-01 00:06:05,057 DEBUG [watchdog.observers.inotify_buffer:52] in-event <InotifyEvent: src_path=b'/app/streamlit.log', wd=1, mask=IN_MODIFY, cookie=0, name='streamlit.log'>
2026-02-01 00:06:05,057 DEBUG [watchdog.observers.inotify_buffer:52] in-event <InotifyEvent: src_path=b'/app/streamlit.log', wd=1, mask=IN_MODIFY, cookie=0, name='streamlit.log'>
2026-02-01 00:06:05,058 DEBUG [watchdog.observers.inotify_buffer:52] in-event <InotifyEvent: src_path=b'/app/streamlit.log', wd=1, mask=IN_MODIFY, cookie=0, name='streamlit.log'>
2026-02-01 00:06:05,058 DEBUG [watchdog.observers.inotify_buffer:52] in-event <InotifyEvent: src_path=b'/app/streamlit.log', wd=1, mask=IN_MODIFY, cookie=0, name='streamlit.log'>
2026-02-01 00:06:05,059 DEBUG [watchdog.observers.inotify_buffer:52] in-event <InotifyEvent: src_path=b'/app/streamlit.log', wd=1, mask=IN_MODIFY, cookie=0, name='streamlit.log'>
2026-02-01 00:06:05,060 DEBUG [watchdog.observers.inotify_buffer:52] in-event <InotifyEvent: src_path=b'/app/streamlit.log', wd=1, mask=IN_MODIFY, cookie=0, name='streamlit.log'>
2026-02-01 00:06:05,060 DEBUG [watchdog.observers.inotify_buffer:52] in-event <InotifyEvent: src_path=b'/app/streamlit.log', wd=1, mask=IN_MODIFY, cookie=0, name='streamlit.log'>
2026-02-01 00:06:05,060 DEBUG [watchdog.observers.inotify_buffer:52] in-event <InotifyEvent: src_path=b'/app/streamlit.log', wd=1, mask=IN_MODIFY, cookie=0, name='streamlit.log'>
2026-02-01 00:06:05,061 DEBUG [watchdog.observers.inotify_buffer:52] in-event <InotifyEvent: src_path=b'/app/streamlit.log', wd=1, mask=IN_MODIFY, cookie=0, name='streamlit.log'>
2026-02-01 00:06:05,062 DEBUG [watchdog.observers.inotify_buffer:52] in-event <InotifyEvent: src_path=b'/app/streamlit.log', wd=1, mask=IN_MODIFY, cookie=0, name='streamlit.log'>
2026-02-01 00:06:05,063 DEBUG [watchdog.observers.inotify_buffer:52] in-event <InotifyEvent: src_path=b'/app/streamlit.log', wd=1, mask=IN_MODIFY, cookie=0, name='streamlit.log'>
2026-02-01 00:06:05,063 DEBUG [watchdog.observers.inotify_buffer:52] in-event <InotifyEvent: src_path=b'/app/streamlit.log', wd=1, mask=IN_MODIFY, cookie=0, name='streamlit.log'>
2026-02-01 00:06:05,064 DEBUG [watchdog.observers.inotify_buffer:52] in-event <InotifyEvent: src_path=b'/app/streamlit.log', wd=1, mask=IN_MODIFY, cookie=0, name='streamlit.log'>
2026-02-01 00:06:05,064 DEBUG [watchdog.observers.inotify_buffer:52] in-event <InotifyEvent: src_path=b'/app/streamlit.log', wd=1, mask=IN_MODIFY, cookie=0, name='streamlit.log'>
2026-02-01 00:06:05,065 DEBUG [watchdog.observers.inotify_buffer:52] in-event <InotifyEvent: src_path=b'/app/streamlit.log', wd=1, mask=IN_MODIFY, cookie=0, name='streamlit.log'>
2026-02-01 00:06:05,065 DEBUG [watchdog.observers.inotify_buffer:52] in-event <InotifyEvent: src_path=b'/app/streamlit.log', wd=1, mask=IN_MODIFY, cookie=0, name='streamlit.log'>
2026-02-01 00:06:05,066 DEBUG [watchdog.observers.inotify_buffer:52] in-event <InotifyEvent: src_path=b'/app/streamlit.log', wd=1, mask=IN_MODIFY, cookie=0, name='streamlit.log'>
2026-02-01 00:06:05,067 DEBUG [watchdog.observers.inotify_buffer:52] in-event <InotifyEvent: src_path=b'/app/streamlit.log', wd=1, mask=IN_MODIFY, cookie=0, name='streamlit.log'>
2026-02-01 00:06:05,068 DEBUG [watchdog.observers.inotify_buffer:52] in-event <InotifyEvent: src_path=b'/app/streamlit.log', wd=1, mask=IN_MODIFY, cookie=0, name='streamlit.log'>
2026-02-01 00:06:05,069 DEBUG [watchdog.observers.inotify_buffer:52] in-event <InotifyEvent: src_path=b'/app/streamlit.log', wd=1, mask=IN_MODIFY, cookie=0, name='streamlit.log'>
2026-02-01 00:06:05,069 DEBUG [watchdog.observers.inotify_buffer:52] in-event <InotifyEvent: src_path=b'/app/streamlit.log', wd=1, mask=IN_MODIFY, cookie=0, name='streamlit.log'>
2026-02-01 00:06:05,069 DEBUG [watchdog.observers.inotify_buffer:52] in-event <InotifyEvent: src_path=b'/app/streamlit.log', wd=1, mask=IN_MODIFY, cookie=0, name='streamlit.log'>
2026-02-01 00:06:05,070 DEBUG [watchdog.observers.inotify_buffer:52] in-event <InotifyEvent: src_path=b'/app/streamlit.log', wd=1, mask=IN_MODIFY, cookie=0, name='streamlit.log'>
2026-02-01 00:06:05,070 DEBUG [watchdog.observers.inotify_buffer:52] in-event <InotifyEvent: src_path=b'/app/streamlit.log', wd=1, mask=IN_MODIFY, cookie=0, name='streamlit.log'>
2026-02-01 00:06:05,071 DEBUG [watchdog.observers.inotify_buffer:52] in-event <InotifyEvent: src_path=b'/app/streamlit.log', wd=1, mask=IN_MODIFY, cookie=0, name='streamlit.log'>
2026-02-01 00:06:05,071 DEBUG [watchdog.observers.inotify_buffer:52] in-event <InotifyEvent: src_path=b'/app/streamlit.log', wd=1, mask=IN_MODIFY, cookie=0, name='streamlit.log'>
2026-02-01 00:06:05,071 DEBUG [watchdog.observers.inotify_buffer:52] in-event <InotifyEvent: src_path=b'/app/streamlit.log', wd=1, mask=IN_MODIFY, cookie=0, name='streamlit.log'>
2026-02-01 00:06:05,072 DEBUG [watchdog.observers.inotify_buffer:52] in-event <InotifyEvent: src_path=b'/app/streamlit.log', wd=1, mask=IN_MODIFY, cookie=0, name='streamlit.log'>
2026-02-01 00:06:05,072 DEBUG [watchdog.observers.inotify_buffer:52] in-event <InotifyEvent: src_path=b'/app/streamlit.log', wd=1, mask=IN_MODIFY, cookie=0, name='streamlit.log'>
2026-02-01 00:06:05,072 DEBUG [watchdog.observers.inotify_buffer:52] in-event <InotifyEvent: src_path=b'/app/streamlit.log', wd=1, mask=IN_MODIFY, cookie=0, name='streamlit.log'>
2026-02-01 00:06:05,073 DEBUG [watchdog.observers.inotify_buffer:52] in-event <InotifyEvent: src_path=b'/app/streamlit.log', wd=1, mask=IN_MODIFY, cookie=0, name='streamlit.log'>
2026-02-01 00:06:05,073 DEBUG [watchdog.observers.inotify_buffer:52] in-event <InotifyEvent: src_path=b'/app/streamlit.log', wd=1, mask=IN_MODIFY, cookie=0, name='streamlit.log'>
2026-02-01 00:06:05,074 DEBUG [watchdog.observers.inotify_buffer:52] in-event <InotifyEvent: src_path=b'/app/streamlit.log', wd=1, mask=IN_MODIFY, cookie=0, name='streamlit.log'>
2026-02-01 00:06:05,074 DEBUG [watchdog.observers.inotify_buffer:52] in-event <InotifyEvent: src_path=b'/app/streamlit.log', wd=1, mask=IN_MODIFY, cookie=0, name='streamlit.log'>
2026-02-01 00:06:05,074 DEBUG [watchdog.observers.inotify_buffer:52] in-event <InotifyEvent: src_path=b'/app/streamlit.log', wd=1, mask=IN_MODIFY, cookie=0, name='streamlit.log'>
2026-02-01 00:06:05,075 DEBUG [watchdog.observers.inotify_buffer:52] in-event <InotifyEvent: src_path=b'/app/streamlit.log', wd=1, mask=IN_MODIFY, cookie=0, name='streamlit.log'>
2026-02-01 00:06:05,075 DEBUG [watchdog.observers.inotify_buffer:52] in-event <InotifyEvent: src_path=b'/app/streamlit.log', wd=1, mask=IN_MODIFY, cookie=0, name='streamlit.log'>
2026-02-01 00:06:05,075 DEBUG [watchdog.observers.inotify_buffer:52] in-event <InotifyEvent: src_path=b'/app/streamlit.log', wd=1, mask=IN_MODIFY, cookie=0, name='streamlit.log'>
2026-02-01 00:06:05,076 DEBUG [watchdog.observers.inotify_buffer:52] in-event <InotifyEvent: src_path=b'/app/streamlit.log', wd=1, mask=IN_MODIFY, cookie=0, name='streamlit.log'>
2026-02-01 00:06:05,076 DEBUG [watchdog.observers.inotify_buffer:52] in-event <InotifyEvent: src_path=b'/app/streamlit.log', wd=1, mask=IN_MODIFY, cookie=0, name='streamlit.log'>
2026-02-01 00:06:05,077 DEBUG [watchdog.observers.inotify_buffer:52] in-event <InotifyEvent: src_path=b'/app/streamlit.log', wd=1, mask=IN_MODIFY, cookie=0, name='streamlit.log'>
2026-02-01 00:06:05,077 DEBUG [watchdog.observers.inotify_buffer:52] in-event <InotifyEvent: src_path=b'/app/streamlit.log', wd=1, mask=IN_MODIFY, cookie=0, name='streamlit.log'>
2026-02-01 00:06:05,077 DEBUG [watchdog.observers.inotify_buffer:52] in-event <InotifyEvent: src_path=b'/app/streamlit.log', wd=1, mask=IN_MODIFY, cookie=0, name='streamlit.log'>
2026-02-01 00:06:05,078 DEBUG [watchdog.observers.inotify_buffer:52] in-event <InotifyEvent: src_path=b'/app/streamlit.log', wd=1, mask=IN_MODIFY, cookie=0, name='streamlit.log'>
2026-02-01 00:06:05,078 DEBUG [watchdog.observers.inotify_buffer:52] in-event <InotifyEvent: src_path=b'/app/streamlit.log', wd=1, mask=IN_MODIFY, cookie=0, name='streamlit.log'>
2026-02-01 00:06:05,078 DEBUG [watchdog.observers.inotify_buffer:52] in-event <InotifyEvent: src_path=b'/app/streamlit.log', wd=1, mask=IN_MODIFY, cookie=0, name='streamlit.log'>
2026-02-01 00:06:05,079 DEBUG [watchdog.observers.inotify_buffer:52] in-event <InotifyEvent: src_path=b'/app/streamlit.log', wd=1, mask=IN_MODIFY, cookie=0, name='streamlit.log'>
2026-02-01 00:06:05,079 DEBUG [watchdog.observers.inotify_buffer:52] in-event <InotifyEvent: src_path=b'/app/streamlit.log', wd=1, mask=IN_MODIFY, cookie=0, name='streamlit.log'>
2026-02-01 00:06:05,080 DEBUG [watchdog.observers.inotify_buffer:52] in-event <InotifyEvent: src_path=b'/app/streamlit.log', wd=1, mask=IN_MODIFY, cookie=0, name='streamlit.log'>
2026-02-01 00:06:05,081 DEBUG [watchdog.observers.inotify_buffer:52] in-event <InotifyEvent: src_path=b'/app/streamlit.log', wd=1, mask=IN_MODIFY, cookie=0, name='streamlit.log'>
2026-02-01 00:06:05,081 DEBUG [watchdog.observers.inotify_buffer:52] in-event <InotifyEvent: src_path=b'/app/streamlit.log', wd=1, mask=IN_MODIFY, cookie=0, name='streamlit.log'>
2026-02-01 00:06:05,082 DEBUG [watchdog.observers.inotify_buffer:52] in-event <InotifyEvent: src_path=b'/app/streamlit.log', wd=1, mask=IN_MODIFY, cookie=0, name='streamlit.log'>
2026-02-01 00:06:05,082 DEBUG [watchdog.observers.inotify_buffer:52] in-event <InotifyEvent: src_path=b'/app/streamlit.log', wd=1, mask=IN_MODIFY, cookie=0, name='streamlit.log'>
2026-02-01 00:06:05,083 DEBUG [watchdog.observers.inotify_buffer:52] in-event <InotifyEvent: src_path=b'/app/streamlit.log', wd=1, mask=IN_MODIFY, cookie=0, name='streamlit.log'>
2026-02-01 00:06:05,084 DEBUG [watchdog.observers.inotify_buffer:52] in-event <InotifyEvent: src_path=b'/app/streamlit.log', wd=1, mask=IN_MODIFY, cookie=0, name='streamlit.log'>
2026-02-01 00:06:05,084 DEBUG [watchdog.observers.inotify_buffer:52] in-event <InotifyEvent: src_path=b'/app/streamlit.log', wd=1, mask=IN_MODIFY, cookie=0, name='streamlit.log'>
2026-02-01 00:06:05,085 DEBUG [watchdog.observers.inotify_buffer:52] in-event <InotifyEvent: src_path=b'/app/streamlit.log', wd=1, mask=IN_MODIFY, cookie=0, name='streamlit.log'>
2026-02-01 00:06:05,085 DEBUG [watchdog.observers.inotify_buffer:52] in-event <InotifyEvent: src_path=b'/app/streamlit.log', wd=1, mask=IN_MODIFY, cookie=0, name='streamlit.log'>
2026-02-01 00:06:05,086 DEBUG [watchdog.observers.inotify_buffer:52] in-event <InotifyEvent: src_path=b'/app/streamlit.log', wd=1, mask=IN_MODIFY, cookie=0, name='streamlit.log'>
2026-02-01 00:06:05,086 DEBUG [watchdog.observers.inotify_buffer:52] in-event <InotifyEvent: src_path=b'/app/streamlit.log', wd=1, mask=IN_MODIFY, cookie=0, name='streamlit.log'>
2026-02-01 00:06:05,087 DEBUG [watchdog.observers.inotify_buffer:52] in-event <InotifyEvent: src_path=b'/app/streamlit.log', wd=1, mask=IN_MODIFY, cookie=0, name='streamlit.log'>
2026-02-01 00:06:05,087 DEBUG [watchdog.observers.inotify_buffer:52] in-event <InotifyEvent: src_path=b'/app/streamlit.log', wd=1, mask=IN_MODIFY, cookie=0, name='streamlit.log'>
2026-02-01 00:06:05,088 DEBUG [watchdog.observers.inotify_buffer:52] in-event <InotifyEvent: src_path=b'/app/streamlit.log', wd=1, mask=IN_MODIFY, cookie=0, name='streamlit.log'>
2026-02-01 00:06:05,088 DEBUG [watchdog.observers.inotify_buffer:52] in-event <InotifyEvent: src_path=b'/app/streamlit.log', wd=1, mask=IN_MODIFY, cookie=0, name='streamlit.log'>
2026-02-01 00:06:05,089 DEBUG [watchdog.observers.inotify_buffer:52] in-event <InotifyEvent: src_path=b'/app/streamlit.log', wd=1, mask=IN_MODIFY, cookie=0, name='streamlit.log'>
2026-02-01 00:06:05,089 DEBUG [watchdog.observers.inotify_buffer:52] in-event <InotifyEvent: src_path=b'/app/streamlit.log', wd=1, mask=IN_MODIFY, cookie=0, name='streamlit.log'>
2026-02-01 00:06:05,090 DEBUG [watchdog.observers.inotify_buffer:52] in-event <InotifyEvent: src_path=b'/app/streamlit.log', wd=1, mask=IN_MODIFY, cookie=0, name='streamlit.log'>
2026-02-01 00:06:05,090 DEBUG [watchdog.observers.inotify_buffer:52] in-event <InotifyEvent: src_path=b'/app/streamlit.log', wd=1, mask=IN_MODIFY, cookie=0, name='streamlit.log'>
2026-02-01 00:06:05,091 DEBUG [watchdog.observers.inotify_buffer:52] in-event <InotifyEvent: src_path=b'/app/streamlit.log', wd=1, mask=IN_MODIFY, cookie=0, name='streamlit.log'>
2026-02-01 00:06:05,091 DEBUG [watchdog.observers.inotify_buffer:52] in-event <InotifyEvent: src_path=b'/app/streamlit.log', wd=1, mask=IN_MODIFY, cookie=0, name='streamlit.log'>
2026-02-01 00:06:05,091 DEBUG [watchdog.observers.inotify_buffer:52] in-event <InotifyEvent: src_path=b'/app/streamlit.log', wd=1, mask=IN_MODIFY, cookie=0, name='streamlit.log'>
2026-02-01 00:06:05,092 DEBUG [watchdog.observers.inotify_buffer:52] in-event <InotifyEvent: src_path=b'/app/streamlit.log', wd=1, mask=IN_MODIFY, cookie=0, name='streamlit.log'>
2026-02-01 00:06:05,093 DEBUG [watchdog.observers.inotify_buffer:52] in-event <InotifyEvent: src_path=b'/app/streamlit.log', wd=1, mask=IN_MODIFY, cookie=0, name='streamlit.log'>
2026-02-01 00:06:05,093 DEBUG [watchdog.observers.inotify_buffer:52] in-event <InotifyEvent: src_path=b'/app/streamlit.log', wd=1, mask=IN_MODIFY, cookie=0, name='streamlit.log'>
2026-02-01 00:06:05,093 DEBUG [watchdog.observers.inotify_buffer:52] in-event <InotifyEvent: src_path=b'/app/streamlit.log', wd=1, mask=IN_MODIFY, cookie=0, name='streamlit.log'>
2026-02-01 00:06:05,094 DEBUG [watchdog.observers.inotify_buffer:52] in-event <InotifyEvent: src_path=b'/app/streamlit.log', wd=1, mask=IN_MODIFY, cookie=0, name='streamlit.log'>
2026-02-01 00:06:05,094 DEBUG [watchdog.observers.inotify_buffer:52] in-event <InotifyEvent: src_path=b'/app/streamlit.log', wd=1, mask=IN_MODIFY, cookie=0, name='streamlit.log'>
2026-02-01 00:06:05,094 DEBUG [watchdog.observers.inotify_buffer:52] in-event <InotifyEvent: src_path=b'/app/streamlit.log', wd=1, mask=IN_MODIFY, cookie=0, name='streamlit.log'>
2026-02-01 00:06:05,095 DEBUG [watchdog.observers.inotify_buffer:52] in-event <InotifyEvent: src_path=b'/app/streamlit.log', wd=1, mask=IN_MODIFY, cookie=0, name='streamlit.log'>
2026-02-01 00:06:05,095 DEBUG [watchdog.observers.inotify_buffer:52] in-event <InotifyEvent: src_path=b'/app/streamlit.log', wd=1, mask=IN_MODIFY, cookie=0, name='streamlit.log'>
2026-02-01 00:06:05,095 DEBUG [watchdog.observers.inotify_buffer:52] in-event <InotifyEvent: src_path=b'/app/streamlit.log', wd=1, mask=IN_MODIFY, cookie=0, name='streamlit.log'>
2026-02-01 00:06:05,096 DEBUG [watchdog.observers.inotify_buffer:52] in-event <InotifyEvent: src_path=b'/app/streamlit.log', wd=1, mask=IN_MODIFY, cookie=0, name='streamlit.log'>
2026-02-01 00:06:05,096 DEBUG [watchdog.observers.inotify_buffer:52] in-event <InotifyEvent: src_path=b'/app/streamlit.log', wd=1, mask=IN_MODIFY, cookie=0, name='streamlit.log'>
2026-02-01 00:06:05,097 DEBUG [watchdog.observers.inotify_buffer:52] in-event <InotifyEvent: src_path=b'/app/streamlit.log', wd=1, mask=IN_MODIFY, cookie=0, name='streamlit.log'>
2026-02-01 00:06:05,097 DEBUG [watchdog.observers.inotify_buffer:52] in-event <InotifyEvent: src_path=b'/app/streamlit.log', wd=1, mask=IN_MODIFY, cookie=0, name='streamlit.log'>
2026-02-01 00:06:05,098 DEBUG [watchdog.observers.inotify_buffer:52] in-event <InotifyEvent: src_path=b'/app/streamlit.log', wd=1, mask=IN_MODIFY, cookie=0, name='streamlit.log'>
2026-02-01 00:06:05,098 DEBUG [watchdog.observers.inotify_buffer:52] in-event <InotifyEvent: src_path=b'/app/streamlit.log', wd=1, mask=IN_MODIFY, cookie=0, name='streamlit.log'>
2026-02-01 00:06:05,099 DEBUG [watchdog.observers.inotify_buffer:52] in-event <InotifyEvent: src_path=b'/app/streamlit.log', wd=1, mask=IN_MODIFY, cookie=0, name='streamlit.log'>
2026-02-01 00:06:05,099 DEBUG [watchdog.observers.inotify_buffer:52] in-event <InotifyEvent: src_path=b'/app/streamlit.log', wd=1, mask=IN_MODIFY, cookie=0, name='streamlit.log'>
2026-02-01 00:06:05,099 DEBUG [watchdog.observers.inotify_buffer:52] in-event <InotifyEvent: src_path=b'/app/streamlit.log', wd=1, mask=IN_MODIFY, cookie=0, name='streamlit.log'>
2026-02-01 00:06:05,100 DEBUG [watchdog.observers.inotify_buffer:52] in-event <InotifyEvent: src_path=b'/app/streamlit.log', wd=1, mask=IN_MODIFY, cookie=0, name='streamlit.log'>
2026-02-01 00:06:05,101 DEBUG [watchdog.observers.inotify_buffer:52] in-event <InotifyEvent: src_path=b'/app/streamlit.log', wd=1, mask=IN_MODIFY, cookie=0, name='streamlit.log'>
2026-02-01 00:06:05,101 DEBUG [watchdog.observers.inotify_buffer:52] in-event <InotifyEvent: src_path=b'/app/streamlit.log', wd=1, mask=IN_MODIFY, cookie=0, name='streamlit.log'>
2026-02-01 00:06:05,102 DEBUG [watchdog.observers.inotify_buffer:52] in-event <InotifyEvent: src_path=b'/app/streamlit.log', wd=1, mask=IN_MODIFY, cookie=0, name='streamlit.log'>
2026-02-01 00:06:05,102 DEBUG [watchdog.observers.inotify_buffer:52] in-event <InotifyEvent: src_path=b'/app/streamlit.log', wd=1, mask=IN_MODIFY, cookie=0, name='streamlit.log'>
2026-02-01 00:06:05,103 DEBUG [watchdog.observers.inotify_buffer:52] in-event <InotifyEvent: src_path=b'/app/streamlit.log', wd=1, mask=IN_MODIFY, cookie=0, name='streamlit.log'>
2026-02-01 00:06:05,103 DEBUG [watchdog.observers.inotify_buffer:52] in-event <InotifyEvent: src_path=b'/app/streamlit.log', wd=1, mask=IN_MODIFY, cookie=0, name='streamlit.log'>
2026-02-01 00:06:05,104 DEBUG [watchdog.observers.inotify_buffer:52] in-event <InotifyEvent: src_path=b'/app/streamlit.log', wd=1, mask=IN_MODIFY, cookie=0, name='streamlit.log'>
2026-02-01 00:06:05,104 DEBUG [watchdog.observers.inotify_buffer:52] in-event <InotifyEvent: src_path=b'/app/streamlit.log', wd=1, mask=IN_MODIFY, cookie=0, name='streamlit.log'>
2026-02-01 00:06:05,104 DEBUG [watchdog.observers.inotify_buffer:52] in-event <InotifyEvent: src_path=b'/app/streamlit.log', wd=1, mask=IN_MODIFY, cookie=0, name='streamlit.log'>
2026-02-01 00:06:05,105 DEBUG [watchdog.observers.inotify_buffer:52] in-event <InotifyEvent: src_path=b'/app/streamlit.log', wd=1, mask=IN_MODIFY, cookie=0, name='streamlit.log'>
2026-02-01 00:06:05,105 DEBUG [watchdog.observers.inotify_buffer:52] in-event <InotifyEvent: src_path=b'/app/streamlit.log', wd=1, mask=IN_MODIFY, cookie=0, name='streamlit.log'>
2026-02-01 00:06:05,106 DEBUG [watchdog.observers.inotify_buffer:52] in-event <InotifyEvent: src_path=b'/app/streamlit.log', wd=1, mask=IN_MODIFY, cookie=0, name='streamlit.log'>
2026-02-01 00:06:05,107 DEBUG [watchdog.observers.inotify_buffer:52] in-event <InotifyEvent: src_path=b'/app/streamlit.log', wd=1, mask=IN_MODIFY, cookie=0, name='streamlit.log'>
2026-02-01 00:06:05,107 DEBUG [watchdog.observers.inotify_buffer:52] in-event <InotifyEvent: src_path=b'/app/streamlit.log', wd=1, mask=IN_MODIFY, cookie=0, name='streamlit.log'>
2026-02-01 00:06:05,107 DEBUG [watchdog.observers.inotify_buffer:52] in-event <InotifyEvent: src_path=b'/app/streamlit.log', wd=1, mask=IN_MODIFY, cookie=0, name='streamlit.log'>
2026-02-01 00:06:05,108 DEBUG [watchdog.observers.inotify_buffer:52] in-event <InotifyEvent: src_path=b'/app/streamlit.log', wd=1, mask=IN_MODIFY, cookie=0, name='streamlit.log'>
2026-02-01 00:06:05,109 DEBUG [watchdog.observers.inotify_buffer:52] in-event <InotifyEvent: src_path=b'/app/streamlit.log', wd=1, mask=IN_MODIFY, cookie=0, name='streamlit.log'>
2026-02-01 00:06:05,109 DEBUG [watchdog.observers.inotify_buffer:52] in-event <InotifyEvent: src_path=b'/app/streamlit.log', wd=1, mask=IN_MODIFY, cookie=0, name='streamlit.log'>
2026-02-01 00:06:05,110 DEBUG [watchdog.observers.inotify_buffer:52] in-event <InotifyEvent: src_path=b'/app/streamlit.log', wd=1, mask=IN_MODIFY, cookie=0, name='streamlit.log'>
2026-02-01 00:06:05,110 DEBUG [watchdog.observers.inotify_buffer:52] in-event <InotifyEvent: src_path=b'/app/streamlit.log', wd=1, mask=IN_MODIFY, cookie=0, name='streamlit.log'>
2026-02-01 00:06:05,111 DEBUG [watchdog.observers.inotify_buffer:52] in-event <InotifyEvent: src_path=b'/app/streamlit.log', wd=1, mask=IN_MODIFY, cookie=0, name='streamlit.log'>
2026-02-01 00:06:05,111 DEBUG [watchdog.observers.inotify_buffer:52] in-event <InotifyEvent: src_path=b'/app/streamlit.log', wd=1, mask=IN_MODIFY, cookie=0, name='streamlit.log'>
2026-02-01 00:06:05,111 DEBUG [watchdog.observers.inotify_buffer:52] in-event <InotifyEvent: src_path=b'/app/streamlit.log', wd=1, mask=IN_MODIFY, cookie=0, name='streamlit.log'>
2026-02-01 00:06:05,112 DEBUG [watchdog.observers.inotify_buffer:52] in-event <InotifyEvent: src_path=b'/app/streamlit.log', wd=1, mask=IN_MODIFY, cookie=0, name='streamlit.log'>
2026-02-01 00:06:05,112 DEBUG [watchdog.observers.inotify_buffer:52] in-event <InotifyEvent: src_path=b'/app/streamlit.log', wd=1, mask=IN_MODIFY, cookie=0, name='streamlit.log'>
2026-02-01 00:06:05,112 DEBUG [watchdog.observers.inotify_buffer:52] in-event <InotifyEvent: src_path=b'/app/streamlit.log', wd=1, mask=IN_MODIFY, cookie=0, name='streamlit.log'>
2026-02-01 00:06:05,113 DEBUG [watchdog.observers.inotify_buffer:52] in-event <InotifyEvent: src_path=b'/app/streamlit.log', wd=1, mask=IN_MODIFY, cookie=0, name='streamlit.log'>
2026-02-01 00:06:05,113 DEBUG [watchdog.observers.inotify_buffer:52] in-event <InotifyEvent: src_path=b'/app/streamlit.log', wd=1, mask=IN_MODIFY, cookie=0, name='streamlit.log'>
2026-02-01 00:06:05,113 DEBUG [watchdog.observers.inotify_buffer:52] in-event <InotifyEvent: src_path=b'/app/streamlit.log', wd=1, mask=IN_MODIFY, cookie=0, name='streamlit.log'>
2026-02-01 00:06:05,114 DEBUG [watchdog.observers.inotify_buffer:52] in-event <InotifyEvent: src_path=b'/app/streamlit.log', wd=1, mask=IN_MODIFY, cookie=0, name='streamlit.log'>
2026-02-01 00:06:05,114 DEBUG [watchdog.observers.inotify_buffer:52] in-event <InotifyEvent: src_path=b'/app/streamlit.log', wd=1, mask=IN_MODIFY, cookie=0, name='streamlit.log'>
2026-02-01 00:06:05,115 DEBUG [watchdog.observers.inotify_buffer:52] in-event <InotifyEvent: src_path=b'/app/streamlit.log', wd=1, mask=IN_MODIFY, cookie=0, name='streamlit.log'>
2026-02-01 00:06:05,115 DEBUG [watchdog.observers.inotify_buffer:52] in-event <InotifyEvent: src_path=b'/app/streamlit.log', wd=1, mask=IN_MODIFY, cookie=0, name='streamlit.log'>
2026-02-01 00:06:05,115 DEBUG [watchdog.observers.inotify_buffer:52] in-event <InotifyEvent: src_path=b'/app/streamlit.log', wd=1, mask=IN_MODIFY, cookie=0, name='streamlit.log'>
2026-02-01 00:06:05,116 DEBUG [watchdog.observers.inotify_buffer:52] in-event <InotifyEvent: src_path=b'/app/streamlit.log', wd=1, mask=IN_MODIFY, cookie=0, name='streamlit.log'>
2026-02-01 00:06:05,116 DEBUG [watchdog.observers.inotify_buffer:52] in-event <InotifyEvent: src_path=b'/app/streamlit.log', wd=1, mask=IN_MODIFY, cookie=0, name='streamlit.log'>
2026-02-01 00:06:05,116 DEBUG [watchdog.observers.inotify_buffer:52] in-event <InotifyEvent: src_path=b'/app/streamlit.log', wd=1, mask=IN_MODIFY, cookie=0, name='streamlit.log'>
2026-02-01 00:06:05,117 DEBUG [watchdog.observers.inotify_buffer:52] in-event <InotifyEvent: src_path=b'/app/streamlit.log', wd=1, mask=IN_MODIFY, cookie=0, name='streamlit.log'>
2026-02-01 00:06:05,117 DEBUG [watchdog.observers.inotify_buffer:52] in-event <InotifyEvent: src_path=b'/app/streamlit.log', wd=1, mask=IN_MODIFY, cookie=0, name='streamlit.log'>
2026-02-01 00:06:05,118 DEBUG [watchdog.observers.inotify_buffer:52] in-event <InotifyEvent: src_path=b'/app/streamlit.log', wd=1, mask=IN_MODIFY, cookie=0, name='streamlit.log'>
2026-02-01 00:06:05,119 DEBUG [watchdog.observers.inotify_buffer:52] in-event <InotifyEvent: src_path=b'/app/streamlit.log', wd=1, mask=IN_MODIFY, cookie=0, name='streamlit.log'>
2026-02-01 00:06:05,119 DEBUG [watchdog.observers.inotify_buffer:52] in-event <InotifyEvent: src_path=b'/app/streamlit.log', wd=1, mask=IN_MODIFY, cookie=0, name='streamlit.log'>
2026-02-01 00:06:05,119 DEBUG [watchdog.observers.inotify_buffer:52] in-event <InotifyEvent: src_path=b'/app/streamlit.log', wd=1, mask=IN_MODIFY, cookie=0, name='streamlit.log'>
2026-02-01 00:06:05,120 DEBUG [watchdog.observers.inotify_buffer:52] in-event <InotifyEvent: src_path=b'/app/streamlit.log', wd=1, mask=IN_MODIFY, cookie=0, name='streamlit.log'>
2026-02-01 00:06:05,120 DEBUG [watchdog.observers.inotify_buffer:52] in-event <InotifyEvent: src_path=b'/app/streamlit.log', wd=1, mask=IN_MODIFY, cookie=0, name='streamlit.log'>
2026-02-01 00:06:05,121 DEBUG [watchdog.observers.inotify_buffer:52] in-event <InotifyEvent: src_path=b'/app/streamlit.log', wd=1, mask=IN_MODIFY, cookie=0, name='streamlit.log'>
2026-02-01 00:06:05,121 DEBUG [watchdog.observers.inotify_buffer:52] in-event <InotifyEvent: src_path=b'/app/streamlit.log', wd=1, mask=IN_MODIFY, cookie=0, name='streamlit.log'>
2026-02-01 00:06:05,122 DEBUG [watchdog.observers.inotify_buffer:52] in-event <InotifyEvent: src_path=b'/app/streamlit.log', wd=1, mask=IN_MODIFY, cookie=0, name='streamlit.log'>
2026-02-01 00:06:05,122 DEBUG [watchdog.observers.inotify_buffer:52] in-event <InotifyEvent: src_path=b'/app/streamlit.log', wd=1, mask=IN_MODIFY, cookie=0, name='streamlit.log'>
2026-02-01 00:06:05,122 DEBUG [watchdog.observers.inotify_buffer:52] in-event <InotifyEvent: src_path=b'/app/streamlit.log', wd=1, mask=IN_MODIFY, cookie=0, name='streamlit.log'>
2026-02-01 00:06:05,123 DEBUG [watchdog.observers.inotify_buffer:52] in-event <InotifyEvent: src_path=b'/app/streamlit.log', wd=1, mask=IN_MODIFY, cookie=0, name='streamlit.log'>
2026-02-01 00:06:05,123 DEBUG [watchdog.observers.inotify_buffer:52] in-event <InotifyEvent: src_path=b'/app/streamlit.log', wd=1, mask=IN_MODIFY, cookie=0, name='streamlit.log'>
2026-02-01 00:06:05,123 DEBUG [watchdog.observers.inotify_buffer:52] in-event <InotifyEvent: src_path=b'/app/streamlit.log', wd=1, mask=IN_MODIFY, cookie=0, name='streamlit.log'>
2026-02-01 00:06:05,124 DEBUG [watchdog.observers.inotify_buffer:52] in-event <InotifyEvent: src_path=b'/app/streamlit.log', wd=1, mask=IN_MODIFY, cookie=0, name='streamlit.log'>
2026-02-01 00:06:05,124 DEBUG [watchdog.observers.inotify_buffer:52] in-event <InotifyEvent: src_path=b'/app/streamlit.log', wd=1, mask=IN_MODIFY, cookie=0, name='streamlit.log'>
2026-02-01 00:06:05,124 DEBUG [watchdog.observers.inotify_buffer:52] in-event <InotifyEvent: src_path=b'/app/streamlit.log', wd=1, mask=IN_MODIFY, cookie=0, name='streamlit.log'>
2026-02-01 00:06:05,125 DEBUG [watchdog.observers.inotify_buffer:52] in-event <InotifyEvent: src_path=b'/app/streamlit.log', wd=1, mask=IN_MODIFY, cookie=0, name='streamlit.log'>
2026-02-01 00:06:05,125 DEBUG [watchdog.observers.inotify_buffer:52] in-event <InotifyEvent: src_path=b'/app/streamlit.log', wd=1, mask=IN_MODIFY, cookie=0, name='streamlit.log'>
2026-02-01 00:06:05,125 DEBUG [watchdog.observers.inotify_buffer:52] in-event <InotifyEvent: src_path=b'/app/streamlit.log', wd=1, mask=IN_MODIFY, cookie=0, name='streamlit.log'>
2026-02-01 00:06:05,126 DEBUG [watchdog.observers.inotify_buffer:52] in-event <InotifyEvent: src_path=b'/app/streamlit.log', wd=1, mask=IN_MODIFY, cookie=0, name='streamlit.log'>
2026-02-01 00:06:05,126 DEBUG [watchdog.observers.inotify_buffer:52] in-event <InotifyEvent: src_path=b'/app/streamlit.log', wd=1, mask=IN_MODIFY, cookie=0, name='streamlit.log'>
2026-02-01 00:06:05,127 DEBUG [watchdog.observers.inotify_buffer:52] in-event <InotifyEvent: src_path=b'/app/streamlit.log', wd=1, mask=IN_MODIFY, cookie=0, name='streamlit.log'>
2026-02-01 00:06:05,127 DEBUG [watchdog.observers.inotify_buffer:52] in-event <InotifyEvent: src_path=b'/app/streamlit.log', wd=1, mask=IN_MODIFY, cookie=0, name='streamlit.log'>
2026-02-01 00:06:05,127 DEBUG [watchdog.observers.inotify_buffer:52] in-event <InotifyEvent: src_path=b'/app/streamlit.log', wd=1, mask=IN_MODIFY, cookie=0, name='streamlit.log'>
2026-02-01 00:06:05,128 DEBUG [watchdog.observers.inotify_buffer:52] in-event <InotifyEvent: src_path=b'/app/streamlit.log', wd=1, mask=IN_MODIFY, cookie=0, name='streamlit.log'>
2026-02-01 00:06:05,128 DEBUG [watchdog.observers.inotify_buffer:52] in-event <InotifyEvent: src_path=b'/app/streamlit.log', wd=1, mask=IN_MODIFY, cookie=0, name='streamlit.log'>
2026-02-01 00:06:05,128 DEBUG [watchdog.observers.inotify_buffer:52] in-event <InotifyEvent: src_path=b'/app/streamlit.log', wd=1, mask=IN_MODIFY, cookie=0, name='streamlit.log'>
2026-02-01 00:06:05,129 DEBUG [watchdog.observers.inotify_buffer:52] in-event <InotifyEvent: src_path=b'/app/streamlit.log', wd=1, mask=IN_MODIFY, cookie=0, name='streamlit.log'>
2026-02-01 00:06:05,130 DEBUG [watchdog.observers.inotify_buffer:52] in-event <InotifyEvent: src_path=b'/app/streamlit.log', wd=1, mask=IN_MODIFY, cookie=0, name='streamlit.log'>
2026-02-01 00:06:05,131 DEBUG [watchdog.observers.inotify_buffer:52] in-event <InotifyEvent: src_path=b'/app/streamlit.log', wd=1, mask=IN_MODIFY, cookie=0, name='streamlit.log'>
2026-02-01 00:06:05,131 DEBUG [watchdog.observers.inotify_buffer:52] in-event <InotifyEvent: src_path=b'/app/streamlit.log', wd=1, mask=IN_MODIFY, cookie=0, name='streamlit.log'>
2026-02-01 00:06:05,132 DEBUG [watchdog.observers.inotify_buffer:52] in-event <InotifyEvent: src_path=b'/app/streamlit.log', wd=1, mask=IN_MODIFY, cookie=0, name='streamlit.log'>
2026-02-01 00:06:05,132 DEBUG [watchdog.observers.inotify_buffer:52] in-event <InotifyEvent: src_path=b'/app/streamlit.log', wd=1, mask=IN_MODIFY, cookie=0, name='streamlit.log'>
2026-02-01 00:06:05,133 DEBUG [watchdog.observers.inotify_buffer:52] in-event <InotifyEvent: src_path=b'/app/streamlit.log', wd=1, mask=IN_MODIFY, cookie=0, name='streamlit.log'>
2026-02-01 00:06:05,133 DEBUG [watchdog.observers.inotify_buffer:52] in-event <InotifyEvent: src_path=b'/app/streamlit.log', wd=1, mask=IN_MODIFY, cookie=0, name='streamlit.log'>
2026-02-01 00:06:05,134 DEBUG [watchdog.observers.inotify_buffer:52] in-event <InotifyEvent: src_path=b'/app/streamlit.log', wd=1, mask=IN_MODIFY, cookie=0, name='streamlit.log'>
2026-02-01 00:06:05,135 DEBUG [watchdog.observers.inotify_buffer:52] in-event <InotifyEvent: src_path=b'/app/streamlit.log', wd=1, mask=IN_MODIFY, cookie=0, name='streamlit.log'>
2026-02-01 00:06:05,135 DEBUG [watchdog.observers.inotify_buffer:52] in-event <InotifyEvent: src_path=b'/app/streamlit.log', wd=1, mask=IN_MODIFY, cookie=0, name='streamlit.log'>
2026-02-01 00:06:05,135 DEBUG [watchdog.observers.inotify_buffer:52] in-event <InotifyEvent: src_path=b'/app/streamlit.log', wd=1, mask=IN_MODIFY, cookie=0, name='streamlit.log'>
2026-02-01 00:06:05,136 DEBUG [watchdog.observers.inotify_buffer:52] in-event <InotifyEvent: src_path=b'/app/streamlit.log', wd=1, mask=IN_MODIFY, cookie=0, name='streamlit.log'>
2026-02-01 00:06:05,137 DEBUG [watchdog.observers.inotify_buffer:52] in-event <InotifyEvent: src_path=b'/app/streamlit.log', wd=1, mask=IN_MODIFY, cookie=0, name='streamlit.log'>
2026-02-01 00:06:05,138 DEBUG [watchdog.observers.inotify_buffer:52] in-event <InotifyEvent: src_path=b'/app/streamlit.log', wd=1, mask=IN_MODIFY, cookie=0, name='streamlit.log'>
2026-02-01 00:06:05,138 DEBUG [watchdog.observers.inotify_buffer:52] in-event <InotifyEvent: src_path=b'/app/streamlit.log', wd=1, mask=IN_MODIFY, cookie=0, name='streamlit.log'>
2026-02-01 00:06:05,138 DEBUG [watchdog.observers.inotify_buffer:52] in-event <InotifyEvent: src_path=b'/app/streamlit.log', wd=1, mask=IN_MODIFY, cookie=0, name='streamlit.log'>
2026-02-01 00:06:05,139 DEBUG [watchdog.observers.inotify_buffer:52] in-event <InotifyEvent: src_path=b'/app/streamlit.log', wd=1, mask=IN_MODIFY, cookie=0, name='streamlit.log'>
2026-02-01 00:06:05,141 DEBUG [watchdog.observers.inotify_buffer:52] in-event <InotifyEvent: src_path=b'/app/streamlit.log', wd=1, mask=IN_MODIFY, cookie=0, name='streamlit.log'>
2026-02-01 00:06:05,141 DEBUG [watchdog.observers.inotify_buffer:52] in-event <InotifyEvent: src_path=b'/app/streamlit.log', wd=1, mask=IN_MODIFY, cookie=0, name='streamlit.log'>
2026-02-01 00:06:05,142 DEBUG [watchdog.observers.inotify_buffer:52] in-event <InotifyEvent: src_path=b'/app/streamlit.log', wd=1, mask=IN_MODIFY, cookie=0, name='streamlit.log'>
2026-02-01 00:06:05,143 DEBUG [watchdog.observers.inotify_buffer:52] in-event <InotifyEvent: src_path=b'/app/streamlit.log', wd=1, mask=IN_MODIFY, cookie=0, name='streamlit.log'>
2026-02-01 00:06:05,143 DEBUG [watchdog.observers.inotify_buffer:52] in-event <InotifyEvent: src_path=b'/app/streamlit.log', wd=1, mask=IN_MODIFY, cookie=0, name='streamlit.log'>
2026-02-01 00:06:05,144 DEBUG [watchdog.observers.inotify_buffer:52] in-event <InotifyEvent: src_path=b'/app/streamlit.log', wd=1, mask=IN_MODIFY, cookie=0, name='streamlit.log'>
2026-02-01 00:06:05,144 DEBUG [watchdog.observers.inotify_buffer:52] in-event <InotifyEvent: src_path=b'/app/streamlit.log', wd=1, mask=IN_MODIFY, cookie=0, name='streamlit.log'>
2026-02-01 00:06:05,145 DEBUG [watchdog.observers.inotify_buffer:52] in-event <InotifyEvent: src_path=b'/app/streamlit.log', wd=1, mask=IN_MODIFY, cookie=0, name='streamlit.log'>
2026-02-01 00:06:05,145 DEBUG [watchdog.observers.inotify_buffer:52] in-event <InotifyEvent: src_path=b'/app/streamlit.log', wd=1, mask=IN_MODIFY, cookie=0, name='streamlit.log'>
2026-02-01 00:06:05,146 DEBUG [watchdog.observers.inotify_buffer:52] in-event <InotifyEvent: src_path=b'/app/streamlit.log', wd=1, mask=IN_MODIFY, cookie=0, name='streamlit.log'>
2026-02-01 00:06:05,147 DEBUG [watchdog.observers.inotify_buffer:52] in-event <InotifyEvent: src_path=b'/app/streamlit.log', wd=1, mask=IN_MODIFY, cookie=0, name='streamlit.log'>
2026-02-01 00:06:05,147 DEBUG [watchdog.observers.inotify_buffer:52] in-event <InotifyEvent: src_path=b'/app/streamlit.log', wd=1, mask=IN_MODIFY, cookie=0, name='streamlit.log'>
2026-02-01 00:06:05,147 DEBUG [watchdog.observers.inotify_buffer:52] in-event <InotifyEvent: src_path=b'/app/streamlit.log', wd=1, mask=IN_MODIFY, cookie=0, name='streamlit.log'>
2026-02-01 00:06:05,148 DEBUG [watchdog.observers.inotify_buffer:52] in-event <InotifyEvent: src_path=b'/app/streamlit.log', wd=1, mask=IN_MODIFY, cookie=0, name='streamlit.log'>
2026-02-01 00:06:05,148 DEBUG [watchdog.observers.inotify_buffer:52] in-event <InotifyEvent: src_path=b'/app/streamlit.log', wd=1, mask=IN_MODIFY, cookie=0, name='streamlit.log'>
2026-02-01 00:06:05,148 DEBUG [watchdog.observers.inotify_buffer:52] in-event <InotifyEvent: src_path=b'/app/streamlit.log', wd=1, mask=IN_MODIFY, cookie=0, name='streamlit.log'>
2026-02-01 00:06:05,149 DEBUG [watchdog.observers.inotify_buffer:52] in-event <InotifyEvent: src_path=b'/app/streamlit.log', wd=1, mask=IN_MODIFY, cookie=0, name='streamlit.log'>
2026-02-01 00:06:05,149 DEBUG [watchdog.observers.inotify_buffer:52] in-event <InotifyEvent: src_path=b'/app/streamlit.log', wd=1, mask=IN_MODIFY, cookie=0, name='streamlit.log'>
2026-02-01 00:06:05,150 DEBUG [watchdog.observers.inotify_buffer:52] in-event <InotifyEvent: src_path=b'/app/streamlit.log', wd=1, mask=IN_MODIFY, cookie=0, name='streamlit.log'>
2026-02-01 00:06:05,150 DEBUG [watchdog.observers.inotify_buffer:52] in-event <InotifyEvent: src_path=b'/app/streamlit.log', wd=1, mask=IN_MODIFY, cookie=0, name='streamlit.log'>
2026-02-01 00:06:05,150 DEBUG [watchdog.observers.inotify_buffer:52] in-event <InotifyEvent: src_path=b'/app/streamlit.log', wd=1, mask=IN_MODIFY, cookie=0, name='streamlit.log'>
2026-02-01 00:06:05,151 DEBUG [watchdog.observers.inotify_buffer:52] in-event <InotifyEvent: src_path=b'/app/streamlit.log', wd=1, mask=IN_MODIFY, cookie=0, name='streamlit.log'>
2026-02-01 00:06:05,151 DEBUG [watchdog.observers.inotify_buffer:52] in-event <InotifyEvent: src_path=b'/app/streamlit.log', wd=1, mask=IN_MODIFY, cookie=0, name='streamlit.log'>
2026-02-01 00:06:05,152 DEBUG [watchdog.observers.inotify_buffer:52] in-event <InotifyEvent: src_path=b'/app/streamlit.log', wd=1, mask=IN_MODIFY, cookie=0, name='streamlit.log'>
2026-02-01 00:06:05,152 DEBUG [watchdog.observers.inotify_buffer:52] in-event <InotifyEvent: src_path=b'/app/streamlit.log', wd=1, mask=IN_MODIFY, cookie=0, name='streamlit.log'>
2026-02-01 00:06:05,153 DEBUG [watchdog.observers.inotify_buffer:52] in-event <InotifyEvent: src_path=b'/app/streamlit.log', wd=1, mask=IN_MODIFY, cookie=0, name='streamlit.log'>
2026-02-01 00:06:05,154 DEBUG [watchdog.observers.inotify_buffer:52] in-event <InotifyEvent: src_path=b'/app/streamlit.log', wd=1, mask=IN_MODIFY, cookie=0, name='streamlit.log'>
2026-02-01 00:06:05,154 DEBUG [watchdog.observers.inotify_buffer:52] in-event <InotifyEvent: src_path=b'/app/streamlit.log', wd=1, mask=IN_MODIFY, cookie=0, name='streamlit.log'>
2026-02-01 00:06:05,154 DEBUG [watchdog.observers.inotify_buffer:52] in-event <InotifyEvent: src_path=b'/app/streamlit.log', wd=1, mask=IN_MODIFY, cookie=0, name='streamlit.log'>
2026-02-01 00:06:05,155 DEBUG [watchdog.observers.inotify_buffer:52] in-event <InotifyEvent: src_path=b'/app/streamlit.log', wd=1, mask=IN_MODIFY, cookie=0, name='streamlit.log'>
2026-02-01 00:06:05,155 DEBUG [watchdog.observers.inotify_buffer:52] in-event <InotifyEvent: src_path=b'/app/streamlit.log', wd=1, mask=IN_MODIFY, cookie=0, name='streamlit.log'>
2026-02-01 00:06:05,156 DEBUG [watchdog.observers.inotify_buffer:52] in-event <InotifyEvent: src_path=b'/app/streamlit.log', wd=1, mask=IN_MODIFY, cookie=0, name='streamlit.log'>
2026-02-01 00:06:05,156 DEBUG [watchdog.observers.inotify_buffer:52] in-event <InotifyEvent: src_path=b'/app/streamlit.log', wd=1, mask=IN_MODIFY, cookie=0, name='streamlit.log'>
2026-02-01 00:06:05,156 DEBUG [watchdog.observers.inotify_buffer:52] in-event <InotifyEvent: src_path=b'/app/streamlit.log', wd=1, mask=IN_MODIFY, cookie=0, name='streamlit.log'>
2026-02-01 00:06:05,157 DEBUG [watchdog.observers.inotify_buffer:52] in-event <InotifyEvent: src_path=b'/app/streamlit.log', wd=1, mask=IN_MODIFY, cookie=0, name='streamlit.log'>
2026-02-01 00:06:05,157 DEBUG [watchdog.observers.inotify_buffer:52] in-event <InotifyEvent: src_path=b'/app/streamlit.log', wd=1, mask=IN_MODIFY, cookie=0, name='streamlit.log'>
2026-02-01 00:06:05,158 DEBUG [watchdog.observers.inotify_buffer:52] in-event <InotifyEvent: src_path=b'/app/streamlit.log', wd=1, mask=IN_MODIFY, cookie=0, name='streamlit.log'>
2026-02-01 00:06:05,158 DEBUG [watchdog.observers.inotify_buffer:52] in-event <InotifyEvent: src_path=b'/app/streamlit.log', wd=1, mask=IN_MODIFY, cookie=0, name='streamlit.log'>
2026-02-01 00:06:05,158 DEBUG [watchdog.observers.inotify_buffer:52] in-event <InotifyEvent: src_path=b'/app/streamlit.log', wd=1, mask=IN_MODIFY, cookie=0, name='streamlit.log'>
2026-02-01 00:06:05,159 DEBUG [watchdog.observers.inotify_buffer:52] in-event <InotifyEvent: src_path=b'/app/streamlit.log', wd=1, mask=IN_MODIFY, cookie=0, name='streamlit.log'>
2026-02-01 00:06:05,159 DEBUG [watchdog.observers.inotify_buffer:52] in-event <InotifyEvent: src_path=b'/app/streamlit.log', wd=1, mask=IN_MODIFY, cookie=0, name='streamlit.log'>
2026-02-01 00:06:05,160 DEBUG [watchdog.observers.inotify_buffer:52] in-event <InotifyEvent: src_path=b'/app/streamlit.log', wd=1, mask=IN_MODIFY, cookie=0, name='streamlit.log'>
2026-02-01 00:06:05,160 DEBUG [watchdog.observers.inotify_buffer:52] in-event <InotifyEvent: src_path=b'/app/streamlit.log', wd=1, mask=IN_MODIFY, cookie=0, name='streamlit.log'>
2026-02-01 00:06:05,161 DEBUG [watchdog.observers.inotify_buffer:52] in-event <InotifyEvent: src_path=b'/app/streamlit.log', wd=1, mask=IN_MODIFY, cookie=0, name='streamlit.log'>
2026-02-01 00:06:05,161 DEBUG [watchdog.observers.inotify_buffer:52] in-event <InotifyEvent: src_path=b'/app/streamlit.log', wd=1, mask=IN_MODIFY, cookie=0, name='streamlit.log'>
2026-02-01 00:06:05,161 DEBUG [watchdog.observers.inotify_buffer:52] in-event <InotifyEvent: src_path=b'/app/streamlit.log', wd=1, mask=IN_MODIFY, cookie=0, name='streamlit.log'>
2026-02-01 00:06:05,162 DEBUG [watchdog.observers.inotify_buffer:52] in-event <InotifyEvent: src_path=b'/app/streamlit.log', wd=1, mask=IN_MODIFY, cookie=0, name='streamlit.log'>
2026-02-01 00:06:05,162 DEBUG [watchdog.observers.inotify_buffer:52] in-event <InotifyEvent: src_path=b'/app/streamlit.log', wd=1, mask=IN_MODIFY, cookie=0, name='streamlit.log'>
2026-02-01 00:06:05,162 DEBUG [watchdog.observers.inotify_buffer:52] in-event <InotifyEvent: src_path=b'/app/streamlit.log', wd=1, mask=IN_MODIFY, cookie=0, name='streamlit.log'>
2026-02-01 00:06:05,163 DEBUG [watchdog.observers.inotify_buffer:52] in-event <InotifyEvent: src_path=b'/app/streamlit.log', wd=1, mask=IN_MODIFY, cookie=0, name='streamlit.log'>
2026-02-01 00:06:05,163 DEBUG [watchdog.observers.inotify_buffer:52] in-event <InotifyEvent: src_path=b'/app/streamlit.log', wd=1, mask=IN_MODIFY, cookie=0, name='streamlit.log'>
2026-02-01 00:06:05,163 DEBUG [watchdog.observers.inotify_buffer:52] in-event <InotifyEvent: src_path=b'/app/streamlit.log', wd=1, mask=IN_MODIFY, cookie=0, name='streamlit.log'>
2026-02-01 00:06:05,164 DEBUG [watchdog.observers.inotify_buffer:52] in-event <InotifyEvent: src_path=b'/app/streamlit.log', wd=1, mask=IN_MODIFY, cookie=0, name='streamlit.log'>
2026-02-01 00:06:05,164 DEBUG [watchdog.observers.inotify_buffer:52] in-event <InotifyEvent: src_path=b'/app/streamlit.log', wd=1, mask=IN_MODIFY, cookie=0, name='streamlit.log'>
2026-02-01 00:06:05,165 DEBUG [watchdog.observers.inotify_buffer:52] in-event <InotifyEvent: src_path=b'/app/streamlit.log', wd=1, mask=IN_MODIFY, cookie=0, name='streamlit.log'>
2026-02-01 00:06:05,165 DEBUG [watchdog.observers.inotify_buffer:52] in-event <InotifyEvent: src_path=b'/app/streamlit.log', wd=1, mask=IN_MODIFY, cookie=0, name='streamlit.log'>
2026-02-01 00:06:05,165 DEBUG [watchdog.observers.inotify_buffer:52] in-event <InotifyEvent: src_path=b'/app/streamlit.log', wd=1, mask=IN_MODIFY, cookie=0, name='streamlit.log'>
2026-02-01 00:06:05,166 DEBUG [watchdog.observers.inotify_buffer:52] in-event <InotifyEvent: src_path=b'/app/streamlit.log', wd=1, mask=IN_MODIFY, cookie=0, name='streamlit.log'>
2026-02-01 00:06:05,166 DEBUG [watchdog.observers.inotify_buffer:52] in-event <InotifyEvent: src_path=b'/app/streamlit.log', wd=1, mask=IN_MODIFY, cookie=0, name='streamlit.log'>
2026-02-01 00:06:05,166 DEBUG [watchdog.observers.inotify_buffer:52] in-event <InotifyEvent: src_path=b'/app/streamlit.log', wd=1, mask=IN_MODIFY, cookie=0, name='streamlit.log'>
2026-02-01 00:06:05,167 DEBUG [watchdog.observers.inotify_buffer:52] in-event <InotifyEvent: src_path=b'/app/streamlit.log', wd=1, mask=IN_MODIFY, cookie=0, name='streamlit.log'>
2026-02-01 00:06:05,167 DEBUG [watchdog.observers.inotify_buffer:52] in-event <InotifyEvent: src_path=b'/app/streamlit.log', wd=1, mask=IN_MODIFY, cookie=0, name='streamlit.log'>
2026-02-01 00:06:05,168 DEBUG [watchdog.observers.inotify_buffer:52] in-event <InotifyEvent: src_path=b'/app/streamlit.log', wd=1, mask=IN_MODIFY, cookie=0, name='streamlit.log'>
2026-02-01 00:06:05,168 DEBUG [watchdog.observers.inotify_buffer:52] in-event <InotifyEvent: src_path=b'/app/streamlit.log', wd=1, mask=IN_MODIFY, cookie=0, name='streamlit.log'>
2026-02-01 00:06:05,168 DEBUG [watchdog.observers.inotify_buffer:52] in-event <InotifyEvent: src_path=b'/app/streamlit.log', wd=1, mask=IN_MODIFY, cookie=0, name='streamlit.log'>
2026-02-01 00:06:05,169 DEBUG [watchdog.observers.inotify_buffer:52] in-event <InotifyEvent: src_path=b'/app/streamlit.log', wd=1, mask=IN_MODIFY, cookie=0, name='streamlit.log'>
2026-02-01 00:06:05,169 DEBUG [watchdog.observers.inotify_buffer:52] in-event <InotifyEvent: src_path=b'/app/streamlit.log', wd=1, mask=IN_MODIFY, cookie=0, name='streamlit.log'>
2026-02-01 00:06:05,169 DEBUG [watchdog.observers.inotify_buffer:52] in-event <InotifyEvent: src_path=b'/app/streamlit.log', wd=1, mask=IN_MODIFY, cookie=0, name='streamlit.log'>
2026-02-01 00:06:05,170 DEBUG [watchdog.observers.inotify_buffer:52] in-event <InotifyEvent: src_path=b'/app/streamlit.log', wd=1, mask=IN_MODIFY, cookie=0, name='streamlit.log'>
2026-02-01 00:06:05,170 DEBUG [watchdog.observers.inotify_buffer:52] in-event <InotifyEvent: src_path=b'/app/streamlit.log', wd=1, mask=IN_MODIFY, cookie=0, name='streamlit.log'>
2026-02-01 00:06:05,170 DEBUG [watchdog.observers.inotify_buffer:52] in-event <InotifyEvent: src_path=b'/app/streamlit.log', wd=1, mask=IN_MODIFY, cookie=0, name='streamlit.log'>
2026-02-01 00:06:05,171 DEBUG [watchdog.observers.inotify_buffer:52] in-event <InotifyEvent: src_path=b'/app/streamlit.log', wd=1, mask=IN_MODIFY, cookie=0, name='streamlit.log'>
2026-02-01 00:06:05,171 DEBUG [watchdog.observers.inotify_buffer:52] in-event <InotifyEvent: src_path=b'/app/streamlit.log', wd=1, mask=IN_MODIFY, cookie=0, name='streamlit.log'>
2026-02-01 00:06:05,171 DEBUG [watchdog.observers.inotify_buffer:52] in-event <InotifyEvent: src_path=b'/app/streamlit.log', wd=1, mask=IN_MODIFY, cookie=0, name='streamlit.log'>
2026-02-01 00:06:05,172 DEBUG [watchdog.observers.inotify_buffer:52] in-event <InotifyEvent: src_path=b'/app/streamlit.log', wd=1, mask=IN_MODIFY, cookie=0, name='streamlit.log'>
2026-02-01 00:06:05,172 DEBUG [watchdog.observers.inotify_buffer:52] in-event <InotifyEvent: src_path=b'/app/streamlit.log', wd=1, mask=IN_MODIFY, cookie=0, name='streamlit.log'>
2026-02-01 00:06:05,172 DEBUG [watchdog.observers.inotify_buffer:52] in-event <InotifyEvent: src_path=b'/app/streamlit.log', wd=1, mask=IN_MODIFY, cookie=0, name='streamlit.log'>
2026-02-01 00:06:05,173 DEBUG [watchdog.observers.inotify_buffer:52] in-event <InotifyEvent: src_path=b'/app/streamlit.log', wd=1, mask=IN_MODIFY, cookie=0, name='streamlit.log'>
2026-02-01 00:06:05,173 DEBUG [watchdog.observers.inotify_buffer:52] in-event <InotifyEvent: src_path=b'/app/streamlit.log', wd=1, mask=IN_MODIFY, cookie=0, name='streamlit.log'>
2026-02-01 00:06:05,174 DEBUG [watchdog.observers.inotify_buffer:52] in-event <InotifyEvent: src_path=b'/app/streamlit.log', wd=1, mask=IN_MODIFY, cookie=0, name='streamlit.log'>
2026-02-01 00:06:05,175 DEBUG [watchdog.observers.inotify_buffer:52] in-event <InotifyEvent: src_path=b'/app/streamlit.log', wd=1, mask=IN_MODIFY, cookie=0, name='streamlit.log'>
2026-02-01 00:06:05,175 DEBUG [watchdog.observers.inotify_buffer:52] in-event <InotifyEvent: src_path=b'/app/streamlit.log', wd=1, mask=IN_MODIFY, cookie=0, name='streamlit.log'>
2026-02-01 00:06:05,176 DEBUG [watchdog.observers.inotify_buffer:52] in-event <InotifyEvent: src_path=b'/app/streamlit.log', wd=1, mask=IN_MODIFY, cookie=0, name='streamlit.log'>
2026-02-01 00:06:05,176 DEBUG [watchdog.observers.inotify_buffer:52] in-event <InotifyEvent: src_path=b'/app/streamlit.log', wd=1, mask=IN_MODIFY, cookie=0, name='streamlit.log'>
2026-02-01 00:06:05,177 DEBUG [watchdog.observers.inotify_buffer:52] in-event <InotifyEvent: src_path=b'/app/streamlit.log', wd=1, mask=IN_MODIFY, cookie=0, name='streamlit.log'>
2026-02-01 00:06:05,178 DEBUG [watchdog.observers.inotify_buffer:52] in-event <InotifyEvent: src_path=b'/app/streamlit.log', wd=1, mask=IN_MODIFY, cookie=0, name='streamlit.log'>
2026-02-01 00:06:05,178 DEBUG [watchdog.observers.inotify_buffer:52] in-event <InotifyEvent: src_path=b'/app/streamlit.log', wd=1, mask=IN_MODIFY, cookie=0, name='streamlit.log'>
2026-02-01 00:06:05,178 DEBUG [watchdog.observers.inotify_buffer:52] in-event <InotifyEvent: src_path=b'/app/streamlit.log', wd=1, mask=IN_MODIFY, cookie=0, name='streamlit.log'>
2026-02-01 00:06:05,179 DEBUG [watchdog.observers.inotify_buffer:52] in-event <InotifyEvent: src_path=b'/app/streamlit.log', wd=1, mask=IN_MODIFY, cookie=0, name='streamlit.log'>
2026-02-01 00:06:05,179 DEBUG [watchdog.observers.inotify_buffer:52] in-event <InotifyEvent: src_path=b'/app/streamlit.log', wd=1, mask=IN_MODIFY, cookie=0, name='streamlit.log'>
2026-02-01 00:06:05,179 DEBUG [watchdog.observers.inotify_buffer:52] in-event <InotifyEvent: src_path=b'/app/streamlit.log', wd=1, mask=IN_MODIFY, cookie=0, name='streamlit.log'>
2026-02-01 00:06:05,180 DEBUG [watchdog.observers.inotify_buffer:52] in-event <InotifyEvent: src_path=b'/app/streamlit.log', wd=1, mask=IN_MODIFY, cookie=0, name='streamlit.log'>
2026-02-01 00:06:05,180 DEBUG [watchdog.observers.inotify_buffer:52] in-event <InotifyEvent: src_path=b'/app/streamlit.log', wd=1, mask=IN_MODIFY, cookie=0, name='streamlit.log'>
2026-02-01 00:06:05,181 DEBUG [watchdog.observers.inotify_buffer:52] in-event <InotifyEvent: src_path=b'/app/streamlit.log', wd=1, mask=IN_MODIFY, cookie=0, name='streamlit.log'>
2026-02-01 00:06:05,182 DEBUG [watchdog.observers.inotify_buffer:52] in-event <InotifyEvent: src_path=b'/app/streamlit.log', wd=1, mask=IN_MODIFY, cookie=0, name='streamlit.log'>
2026-02-01 00:06:05,182 DEBUG [watchdog.observers.inotify_buffer:52] in-event <InotifyEvent: src_path=b'/app/streamlit.log', wd=1, mask=IN_MODIFY, cookie=0, name='streamlit.log'>
2026-02-01 00:06:05,183 DEBUG [watchdog.observers.inotify_buffer:52] in-event <InotifyEvent: src_path=b'/app/streamlit.log', wd=1, mask=IN_MODIFY, cookie=0, name='streamlit.log'>
2026-02-01 00:06:05,183 DEBUG [watchdog.observers.inotify_buffer:52] in-event <InotifyEvent: src_path=b'/app/streamlit.log', wd=1, mask=IN_MODIFY, cookie=0, name='streamlit.log'>
2026-02-01 00:06:05,183 DEBUG [watchdog.observers.inotify_buffer:52] in-event <InotifyEvent: src_path=b'/app/streamlit.log', wd=1, mask=IN_MODIFY, cookie=0, name='streamlit.log'>
2026-02-01 00:06:05,184 DEBUG [watchdog.observers.inotify_buffer:52] in-event <InotifyEvent: src_path=b'/app/streamlit.log', wd=1, mask=IN_MODIFY, cookie=0, name='streamlit.log'>
2026-02-01 00:06:05,184 DEBUG [watchdog.observers.inotify_buffer:52] in-event <InotifyEvent: src_path=b'/app/streamlit.log', wd=1, mask=IN_MODIFY, cookie=0, name='streamlit.log'>
2026-02-01 00:06:05,184 DEBUG [watchdog.observers.inotify_buffer:52] in-event <InotifyEvent: src_path=b'/app/streamlit.log', wd=1, mask=IN_MODIFY, cookie=0, name='streamlit.log'>
2026-02-01 00:06:05,185 DEBUG [watchdog.observers.inotify_buffer:52] in-event <InotifyEvent: src_path=b'/app/streamlit.log', wd=1, mask=IN_MODIFY, cookie=0, name='streamlit.log'>
2026-02-01 00:06:05,185 DEBUG [watchdog.observers.inotify_buffer:52] in-event <InotifyEvent: src_path=b'/app/streamlit.log', wd=1, mask=IN_MODIFY, cookie=0, name='streamlit.log'>
2026-02-01 00:06:05,186 DEBUG [watchdog.observers.inotify_buffer:52] in-event <InotifyEvent: src_path=b'/app/streamlit.log', wd=1, mask=IN_MODIFY, cookie=0, name='streamlit.log'>
2026-02-01 00:06:05,186 DEBUG [watchdog.observers.inotify_buffer:52] in-event <InotifyEvent: src_path=b'/app/streamlit.log', wd=1, mask=IN_MODIFY, cookie=0, name='streamlit.log'>
2026-02-01 00:06:05,187 DEBUG [watchdog.observers.inotify_buffer:52] in-event <InotifyEvent: src_path=b'/app/streamlit.log', wd=1, mask=IN_MODIFY, cookie=0, name='streamlit.log'>
2026-02-01 00:06:05,187 DEBUG [watchdog.observers.inotify_buffer:52] in-event <InotifyEvent: src_path=b'/app/streamlit.log', wd=1, mask=IN_MODIFY, cookie=0, name='streamlit.log'>
2026-02-01 00:06:05,188 DEBUG [watchdog.observers.inotify_buffer:52] in-event <InotifyEvent: src_path=b'/app/streamlit.log', wd=1, mask=IN_MODIFY, cookie=0, name='streamlit.log'>
2026-02-01 00:06:05,188 DEBUG [watchdog.observers.inotify_buffer:52] in-event <InotifyEvent: src_path=b'/app/streamlit.log', wd=1, mask=IN_MODIFY, cookie=0, name='streamlit.log'>
2026-02-01 00:06:05,188 DEBUG [watchdog.observers.inotify_buffer:52] in-event <InotifyEvent: src_path=b'/app/streamlit.log', wd=1, mask=IN_MODIFY, cookie=0, name='streamlit.log'>
2026-02-01 00:06:05,189 DEBUG [watchdog.observers.inotify_buffer:52] in-event <InotifyEvent: src_path=b'/app/streamlit.log', wd=1, mask=IN_MODIFY, cookie=0, name='streamlit.log'>
2026-02-01 00:06:05,189 DEBUG [watchdog.observers.inotify_buffer:52] in-event <InotifyEvent: src_path=b'/app/streamlit.log', wd=1, mask=IN_MODIFY, cookie=0, name='streamlit.log'>
2026-02-01 00:06:05,190 DEBUG [watchdog.observers.inotify_buffer:52] in-event <InotifyEvent: src_path=b'/app/streamlit.log', wd=1, mask=IN_MODIFY, cookie=0, name='streamlit.log'>
2026-02-01 00:06:05,190 DEBUG [watchdog.observers.inotify_buffer:52] in-event <InotifyEvent: src_path=b'/app/streamlit.log', wd=1, mask=IN_MODIFY, cookie=0, name='streamlit.log'>
2026-02-01 00:06:05,191 DEBUG [watchdog.observers.inotify_buffer:52] in-event <InotifyEvent: src_path=b'/app/streamlit.log', wd=1, mask=IN_MODIFY, cookie=0, name='streamlit.log'>
2026-02-01 00:06:05,191 DEBUG [watchdog.observers.inotify_buffer:52] in-event <InotifyEvent: src_path=b'/app/streamlit.log', wd=1, mask=IN_MODIFY, cookie=0, name='streamlit.log'>
2026-02-01 00:06:05,192 DEBUG [watchdog.observers.inotify_buffer:52] in-event <InotifyEvent: src_path=b'/app/streamlit.log', wd=1, mask=IN_MODIFY, cookie=0, name='streamlit.log'>
2026-02-01 00:06:05,192 DEBUG [watchdog.observers.inotify_buffer:52] in-event <InotifyEvent: src_path=b'/app/streamlit.log', wd=1, mask=IN_MODIFY, cookie=0, name='streamlit.log'>
2026-02-01 00:06:05,192 DEBUG [watchdog.observers.inotify_buffer:52] in-event <InotifyEvent: src_path=b'/app/streamlit.log', wd=1, mask=IN_MODIFY, cookie=0, name='streamlit.log'>
2026-02-01 00:06:05,193 DEBUG [watchdog.observers.inotify_buffer:52] in-event <InotifyEvent: src_path=b'/app/streamlit.log', wd=1, mask=IN_MODIFY, cookie=0, name='streamlit.log'>
2026-02-01 00:06:05,194 DEBUG [watchdog.observers.inotify_buffer:52] in-event <InotifyEvent: src_path=b'/app/streamlit.log', wd=1, mask=IN_MODIFY, cookie=0, name='streamlit.log'>
2026-02-01 00:06:05,194 DEBUG [watchdog.observers.inotify_buffer:52] in-event <InotifyEvent: src_path=b'/app/streamlit.log', wd=1, mask=IN_MODIFY, cookie=0, name='streamlit.log'>
2026-02-01 00:06:05,194 DEBUG [watchdog.observers.inotify_buffer:52] in-event <InotifyEvent: src_path=b'/app/streamlit.log', wd=1, mask=IN_MODIFY, cookie=0, name='streamlit.log'>
2026-02-01 00:06:05,195 DEBUG [watchdog.observers.inotify_buffer:52] in-event <InotifyEvent: src_path=b'/app/streamlit.log', wd=1, mask=IN_MODIFY, cookie=0, name='streamlit.log'>
2026-02-01 00:06:05,195 DEBUG [watchdog.observers.inotify_buffer:52] in-event <InotifyEvent: src_path=b'/app/streamlit.log', wd=1, mask=IN_MODIFY, cookie=0, name='streamlit.log'>
2026-02-01 00:06:05,196 DEBUG [watchdog.observers.inotify_buffer:52] in-event <InotifyEvent: src_path=b'/app/streamlit.log', wd=1, mask=IN_MODIFY, cookie=0, name='streamlit.log'>
2026-02-01 00:06:05,196 DEBUG [watchdog.observers.inotify_buffer:52] in-event <InotifyEvent: src_path=b'/app/streamlit.log', wd=1, mask=IN_MODIFY, cookie=0, name='streamlit.log'>
2026-02-01 00:06:05,196 DEBUG [watchdog.observers.inotify_buffer:52] in-event <InotifyEvent: src_path=b'/app/streamlit.log', wd=1, mask=IN_MODIFY, cookie=0, name='streamlit.log'>
2026-02-01 00:06:05,197 DEBUG [watchdog.observers.inotify_buffer:52] in-event <InotifyEvent: src_path=b'/app/streamlit.log', wd=1, mask=IN_MODIFY, cookie=0, name='streamlit.log'>
2026-02-01 00:06:05,198 DEBUG [watchdog.observers.inotify_buffer:52] in-event <InotifyEvent: src_path=b'/app/streamlit.log', wd=1, mask=IN_MODIFY, cookie=0, name='streamlit.log'>
2026-02-01 00:06:05,198 DEBUG [watchdog.observers.inotify_buffer:52] in-event <InotifyEvent: src_path=b'/app/streamlit.log', wd=1, mask=IN_MODIFY, cookie=0, name='streamlit.log'>
2026-02-01 00:06:05,199 DEBUG [watchdog.observers.inotify_buffer:52] in-event <InotifyEvent: src_path=b'/app/streamlit.log', wd=1, mask=IN_MODIFY, cookie=0, name='streamlit.log'>
2026-02-01 00:06:05,199 DEBUG [watchdog.observers.inotify_buffer:52] in-event <InotifyEvent: src_path=b'/app/streamlit.log', wd=1, mask=IN_MODIFY, cookie=0, name='streamlit.log'>
2026-02-01 00:06:05,199 DEBUG [watchdog.observers.inotify_buffer:52] in-event <InotifyEvent: src_path=b'/app/streamlit.log', wd=1, mask=IN_MODIFY, cookie=0, name='streamlit.log'>
2026-02-01 00:06:05,200 DEBUG [watchdog.observers.inotify_buffer:52] in-event <InotifyEvent: src_path=b'/app/streamlit.log', wd=1, mask=IN_MODIFY, cookie=0, name='streamlit.log'>
2026-02-01 00:06:05,200 DEBUG [watchdog.observers.inotify_buffer:52] in-event <InotifyEvent: src_path=b'/app/streamlit.log', wd=1, mask=IN_MODIFY, cookie=0, name='streamlit.log'>
2026-02-01 00:06:05,201 DEBUG [watchdog.observers.inotify_buffer:52] in-event <InotifyEvent: src_path=b'/app/streamlit.log', wd=1, mask=IN_MODIFY, cookie=0, name='streamlit.log'>
2026-02-01 00:06:05,201 DEBUG [watchdog.observers.inotify_buffer:52] in-event <InotifyEvent: src_path=b'/app/streamlit.log', wd=1, mask=IN_MODIFY, cookie=0, name='streamlit.log'>
2026-02-01 00:06:05,201 DEBUG [watchdog.observers.inotify_buffer:52] in-event <InotifyEvent: src_path=b'/app/streamlit.log', wd=1, mask=IN_MODIFY, cookie=0, name='streamlit.log'>
2026-02-01 00:06:05,202 DEBUG [watchdog.observers.inotify_buffer:52] in-event <InotifyEvent: src_path=b'/app/streamlit.log', wd=1, mask=IN_MODIFY, cookie=0, name='streamlit.log'>
2026-02-01 00:06:05,202 DEBUG [watchdog.observers.inotify_buffer:52] in-event <InotifyEvent: src_path=b'/app/streamlit.log', wd=1, mask=IN_MODIFY, cookie=0, name='streamlit.log'>
2026-02-01 00:06:05,203 DEBUG [watchdog.observers.inotify_buffer:52] in-event <InotifyEvent: src_path=b'/app/streamlit.log', wd=1, mask=IN_MODIFY, cookie=0, name='streamlit.log'>
2026-02-01 00:06:05,203 DEBUG [watchdog.observers.inotify_buffer:52] in-event <InotifyEvent: src_path=b'/app/streamlit.log', wd=1, mask=IN_MODIFY, cookie=0, name='streamlit.log'>
2026-02-01 00:06:05,203 DEBUG [watchdog.observers.inotify_buffer:52] in-event <InotifyEvent: src_path=b'/app/streamlit.log', wd=1, mask=IN_MODIFY, cookie=0, name='streamlit.log'>
2026-02-01 00:06:05,204 DEBUG [watchdog.observers.inotify_buffer:52] in-event <InotifyEvent: src_path=b'/app/streamlit.log', wd=1, mask=IN_MODIFY, cookie=0, name='streamlit.log'>
2026-02-01 00:06:05,204 DEBUG [watchdog.observers.inotify_buffer:52] in-event <InotifyEvent: src_path=b'/app/streamlit.log', wd=1, mask=IN_MODIFY, cookie=0, name='streamlit.log'>
2026-02-01 00:06:05,204 DEBUG [watchdog.observers.inotify_buffer:52] in-event <InotifyEvent: src_path=b'/app/streamlit.log', wd=1, mask=IN_MODIFY, cookie=0, name='streamlit.log'>
2026-02-01 00:06:05,205 DEBUG [watchdog.observers.inotify_buffer:52] in-event <InotifyEvent: src_path=b'/app/streamlit.log', wd=1, mask=IN_MODIFY, cookie=0, name='streamlit.log'>
2026-02-01 00:06:05,205 DEBUG [watchdog.observers.inotify_buffer:52] in-event <InotifyEvent: src_path=b'/app/streamlit.log', wd=1, mask=IN_MODIFY, cookie=0, name='streamlit.log'>
2026-02-01 00:06:05,205 DEBUG [watchdog.observers.inotify_buffer:52] in-event <InotifyEvent: src_path=b'/app/streamlit.log', wd=1, mask=IN_MODIFY, cookie=0, name='streamlit.log'>
2026-02-01 00:06:05,206 DEBUG [watchdog.observers.inotify_buffer:52] in-event <InotifyEvent: src_path=b'/app/streamlit.log', wd=1, mask=IN_MODIFY, cookie=0, name='streamlit.log'>
2026-02-01 00:06:05,206 DEBUG [watchdog.observers.inotify_buffer:52] in-event <InotifyEvent: src_path=b'/app/streamlit.log', wd=1, mask=IN_MODIFY, cookie=0, name='streamlit.log'>
2026-02-01 00:06:05,207 DEBUG [watchdog.observers.inotify_buffer:52] in-event <InotifyEvent: src_path=b'/app/streamlit.log', wd=1, mask=IN_MODIFY, cookie=0, name='streamlit.log'>
2026-02-01 00:06:05,207 DEBUG [watchdog.observers.inotify_buffer:52] in-event <InotifyEvent: src_path=b'/app/streamlit.log', wd=1, mask=IN_MODIFY, cookie=0, name='streamlit.log'>
2026-02-01 00:06:05,207 DEBUG [watchdog.observers.inotify_buffer:52] in-event <InotifyEvent: src_path=b'/app/streamlit.log', wd=1, mask=IN_MODIFY, cookie=0, name='streamlit.log'>
2026-02-01 00:06:05,208 DEBUG [watchdog.observers.inotify_buffer:52] in-event <InotifyEvent: src_path=b'/app/streamlit.log', wd=1, mask=IN_MODIFY, cookie=0, name='streamlit.log'>
2026-02-01 00:06:05,208 DEBUG [watchdog.observers.inotify_buffer:52] in-event <InotifyEvent: src_path=b'/app/streamlit.log', wd=1, mask=IN_MODIFY, cookie=0, name='streamlit.log'>
2026-02-01 00:06:05,208 DEBUG [watchdog.observers.inotify_buffer:52] in-event <InotifyEvent: src_path=b'/app/streamlit.log', wd=1, mask=IN_MODIFY, cookie=0, name='streamlit.log'>
2026-02-01 00:06:05,209 DEBUG [watchdog.observers.inotify_buffer:52] in-event <InotifyEvent: src_path=b'/app/streamlit.log', wd=1, mask=IN_MODIFY, cookie=0, name='streamlit.log'>
2026-02-01 00:06:05,210 DEBUG [watchdog.observers.inotify_buffer:52] in-event <InotifyEvent: src_path=b'/app/streamlit.log', wd=1, mask=IN_MODIFY, cookie=0, name='streamlit.log'>
2026-02-01 00:06:05,211 DEBUG [watchdog.observers.inotify_buffer:52] in-event <InotifyEvent: src_path=b'/app/streamlit.log', wd=1, mask=IN_MODIFY, cookie=0, name='streamlit.log'>
2026-02-01 00:06:05,211 DEBUG [watchdog.observers.inotify_buffer:52] in-event <InotifyEvent: src_path=b'/app/streamlit.log', wd=1, mask=IN_MODIFY, cookie=0, name='streamlit.log'>
2026-02-01 00:06:05,211 DEBUG [watchdog.observers.inotify_buffer:52] in-event <InotifyEvent: src_path=b'/app/streamlit.log', wd=1, mask=IN_MODIFY, cookie=0, name='streamlit.log'>
2026-02-01 00:06:05,212 DEBUG [watchdog.observers.inotify_buffer:52] in-event <InotifyEvent: src_path=b'/app/streamlit.log', wd=1, mask=IN_MODIFY, cookie=0, name='streamlit.log'>
2026-02-01 00:06:05,212 DEBUG [watchdog.observers.inotify_buffer:52] in-event <InotifyEvent: src_path=b'/app/streamlit.log', wd=1, mask=IN_MODIFY, cookie=0, name='streamlit.log'>
2026-02-01 00:06:05,213 DEBUG [watchdog.observers.inotify_buffer:52] in-event <InotifyEvent: src_path=b'/app/streamlit.log', wd=1, mask=IN_MODIFY, cookie=0, name='streamlit.log'>
2026-02-01 00:06:05,214 DEBUG [watchdog.observers.inotify_buffer:52] in-event <InotifyEvent: src_path=b'/app/streamlit.log', wd=1, mask=IN_MODIFY, cookie=0, name='streamlit.log'>
2026-02-01 00:06:05,214 DEBUG [watchdog.observers.inotify_buffer:52] in-event <InotifyEvent: src_path=b'/app/streamlit.log', wd=1, mask=IN_MODIFY, cookie=0, name='streamlit.log'>
2026-02-01 00:06:05,214 DEBUG [watchdog.observers.inotify_buffer:52] in-event <InotifyEvent: src_path=b'/app/streamlit.log', wd=1, mask=IN_MODIFY, cookie=0, name='streamlit.log'>
2026-02-01 00:06:05,215 DEBUG [watchdog.observers.inotify_buffer:52] in-event <InotifyEvent: src_path=b'/app/streamlit.log', wd=1, mask=IN_MODIFY, cookie=0, name='streamlit.log'>
2026-02-01 00:06:05,215 DEBUG [watchdog.observers.inotify_buffer:52] in-event <InotifyEvent: src_path=b'/app/streamlit.log', wd=1, mask=IN_MODIFY, cookie=0, name='streamlit.log'>
2026-02-01 00:06:05,215 DEBUG [watchdog.observers.inotify_buffer:52] in-event <InotifyEvent: src_path=b'/app/streamlit.log', wd=1, mask=IN_MODIFY, cookie=0, name='streamlit.log'>
2026-02-01 00:06:05,216 DEBUG [watchdog.observers.inotify_buffer:52] in-event <InotifyEvent: src_path=b'/app/streamlit.log', wd=1, mask=IN_MODIFY, cookie=0, name='streamlit.log'>
2026-02-01 00:06:05,216 DEBUG [watchdog.observers.inotify_buffer:52] in-event <InotifyEvent: src_path=b'/app/streamlit.log', wd=1, mask=IN_MODIFY, cookie=0, name='streamlit.log'>
2026-02-01 00:06:05,216 DEBUG [watchdog.observers.inotify_buffer:52] in-event <InotifyEvent: src_path=b'/app/streamlit.log', wd=1, mask=IN_MODIFY, cookie=0, name='streamlit.log'>
2026-02-01 00:06:05,217 DEBUG [watchdog.observers.inotify_buffer:52] in-event <InotifyEvent: src_path=b'/app/streamlit.log', wd=1, mask=IN_MODIFY, cookie=0, name='streamlit.log'>
2026-02-01 00:06:05,217 DEBUG [watchdog.observers.inotify_buffer:52] in-event <InotifyEvent: src_path=b'/app/streamlit.log', wd=1, mask=IN_MODIFY, cookie=0, name='streamlit.log'>
2026-02-01 00:06:05,218 DEBUG [watchdog.observers.inotify_buffer:52] in-event <InotifyEvent: src_path=b'/app/streamlit.log', wd=1, mask=IN_MODIFY, cookie=0, name='streamlit.log'>
2026-02-01 00:06:05,218 DEBUG [watchdog.observers.inotify_buffer:52] in-event <InotifyEvent: src_path=b'/app/streamlit.log', wd=1, mask=IN_MODIFY, cookie=0, name='streamlit.log'>
2026-02-01 00:06:05,218 DEBUG [watchdog.observers.inotify_buffer:52] in-event <InotifyEvent: src_path=b'/app/streamlit.log', wd=1, mask=IN_MODIFY, cookie=0, name='streamlit.log'>
2026-02-01 00:06:05,219 DEBUG [watchdog.observers.inotify_buffer:52] in-event <InotifyEvent: src_path=b'/app/streamlit.log', wd=1, mask=IN_MODIFY, cookie=0, name='streamlit.log'>
2026-02-01 00:06:05,219 DEBUG [watchdog.observers.inotify_buffer:52] in-event <InotifyEvent: src_path=b'/app/streamlit.log', wd=1, mask=IN_MODIFY, cookie=0, name='streamlit.log'>
2026-02-01 00:06:05,219 DEBUG [watchdog.observers.inotify_buffer:52] in-event <InotifyEvent: src_path=b'/app/streamlit.log', wd=1, mask=IN_MODIFY, cookie=0, name='streamlit.log'>
2026-02-01 00:06:05,220 DEBUG [watchdog.observers.inotify_buffer:52] in-event <InotifyEvent: src_path=b'/app/streamlit.log', wd=1, mask=IN_MODIFY, cookie=0, name='streamlit.log'>
2026-02-01 00:06:05,220 DEBUG [watchdog.observers.inotify_buffer:52] in-event <InotifyEvent: src_path=b'/app/streamlit.log', wd=1, mask=IN_MODIFY, cookie=0, name='streamlit.log'>
2026-02-01 00:06:05,220 DEBUG [watchdog.observers.inotify_buffer:52] in-event <InotifyEvent: src_path=b'/app/streamlit.log', wd=1, mask=IN_MODIFY, cookie=0, name='streamlit.log'>
2026-02-01 00:06:05,221 DEBUG [watchdog.observers.inotify_buffer:52] in-event <InotifyEvent: src_path=b'/app/streamlit.log', wd=1, mask=IN_MODIFY, cookie=0, name='streamlit.log'>
2026-02-01 00:06:05,221 DEBUG [watchdog.observers.inotify_buffer:52] in-event <InotifyEvent: src_path=b'/app/streamlit.log', wd=1, mask=IN_MODIFY, cookie=0, name='streamlit.log'>
2026-02-01 00:06:05,222 DEBUG [watchdog.observers.inotify_buffer:52] in-event <InotifyEvent: src_path=b'/app/streamlit.log', wd=1, mask=IN_MODIFY, cookie=0, name='streamlit.log'>
2026-02-01 00:06:05,223 DEBUG [watchdog.observers.inotify_buffer:52] in-event <InotifyEvent: src_path=b'/app/streamlit.log', wd=1, mask=IN_MODIFY, cookie=0, name='streamlit.log'>
2026-02-01 00:06:05,223 DEBUG [watchdog.observers.inotify_buffer:52] in-event <InotifyEvent: src_path=b'/app/streamlit.log', wd=1, mask=IN_MODIFY, cookie=0, name='streamlit.log'>
2026-02-01 00:06:05,223 DEBUG [watchdog.observers.inotify_buffer:52] in-event <InotifyEvent: src_path=b'/app/streamlit.log', wd=1, mask=IN_MODIFY, cookie=0, name='streamlit.log'>
2026-02-01 00:06:05,224 DEBUG [watchdog.observers.inotify_buffer:52] in-event <InotifyEvent: src_path=b'/app/streamlit.log', wd=1, mask=IN_MODIFY, cookie=0, name='streamlit.log'>
2026-02-01 00:06:05,224 DEBUG [watchdog.observers.inotify_buffer:52] in-event <InotifyEvent: src_path=b'/app/streamlit.log', wd=1, mask=IN_MODIFY, cookie=0, name='streamlit.log'>
2026-02-01 00:06:05,224 DEBUG [watchdog.observers.inotify_buffer:52] in-event <InotifyEvent: src_path=b'/app/streamlit.log', wd=1, mask=IN_MODIFY, cookie=0, name='streamlit.log'>
2026-02-01 00:06:05,225 DEBUG [watchdog.observers.inotify_buffer:52] in-event <InotifyEvent: src_path=b'/app/streamlit.log', wd=1, mask=IN_MODIFY, cookie=0, name='streamlit.log'>
2026-02-01 00:06:05,225 DEBUG [watchdog.observers.inotify_buffer:52] in-event <InotifyEvent: src_path=b'/app/streamlit.log', wd=1, mask=IN_MODIFY, cookie=0, name='streamlit.log'>
2026-02-01 00:06:05,225 DEBUG [watchdog.observers.inotify_buffer:52] in-event <InotifyEvent: src_path=b'/app/streamlit.log', wd=1, mask=IN_MODIFY, cookie=0, name='streamlit.log'>
2026-02-01 00:06:05,226 DEBUG [watchdog.observers.inotify_buffer:52] in-event <InotifyEvent: src_path=b'/app/streamlit.log', wd=1, mask=IN_MODIFY, cookie=0, name='streamlit.log'>
2026-02-01 00:06:05,226 DEBUG [watchdog.observers.inotify_buffer:52] in-event <InotifyEvent: src_path=b'/app/streamlit.log', wd=1, mask=IN_MODIFY, cookie=0, name='streamlit.log'>
2026-02-01 00:06:05,226 DEBUG [watchdog.observers.inotify_buffer:52] in-event <InotifyEvent: src_path=b'/app/streamlit.log', wd=1, mask=IN_MODIFY, cookie=0, name='streamlit.log'>
2026-02-01 00:06:05,227 DEBUG [watchdog.observers.inotify_buffer:52] in-event <InotifyEvent: src_path=b'/app/streamlit.log', wd=1, mask=IN_MODIFY, cookie=0, name='streamlit.log'>
2026-02-01 00:06:05,227 DEBUG [watchdog.observers.inotify_buffer:52] in-event <InotifyEvent: src_path=b'/app/streamlit.log', wd=1, mask=IN_MODIFY, cookie=0, name='streamlit.log'>
2026-02-01 00:06:05,227 DEBUG [watchdog.observers.inotify_buffer:52] in-event <InotifyEvent: src_path=b'/app/streamlit.log', wd=1, mask=IN_MODIFY, cookie=0, name='streamlit.log'>
2026-02-01 00:06:05,228 DEBUG [watchdog.observers.inotify_buffer:52] in-event <InotifyEvent: src_path=b'/app/streamlit.log', wd=1, mask=IN_MODIFY, cookie=0, name='streamlit.log'>
2026-02-01 00:06:05,228 DEBUG [watchdog.observers.inotify_buffer:52] in-event <InotifyEvent: src_path=b'/app/streamlit.log', wd=1, mask=IN_MODIFY, cookie=0, name='streamlit.log'>
2026-02-01 00:06:05,229 DEBUG [watchdog.observers.inotify_buffer:52] in-event <InotifyEvent: src_path=b'/app/streamlit.log', wd=1, mask=IN_MODIFY, cookie=0, name='streamlit.log'>
2026-02-01 00:06:05,229 DEBUG [watchdog.observers.inotify_buffer:52] in-event <InotifyEvent: src_path=b'/app/streamlit.log', wd=1, mask=IN_MODIFY, cookie=0, name='streamlit.log'>
2026-02-01 00:06:05,230 DEBUG [watchdog.observers.inotify_buffer:52] in-event <InotifyEvent: src_path=b'/app/streamlit.log', wd=1, mask=IN_MODIFY, cookie=0, name='streamlit.log'>
2026-02-01 00:06:05,230 DEBUG [watchdog.observers.inotify_buffer:52] in-event <InotifyEvent: src_path=b'/app/streamlit.log', wd=1, mask=IN_MODIFY, cookie=0, name='streamlit.log'>
2026-02-01 00:06:05,231 DEBUG [watchdog.observers.inotify_buffer:52] in-event <InotifyEvent: src_path=b'/app/streamlit.log', wd=1, mask=IN_MODIFY, cookie=0, name='streamlit.log'>
2026-02-01 00:06:05,231 DEBUG [watchdog.observers.inotify_buffer:52] in-event <InotifyEvent: src_path=b'/app/streamlit.log', wd=1, mask=IN_MODIFY, cookie=0, name='streamlit.log'>
2026-02-01 00:06:05,231 DEBUG [watchdog.observers.inotify_buffer:52] in-event <InotifyEvent: src_path=b'/app/streamlit.log', wd=1, mask=IN_MODIFY, cookie=0, name='streamlit.log'>
2026-02-01 00:06:05,232 DEBUG [watchdog.observers.inotify_buffer:52] in-event <InotifyEvent: src_path=b'/app/streamlit.log', wd=1, mask=IN_MODIFY, cookie=0, name='streamlit.log'>
2026-02-01 00:06:05,233 DEBUG [watchdog.observers.inotify_buffer:52] in-event <InotifyEvent: src_path=b'/app/streamlit.log', wd=1, mask=IN_MODIFY, cookie=0, name='streamlit.log'>
2026-02-01 00:06:05,234 DEBUG [watchdog.observers.inotify_buffer:52] in-event <InotifyEvent: src_path=b'/app/streamlit.log', wd=1, mask=IN_MODIFY, cookie=0, name='streamlit.log'>
2026-02-01 00:06:05,234 DEBUG [watchdog.observers.inotify_buffer:52] in-event <InotifyEvent: src_path=b'/app/streamlit.log', wd=1, mask=IN_MODIFY, cookie=0, name='streamlit.log'>
2026-02-01 00:06:05,234 DEBUG [watchdog.observers.inotify_buffer:52] in-event <InotifyEvent: src_path=b'/app/streamlit.log', wd=1, mask=IN_MODIFY, cookie=0, name='streamlit.log'>
2026-02-01 00:06:05,235 DEBUG [watchdog.observers.inotify_buffer:52] in-event <InotifyEvent: src_path=b'/app/streamlit.log', wd=1, mask=IN_MODIFY, cookie=0, name='streamlit.log'>
2026-02-01 00:06:05,235 DEBUG [watchdog.observers.inotify_buffer:52] in-event <InotifyEvent: src_path=b'/app/streamlit.log', wd=1, mask=IN_MODIFY, cookie=0, name='streamlit.log'>
2026-02-01 00:06:05,236 DEBUG [watchdog.observers.inotify_buffer:52] in-event <InotifyEvent: src_path=b'/app/streamlit.log', wd=1, mask=IN_MODIFY, cookie=0, name='streamlit.log'>
2026-02-01 00:06:05,236 DEBUG [watchdog.observers.inotify_buffer:52] in-event <InotifyEvent: src_path=b'/app/streamlit.log', wd=1, mask=IN_MODIFY, cookie=0, name='streamlit.log'>
2026-02-01 00:06:05,236 DEBUG [watchdog.observers.inotify_buffer:52] in-event <InotifyEvent: src_path=b'/app/streamlit.log', wd=1, mask=IN_MODIFY, cookie=0, name='streamlit.log'>
2026-02-01 00:06:05,237 DEBUG [watchdog.observers.inotify_buffer:52] in-event <InotifyEvent: src_path=b'/app/streamlit.log', wd=1, mask=IN_MODIFY, cookie=0, name='streamlit.log'>
2026-02-01 00:06:05,237 DEBUG [watchdog.observers.inotify_buffer:52] in-event <InotifyEvent: src_path=b'/app/streamlit.log', wd=1, mask=IN_MODIFY, cookie=0, name='streamlit.log'>
2026-02-01 00:06:05,237 DEBUG [watchdog.observers.inotify_buffer:52] in-event <InotifyEvent: src_path=b'/app/streamlit.log', wd=1, mask=IN_MODIFY, cookie=0, name='streamlit.log'>
2026-02-01 00:06:05,238 DEBUG [watchdog.observers.inotify_buffer:52] in-event <InotifyEvent: src_path=b'/app/streamlit.log', wd=1, mask=IN_MODIFY, cookie=0, name='streamlit.log'>
2026-02-01 00:06:05,238 DEBUG [watchdog.observers.inotify_buffer:52] in-event <InotifyEvent: src_path=b'/app/streamlit.log', wd=1, mask=IN_MODIFY, cookie=0, name='streamlit.log'>
2026-02-01 00:06:05,239 DEBUG [watchdog.observers.inotify_buffer:52] in-event <InotifyEvent: src_path=b'/app/streamlit.log', wd=1, mask=IN_MODIFY, cookie=0, name='streamlit.log'>
2026-02-01 00:06:05,239 DEBUG [watchdog.observers.inotify_buffer:52] in-event <InotifyEvent: src_path=b'/app/streamlit.log', wd=1, mask=IN_MODIFY, cookie=0, name='streamlit.log'>
2026-02-01 00:06:05,239 DEBUG [watchdog.observers.inotify_buffer:52] in-event <InotifyEvent: src_path=b'/app/streamlit.log', wd=1, mask=IN_MODIFY, cookie=0, name='streamlit.log'>
2026-02-01 00:06:05,240 DEBUG [watchdog.observers.inotify_buffer:52] in-event <InotifyEvent: src_path=b'/app/streamlit.log', wd=1, mask=IN_MODIFY, cookie=0, name='streamlit.log'>
2026-02-01 00:06:05,240 DEBUG [watchdog.observers.inotify_buffer:52] in-event <InotifyEvent: src_path=b'/app/streamlit.log', wd=1, mask=IN_MODIFY, cookie=0, name='streamlit.log'>
2026-02-01 00:06:05,240 DEBUG [watchdog.observers.inotify_buffer:52] in-event <InotifyEvent: src_path=b'/app/streamlit.log', wd=1, mask=IN_MODIFY, cookie=0, name='streamlit.log'>
2026-02-01 00:06:05,241 DEBUG [watchdog.observers.inotify_buffer:52] in-event <InotifyEvent: src_path=b'/app/streamlit.log', wd=1, mask=IN_MODIFY, cookie=0, name='streamlit.log'>
2026-02-01 00:06:05,241 DEBUG [watchdog.observers.inotify_buffer:52] in-event <InotifyEvent: src_path=b'/app/streamlit.log', wd=1, mask=IN_MODIFY, cookie=0, name='streamlit.log'>
2026-02-01 00:06:05,241 DEBUG [watchdog.observers.inotify_buffer:52] in-event <InotifyEvent: src_path=b'/app/streamlit.log', wd=1, mask=IN_MODIFY, cookie=0, name='streamlit.log'>
2026-02-01 00:06:05,242 DEBUG [watchdog.observers.inotify_buffer:52] in-event <InotifyEvent: src_path=b'/app/streamlit.log', wd=1, mask=IN_MODIFY, cookie=0, name='streamlit.log'>
2026-02-01 00:06:05,242 DEBUG [watchdog.observers.inotify_buffer:52] in-event <InotifyEvent: src_path=b'/app/streamlit.log', wd=1, mask=IN_MODIFY, cookie=0, name='streamlit.log'>
2026-02-01 00:06:05,242 DEBUG [watchdog.observers.inotify_buffer:52] in-event <InotifyEvent: src_path=b'/app/streamlit.log', wd=1, mask=IN_MODIFY, cookie=0, name='streamlit.log'>
2026-02-01 00:06:05,243 DEBUG [watchdog.observers.inotify_buffer:52] in-event <InotifyEvent: src_path=b'/app/streamlit.log', wd=1, mask=IN_MODIFY, cookie=0, name='streamlit.log'>
2026-02-01 00:06:05,243 DEBUG [watchdog.observers.inotify_buffer:52] in-event <InotifyEvent: src_path=b'/app/streamlit.log', wd=1, mask=IN_MODIFY, cookie=0, name='streamlit.log'>
2026-02-01 00:06:05,244 DEBUG [watchdog.observers.inotify_buffer:52] in-event <InotifyEvent: src_path=b'/app/streamlit.log', wd=1, mask=IN_MODIFY, cookie=0, name='streamlit.log'>
2026-02-01 00:06:05,244 DEBUG [watchdog.observers.inotify_buffer:52] in-event <InotifyEvent: src_path=b'/app/streamlit.log', wd=1, mask=IN_MODIFY, cookie=0, name='streamlit.log'>
2026-02-01 00:06:05,244 DEBUG [watchdog.observers.inotify_buffer:52] in-event <InotifyEvent: src_path=b'/app/streamlit.log', wd=1, mask=IN_MODIFY, cookie=0, name='streamlit.log'>
2026-02-01 00:06:05,245 DEBUG [watchdog.observers.inotify_buffer:52] in-event <InotifyEvent: src_path=b'/app/streamlit.log', wd=1, mask=IN_MODIFY, cookie=0, name='streamlit.log'>
2026-02-01 00:06:05,245 DEBUG [watchdog.observers.inotify_buffer:52] in-event <InotifyEvent: src_path=b'/app/streamlit.log', wd=1, mask=IN_MODIFY, cookie=0, name='streamlit.log'>
2026-02-01 00:06:05,246 DEBUG [watchdog.observers.inotify_buffer:52] in-event <InotifyEvent: src_path=b'/app/streamlit.log', wd=1, mask=IN_MODIFY, cookie=0, name='streamlit.log'>
2026-02-01 00:06:05,246 DEBUG [watchdog.observers.inotify_buffer:52] in-event <InotifyEvent: src_path=b'/app/streamlit.log', wd=1, mask=IN_MODIFY, cookie=0, name='streamlit.log'>
2026-02-01 00:06:05,247 DEBUG [watchdog.observers.inotify_buffer:52] in-event <InotifyEvent: src_path=b'/app/streamlit.log', wd=1, mask=IN_MODIFY, cookie=0, name='streamlit.log'>
2026-02-01 00:06:05,248 DEBUG [watchdog.observers.inotify_buffer:52] in-event <InotifyEvent: src_path=b'/app/streamlit.log', wd=1, mask=IN_MODIFY, cookie=0, name='streamlit.log'>
2026-02-01 00:06:05,248 DEBUG [watchdog.observers.inotify_buffer:52] in-event <InotifyEvent: src_path=b'/app/streamlit.log', wd=1, mask=IN_MODIFY, cookie=0, name='streamlit.log'>
2026-02-01 00:06:05,248 DEBUG [watchdog.observers.inotify_buffer:52] in-event <InotifyEvent: src_path=b'/app/streamlit.log', wd=1, mask=IN_MODIFY, cookie=0, name='streamlit.log'>
2026-02-01 00:06:05,249 DEBUG [watchdog.observers.inotify_buffer:52] in-event <InotifyEvent: src_path=b'/app/streamlit.log', wd=1, mask=IN_MODIFY, cookie=0, name='streamlit.log'>
2026-02-01 00:06:05,249 DEBUG [watchdog.observers.inotify_buffer:52] in-event <InotifyEvent: src_path=b'/app/streamlit.log', wd=1, mask=IN_MODIFY, cookie=0, name='streamlit.log'>
2026-02-01 00:06:05,249 DEBUG [watchdog.observers.inotify_buffer:52] in-event <InotifyEvent: src_path=b'/app/streamlit.log', wd=1, mask=IN_MODIFY, cookie=0, name='streamlit.log'>
2026-02-01 00:06:05,250 DEBUG [watchdog.observers.inotify_buffer:52] in-event <InotifyEvent: src_path=b'/app/streamlit.log', wd=1, mask=IN_MODIFY, cookie=0, name='streamlit.log'>
2026-02-01 00:06:05,250 DEBUG [watchdog.observers.inotify_buffer:52] in-event <InotifyEvent: src_path=b'/app/streamlit.log', wd=1, mask=IN_MODIFY, cookie=0, name='streamlit.log'>
2026-02-01 00:06:05,251 DEBUG [watchdog.observers.inotify_buffer:52] in-event <InotifyEvent: src_path=b'/app/streamlit.log', wd=1, mask=IN_MODIFY, cookie=0, name='streamlit.log'>
2026-02-01 00:06:05,251 DEBUG [watchdog.observers.inotify_buffer:52] in-event <InotifyEvent: src_path=b'/app/streamlit.log', wd=1, mask=IN_MODIFY, cookie=0, name='streamlit.log'>
2026-02-01 00:06:05,251 DEBUG [watchdog.observers.inotify_buffer:52] in-event <InotifyEvent: src_path=b'/app/streamlit.log', wd=1, mask=IN_MODIFY, cookie=0, name='streamlit.log'>
2026-02-01 00:06:05,252 DEBUG [watchdog.observers.inotify_buffer:52] in-event <InotifyEvent: src_path=b'/app/streamlit.log', wd=1, mask=IN_MODIFY, cookie=0, name='streamlit.log'>
2026-02-01 00:06:05,252 DEBUG [watchdog.observers.inotify_buffer:52] in-event <InotifyEvent: src_path=b'/app/streamlit.log', wd=1, mask=IN_MODIFY, cookie=0, name='streamlit.log'>
2026-02-01 00:06:05,252 DEBUG [watchdog.observers.inotify_buffer:52] in-event <InotifyEvent: src_path=b'/app/streamlit.log', wd=1, mask=IN_MODIFY, cookie=0, name='streamlit.log'>
2026-02-01 00:06:05,253 DEBUG [watchdog.observers.inotify_buffer:52] in-event <InotifyEvent: src_path=b'/app/streamlit.log', wd=1, mask=IN_MODIFY, cookie=0, name='streamlit.log'>
2026-02-01 00:06:05,253 DEBUG [watchdog.observers.inotify_buffer:52] in-event <InotifyEvent: src_path=b'/app/streamlit.log', wd=1, mask=IN_MODIFY, cookie=0, name='streamlit.log'>
2026-02-01 00:06:05,254 DEBUG [watchdog.observers.inotify_buffer:52] in-event <InotifyEvent: src_path=b'/app/streamlit.log', wd=1, mask=IN_MODIFY, cookie=0, name='streamlit.log'>
2026-02-01 00:06:05,254 DEBUG [watchdog.observers.inotify_buffer:52] in-event <InotifyEvent: src_path=b'/app/streamlit.log', wd=1, mask=IN_MODIFY, cookie=0, name='streamlit.log'>
2026-02-01 00:06:05,255 DEBUG [watchdog.observers.inotify_buffer:52] in-event <InotifyEvent: src_path=b'/app/streamlit.log', wd=1, mask=IN_MODIFY, cookie=0, name='streamlit.log'>
2026-02-01 00:06:05,255 DEBUG [watchdog.observers.inotify_buffer:52] in-event <InotifyEvent: src_path=b'/app/streamlit.log', wd=1, mask=IN_MODIFY, cookie=0, name='streamlit.log'>
2026-02-01 00:06:05,255 DEBUG [watchdog.observers.inotify_buffer:52] in-event <InotifyEvent: src_path=b'/app/streamlit.log', wd=1, mask=IN_MODIFY, cookie=0, name='streamlit.log'>
2026-02-01 00:06:05,256 DEBUG [watchdog.observers.inotify_buffer:52] in-event <InotifyEvent: src_path=b'/app/streamlit.log', wd=1, mask=IN_MODIFY, cookie=0, name='streamlit.log'>
2026-02-01 00:06:05,256 DEBUG [watchdog.observers.inotify_buffer:52] in-event <InotifyEvent: src_path=b'/app/streamlit.log', wd=1, mask=IN_MODIFY, cookie=0, name='streamlit.log'>
2026-02-01 00:06:05,256 DEBUG [watchdog.observers.inotify_buffer:52] in-event <InotifyEvent: src_path=b'/app/streamlit.log', wd=1, mask=IN_MODIFY, cookie=0, name='streamlit.log'>
2026-02-01 00:06:05,257 DEBUG [watchdog.observers.inotify_buffer:52] in-event <InotifyEvent: src_path=b'/app/streamlit.log', wd=1, mask=IN_MODIFY, cookie=0, name='streamlit.log'>
2026-02-01 00:06:05,257 DEBUG [watchdog.observers.inotify_buffer:52] in-event <InotifyEvent: src_path=b'/app/streamlit.log', wd=1, mask=IN_MODIFY, cookie=0, name='streamlit.log'>
2026-02-01 00:06:05,257 DEBUG [watchdog.observers.inotify_buffer:52] in-event <InotifyEvent: src_path=b'/app/streamlit.log', wd=1, mask=IN_MODIFY, cookie=0, name='streamlit.log'>
2026-02-01 00:06:05,258 DEBUG [watchdog.observers.inotify_buffer:52] in-event <InotifyEvent: src_path=b'/app/streamlit.log', wd=1, mask=IN_MODIFY, cookie=0, name='streamlit.log'>
2026-02-01 00:06:05,258 DEBUG [watchdog.observers.inotify_buffer:52] in-event <InotifyEvent: src_path=b'/app/streamlit.log', wd=1, mask=IN_MODIFY, cookie=0, name='streamlit.log'>
2026-02-01 00:06:05,258 DEBUG [watchdog.observers.inotify_buffer:52] in-event <InotifyEvent: src_path=b'/app/streamlit.log', wd=1, mask=IN_MODIFY, cookie=0, name='streamlit.log'>
2026-02-01 00:06:05,259 DEBUG [watchdog.observers.inotify_buffer:52] in-event <InotifyEvent: src_path=b'/app/streamlit.log', wd=1, mask=IN_MODIFY, cookie=0, name='streamlit.log'>
2026-02-01 00:06:05,260 DEBUG [watchdog.observers.inotify_buffer:52] in-event <InotifyEvent: src_path=b'/app/streamlit.log', wd=1, mask=IN_MODIFY, cookie=0, name='streamlit.log'>
2026-02-01 00:06:05,260 DEBUG [watchdog.observers.inotify_buffer:52] in-event <InotifyEvent: src_path=b'/app/streamlit.log', wd=1, mask=IN_MODIFY, cookie=0, name='streamlit.log'>
2026-02-01 00:06:05,260 DEBUG [watchdog.observers.inotify_buffer:52] in-event <InotifyEvent: src_path=b'/app/streamlit.log', wd=1, mask=IN_MODIFY, cookie=0, name='streamlit.log'>
2026-02-01 00:06:05,261 DEBUG [watchdog.observers.inotify_buffer:52] in-event <InotifyEvent: src_path=b'/app/streamlit.log', wd=1, mask=IN_MODIFY, cookie=0, name='streamlit.log'>
2026-02-01 00:06:05,261 DEBUG [watchdog.observers.inotify_buffer:52] in-event <InotifyEvent: src_path=b'/app/streamlit.log', wd=1, mask=IN_MODIFY, cookie=0, name='streamlit.log'>
2026-02-01 00:06:05,262 DEBUG [watchdog.observers.inotify_buffer:52] in-event <InotifyEvent: src_path=b'/app/streamlit.log', wd=1, mask=IN_MODIFY, cookie=0, name='streamlit.log'>
2026-02-01 00:06:05,262 DEBUG [watchdog.observers.inotify_buffer:52] in-event <InotifyEvent: src_path=b'/app/streamlit.log', wd=1, mask=IN_MODIFY, cookie=0, name='streamlit.log'>
2026-02-01 00:06:05,262 DEBUG [watchdog.observers.inotify_buffer:52] in-event <InotifyEvent: src_path=b'/app/streamlit.log', wd=1, mask=IN_MODIFY, cookie=0, name='streamlit.log'>
2026-02-01 00:06:05,263 DEBUG [watchdog.observers.inotify_buffer:52] in-event <InotifyEvent: src_path=b'/app/streamlit.log', wd=1, mask=IN_MODIFY, cookie=0, name='streamlit.log'>
2026-02-01 00:06:05,263 DEBUG [watchdog.observers.inotify_buffer:52] in-event <InotifyEvent: src_path=b'/app/streamlit.log', wd=1, mask=IN_MODIFY, cookie=0, name='streamlit.log'>
2026-02-01 00:06:05,263 DEBUG [watchdog.observers.inotify_buffer:52] in-event <InotifyEvent: src_path=b'/app/streamlit.log', wd=1, mask=IN_MODIFY, cookie=0, name='streamlit.log'>
2026-02-01 00:06:05,264 DEBUG [watchdog.observers.inotify_buffer:52] in-event <InotifyEvent: src_path=b'/app/streamlit.log', wd=1, mask=IN_MODIFY, cookie=0, name='streamlit.log'>
2026-02-01 00:06:05,264 DEBUG [watchdog.observers.inotify_buffer:52] in-event <InotifyEvent: src_path=b'/app/node_modules/playwright-core/lib/client/fetch.js', wd=30, mask=IN_OPEN, cookie=0, name='fetch.js'>
2026-02-01 00:06:05,264 DEBUG [watchdog.observers.inotify_buffer:52] in-event <InotifyEvent: src_path=b'/app/node_modules/playwright-core/lib/client/fetch.js', wd=30, mask=IN_CLOSE_NOWRITE, cookie=0, name='fetch.js'>
2026-02-01 00:06:05,264 DEBUG [watchdog.observers.inotify_buffer:52] in-event <InotifyEvent: src_path=b'/app/streamlit.log', wd=1, mask=IN_MODIFY, cookie=0, name='streamlit.log'>
2026-02-01 00:06:05,265 DEBUG [watchdog.observers.inotify_buffer:52] in-event <InotifyEvent: src_path=b'/app/streamlit.log', wd=1, mask=IN_MODIFY, cookie=0, name='streamlit.log'>
2026-02-01 00:06:05,266 DEBUG [watchdog.observers.inotify_buffer:52] in-event <InotifyEvent: src_path=b'/app/streamlit.log', wd=1, mask=IN_MODIFY, cookie=0, name='streamlit.log'>
2026-02-01 00:06:05,266 DEBUG [watchdog.observers.inotify_buffer:52] in-event <InotifyEvent: src_path=b'/app/streamlit.log', wd=1, mask=IN_MODIFY, cookie=0, name='streamlit.log'>
2026-02-01 00:06:05,267 DEBUG [watchdog.observers.inotify_buffer:52] in-event <InotifyEvent: src_path=b'/app/streamlit.log', wd=1, mask=IN_MODIFY, cookie=0, name='streamlit.log'>
2026-02-01 00:06:05,267 DEBUG [watchdog.observers.inotify_buffer:52] in-event <InotifyEvent: src_path=b'/app/streamlit.log', wd=1, mask=IN_MODIFY, cookie=0, name='streamlit.log'>
2026-02-01 00:06:05,267 DEBUG [watchdog.observers.inotify_buffer:52] in-event <InotifyEvent: src_path=b'/app/streamlit.log', wd=1, mask=IN_MODIFY, cookie=0, name='streamlit.log'>
2026-02-01 00:06:05,268 DEBUG [watchdog.observers.inotify_buffer:52] in-event <InotifyEvent: src_path=b'/app/streamlit.log', wd=1, mask=IN_MODIFY, cookie=0, name='streamlit.log'>
2026-02-01 00:06:05,268 DEBUG [watchdog.observers.inotify_buffer:52] in-event <InotifyEvent: src_path=b'/app/streamlit.log', wd=1, mask=IN_MODIFY, cookie=0, name='streamlit.log'>
2026-02-01 00:06:05,268 DEBUG [watchdog.observers.inotify_buffer:52] in-event <InotifyEvent: src_path=b'/app/streamlit.log', wd=1, mask=IN_MODIFY, cookie=0, name='streamlit.log'>
2026-02-01 00:06:05,269 DEBUG [watchdog.observers.inotify_buffer:52] in-event <InotifyEvent: src_path=b'/app/streamlit.log', wd=1, mask=IN_MODIFY, cookie=0, name='streamlit.log'>
2026-02-01 00:06:05,269 DEBUG [watchdog.observers.inotify_buffer:52] in-event <InotifyEvent: src_path=b'/app/streamlit.log', wd=1, mask=IN_MODIFY, cookie=0, name='streamlit.log'>
2026-02-01 00:06:05,270 DEBUG [watchdog.observers.inotify_buffer:52] in-event <InotifyEvent: src_path=b'/app/streamlit.log', wd=1, mask=IN_MODIFY, cookie=0, name='streamlit.log'>
2026-02-01 00:06:05,270 DEBUG [watchdog.observers.inotify_buffer:52] in-event <InotifyEvent: src_path=b'/app/streamlit.log', wd=1, mask=IN_MODIFY, cookie=0, name='streamlit.log'>
2026-02-01 00:06:05,270 DEBUG [watchdog.observers.inotify_buffer:52] in-event <InotifyEvent: src_path=b'/app/streamlit.log', wd=1, mask=IN_MODIFY, cookie=0, name='streamlit.log'>
2026-02-01 00:06:05,270 DEBUG [watchdog.observers.inotify_buffer:52] in-event <InotifyEvent: src_path=b'/app/streamlit.log', wd=1, mask=IN_MODIFY, cookie=0, name='streamlit.log'>
2026-02-01 00:06:05,271 DEBUG [watchdog.observers.inotify_buffer:52] in-event <InotifyEvent: src_path=b'/app/streamlit.log', wd=1, mask=IN_MODIFY, cookie=0, name='streamlit.log'>
2026-02-01 00:06:05,271 DEBUG [watchdog.observers.inotify_buffer:52] in-event <InotifyEvent: src_path=b'/app/streamlit.log', wd=1, mask=IN_MODIFY, cookie=0, name='streamlit.log'>
2026-02-01 00:06:05,274 DEBUG [watchdog.observers.inotify_buffer:52] in-event <InotifyEvent: src_path=b'/app/streamlit.log', wd=1, mask=IN_MODIFY, cookie=0, name='streamlit.log'>
2026-02-01 00:06:05,274 DEBUG [watchdog.observers.inotify_buffer:52] in-event <InotifyEvent: src_path=b'/app/streamlit.log', wd=1, mask=IN_MODIFY, cookie=0, name='streamlit.log'>
2026-02-01 00:06:05,275 DEBUG [watchdog.observers.inotify_buffer:52] in-event <InotifyEvent: src_path=b'/app/streamlit.log', wd=1, mask=IN_MODIFY, cookie=0, name='streamlit.log'>
2026-02-01 00:06:05,275 DEBUG [watchdog.observers.inotify_buffer:52] in-event <InotifyEvent: src_path=b'/app/streamlit.log', wd=1, mask=IN_MODIFY, cookie=0, name='streamlit.log'>
2026-02-01 00:06:05,277 DEBUG [watchdog.observers.inotify_buffer:52] in-event <InotifyEvent: src_path=b'/app/streamlit.log', wd=1, mask=IN_MODIFY, cookie=0, name='streamlit.log'>
2026-02-01 00:06:05,282 DEBUG [watchdog.observers.inotify_buffer:52] in-event <InotifyEvent: src_path=b'/app/streamlit.log', wd=1, mask=IN_MODIFY, cookie=0, name='streamlit.log'>
2026-02-01 00:06:05,283 DEBUG [watchdog.observers.inotify_buffer:52] in-event <InotifyEvent: src_path=b'/app/streamlit.log', wd=1, mask=IN_MODIFY, cookie=0, name='streamlit.log'>
2026-02-01 00:06:05,285 DEBUG [watchdog.observers.inotify_buffer:52] in-event <InotifyEvent: src_path=b'/app/streamlit.log', wd=1, mask=IN_MODIFY, cookie=0, name='streamlit.log'>
2026-02-01 00:06:05,285 DEBUG [watchdog.observers.inotify_buffer:52] in-event <InotifyEvent: src_path=b'/app/streamlit.log', wd=1, mask=IN_MODIFY, cookie=0, name='streamlit.log'>
2026-02-01 00:06:05,286 DEBUG [watchdog.observers.inotify_buffer:52] in-event <InotifyEvent: src_path=b'/app/streamlit.log', wd=1, mask=IN_MODIFY, cookie=0, name='streamlit.log'>
2026-02-01 00:06:05,286 DEBUG [watchdog.observers.inotify_buffer:52] in-event <InotifyEvent: src_path=b'/app/streamlit.log', wd=1, mask=IN_MODIFY, cookie=0, name='streamlit.log'>
2026-02-01 00:06:05,286 DEBUG [watchdog.observers.inotify_buffer:52] in-event <InotifyEvent: src_path=b'/app/streamlit.log', wd=1, mask=IN_MODIFY, cookie=0, name='streamlit.log'>
2026-02-01 00:06:05,286 DEBUG [watchdog.observers.inotify_buffer:52] in-event <InotifyEvent: src_path=b'/app/streamlit.log', wd=1, mask=IN_MODIFY, cookie=0, name='streamlit.log'>
2026-02-01 00:06:05,287 DEBUG [watchdog.observers.inotify_buffer:52] in-event <InotifyEvent: src_path=b'/app/streamlit.log', wd=1, mask=IN_MODIFY, cookie=0, name='streamlit.log'>
2026-02-01 00:06:05,287 DEBUG [watchdog.observers.inotify_buffer:52] in-event <InotifyEvent: src_path=b'/app/streamlit.log', wd=1, mask=IN_MODIFY, cookie=0, name='streamlit.log'>
2026-02-01 00:06:05,287 DEBUG [watchdog.observers.inotify_buffer:52] in-event <InotifyEvent: src_path=b'/app/streamlit.log', wd=1, mask=IN_MODIFY, cookie=0, name='streamlit.log'>
2026-02-01 00:06:05,287 DEBUG [watchdog.observers.inotify_buffer:52] in-event <InotifyEvent: src_path=b'/app/streamlit.log', wd=1, mask=IN_MODIFY, cookie=0, name='streamlit.log'>
2026-02-01 00:06:05,287 DEBUG [watchdog.observers.inotify_buffer:52] in-event <InotifyEvent: src_path=b'/app/streamlit.log', wd=1, mask=IN_MODIFY, cookie=0, name='streamlit.log'>
2026-02-01 00:06:05,288 DEBUG [watchdog.observers.inotify_buffer:52] in-event <InotifyEvent: src_path=b'/app/streamlit.log', wd=1, mask=IN_MODIFY, cookie=0, name='streamlit.log'>
2026-02-01 00:06:05,289 DEBUG [watchdog.observers.inotify_buffer:52] in-event <InotifyEvent: src_path=b'/app/streamlit.log', wd=1, mask=IN_MODIFY, cookie=0, name='streamlit.log'>
2026-02-01 00:06:05,289 DEBUG [watchdog.observers.inotify_buffer:52] in-event <InotifyEvent: src_path=b'/app/streamlit.log', wd=1, mask=IN_MODIFY, cookie=0, name='streamlit.log'>
  Stopping...
